1.250600069761276245e-01	-1.048118174076080322e-01	4.452172815799713135e-01	-6.969744339585304260e-03	-6.125843524932861328e-01	-2.947041690349578857e-01	-1.008384898304939270e-01	5.379861593246459961e-01	-9.999600052833557129e-02	5.831438302993774414e-02
-2.270264625549316406e-01	-1.750753261148929596e-02	5.554356053471565247e-02	-1.340938508510589600e-01	-1.392256915569305420e-01	-2.543662190437316895e-01	7.153493762016296387e-01	5.500528812408447266e-01	1.687651872634887695e-01	-1.535317953675985336e-02
5.456765890121459961e-01	-1.652512848377227783e-01	2.958932518959045410e-01	9.810170531272888184e-02	-1.361811012029647827e-01	1.550631672143936157e-01	6.084260717034339905e-02	-6.802209019660949707e-01	-4.395150393247604370e-02	-2.585116028785705566e-01
4.042631387710571289e-01	-2.975994050502777100e-01	4.911253973841667175e-02	2.002624571323394775e-01	-5.534101128578186035e-01	1.370100826025009155e-01	-3.572652041912078857e-01	-2.625197768211364746e-01	-2.229600697755813599e-01	3.663168847560882568e-01
-1.374309062957763672e-01	-5.152643322944641113e-01	-3.689962625503540039e-02	1.703846827149391174e-02	-2.694267630577087402e-01	1.730969250202178955e-01	5.280925035476684570e-01	2.548689842224121094e-01	3.945447206497192383e-01	3.345216810703277588e-01
-3.141082823276519775e-01	6.718161702156066895e-01	8.351150900125503540e-02	-4.266888797283172607e-01	2.789762020111083984e-01	-1.027487739920616150e-01	4.097809791564941406e-01	-2.322566695511341095e-02	6.173475459218025208e-02	1.746835187077522278e-02
-2.252666652202606201e-01	4.384551048278808594e-01	-2.337263524532318115e-01	-1.400894969701766968e-01	2.392351627349853516e-01	-2.095815241336822510e-01	7.408677935600280762e-01	-8.648031949996948242e-02	9.241648763418197632e-02	-1.292145848274230957e-01
1.143544241786003113e-01	-1.328731477260589600e-01	-5.682479143142700195e-01	5.200064182281494141e-01	3.507770299911499023e-01	2.108520418405532837e-01	2.609457671642303467e-01	-3.688097894191741943e-01	4.775178432464599609e-02	4.537662863731384277e-02
7.737843785434961319e-03	5.797794461250305176e-01	4.225148633122444153e-02	7.471526414155960083e-02	5.960064753890037537e-02	-7.902161777019500732e-02	5.564151406288146973e-01	1.421428471803665161e-01	2.860219478607177734e-01	-4.847892820835113525e-01
9.173380583524703979e-02	-1.346449851989746094e-01	-6.860612630844116211e-01	1.565269827842712402e-01	-1.216305792331695557e-02	-2.524323761463165283e-01	4.417311549186706543e-01	2.626391947269439697e-01	1.488925963640213013e-01	3.579525947570800781e-01
2.529816925525665283e-01	-2.304337918758392334e-01	-2.497628033161163330e-01	1.538147777318954468e-01	-4.692351520061492920e-01	2.369410991668701172e-01	1.203862652182579041e-01	6.124485135078430176e-01	-3.555688560009002686e-01	-6.724583357572555542e-02
-1.968728005886077881e-01	3.294585943222045898e-01	1.738951951265335083e-01	-2.407604604959487915e-01	-2.787798941135406494e-01	2.307910174131393433e-01	4.095351696014404297e-01	-3.781969249248504639e-01	5.657675862312316895e-01	5.162627995014190674e-02
2.976821959018707275e-01	1.086531579494476318e-01	-3.786796331405639648e-01	-1.066009029746055603e-01	-3.480002656579017639e-02	4.357055425643920898e-01	-2.222806215286254883e-01	-5.526540279388427734e-01	1.168277859687805176e-01	-4.304457604885101318e-01
3.507643043994903564e-01	3.109592199325561523e-01	8.108020573854446411e-02	-4.697216451168060303e-01	4.890371859073638916e-01	1.354812830686569214e-01	6.604655086994171143e-02	-2.644328176975250244e-01	4.304213523864746094e-01	1.897222250699996948e-01
5.310584306716918945e-01	2.274318337440490723e-01	4.734463989734649658e-01	-2.571014873683452606e-02	-4.761852622032165527e-01	-2.046962827444076538e-01	-3.000938296318054199e-01	-2.472640722990036011e-01	-7.074681669473648071e-02	-1.287840753793716431e-01
3.349832296371459961e-01	4.362555444240570068e-01	-3.235115706920623779e-01	-1.601249873638153076e-01	-1.649370491504669189e-01	2.724926769733428955e-01	-3.862475752830505371e-01	2.895353436470031738e-01	4.450132250785827637e-01	1.861623376607894897e-01
-1.283472031354904175e-01	-1.115014925599098206e-01	3.887079954147338867e-01	-1.347599476575851440e-01	-4.871428906917572021e-01	-1.596032232046127319e-01	-3.967183530330657959e-01	5.913593769073486328e-01	9.582563489675521851e-02	1.509466916322708130e-01
1.285025179386138916e-01	-7.898601293563842773e-01	3.390688896179199219e-01	2.247164249420166016e-01	-1.240201294422149658e-01	1.106761172413825989e-01	-3.932469785213470459e-01	2.422783896327018738e-02	-5.844508856534957886e-02	-8.869497478008270264e-02
5.294029712677001953e-01	-4.313554167747497559e-01	-1.041313484311103821e-01	4.665323793888092041e-01	-3.841572403907775879e-01	-7.816892117261886597e-02	1.040180772542953491e-01	1.403343379497528076e-01	2.734586298465728760e-01	2.149161100387573242e-01
6.440855264663696289e-01	-4.678628146648406982e-01	1.525196153670549393e-02	-1.791189461946487427e-01	1.269665956497192383e-01	3.364471793174743652e-01	3.737902343273162842e-01	-2.064859718084335327e-01	1.448726058006286621e-01	-3.579271212220191956e-02
-2.012165635824203491e-01	1.627547107636928558e-02	4.281508922576904297e-01	2.702305614948272705e-01	4.624349772930145264e-01	3.267644345760345459e-01	-2.434359639883041382e-01	4.686484932899475098e-01	-8.766802400350570679e-02	-3.093701601028442383e-01
4.589710235595703125e-01	-3.147814050316810608e-02	2.803628444671630859e-01	3.278614282608032227e-01	-2.272240221500396729e-01	4.423753917217254639e-01	1.903543323278427124e-01	-5.637409090995788574e-01	5.220959428697824478e-03	2.942273765802383423e-02
-4.035971462726593018e-01	-2.357613742351531982e-01	-4.074050188064575195e-01	2.357193827629089355e-01	-1.438693404197692871e-01	4.311820566654205322e-01	-1.591684063896536827e-03	3.508270084857940674e-01	-2.451548427343368530e-01	-4.125335216522216797e-01
-2.426799386739730835e-01	-3.171629905700683594e-01	-3.919873535633087158e-01	1.815328150987625122e-01	2.473479658365249634e-01	-4.135028421878814697e-01	3.616563677787780762e-01	-1.885612457990646362e-01	-3.651802837848663330e-01	3.493319749832153320e-01
8.571635931730270386e-02	-1.979767978191375732e-01	1.655373275279998779e-01	3.673599958419799805e-01	4.306223392486572266e-01	-5.239560604095458984e-01	1.142893582582473755e-01	-4.321522414684295654e-01	-3.509741723537445068e-01	9.019879251718521118e-02
5.415407419204711914e-01	4.714801907539367676e-02	-4.121463596820831299e-01	-1.402230560779571533e-01	-1.151089277118444443e-02	3.043617606163024902e-01	-1.213815733790397644e-01	-3.994938433170318604e-01	-4.077600240707397461e-01	-2.856885194778442383e-01
4.535660445690155029e-01	-1.887600123882293701e-01	-1.199586167931556702e-01	2.528378367424011230e-01	-5.916529297828674316e-01	4.246435761451721191e-01	-6.939618033356964588e-04	2.793347239494323730e-01	7.052881270647048950e-02	2.587517201900482178e-01
3.348017632961273193e-01	-8.607230335474014282e-02	1.870344765484333038e-02	-1.399109661579132080e-01	2.230348736047744751e-01	4.439454898238182068e-02	-2.102773189544677734e-01	5.009296536445617676e-01	5.004625320434570312e-01	-5.130781531333923340e-01
-3.447819650173187256e-01	2.285268390551209450e-03	-2.830765545368194580e-01	-3.065515458583831787e-01	-4.230720102787017822e-01	1.511511057615280151e-01	4.739319980144500732e-01	-3.667983710765838623e-01	-1.530942469835281372e-01	3.501242399215698242e-01
6.113181710243225098e-01	2.589605152606964111e-01	1.270781606435775757e-01	-4.865683615207672119e-02	1.060626134276390076e-01	-3.982491493225097656e-01	-2.222963124513626099e-01	-3.776035606861114502e-01	4.219231605529785156e-01	2.901969477534294128e-02
2.319087646901607513e-02	-1.716667562723159790e-01	-1.578762084245681763e-01	-4.974535107612609863e-01	-1.013533547520637512e-01	-1.472376286983489990e-01	-2.146778851747512817e-01	-4.992150366306304932e-01	2.112759798765182495e-01	5.707158446311950684e-01
2.879581153392791748e-01	-5.432128906250000000e-01	7.247127592563629150e-03	-4.744313657283782959e-01	3.487336337566375732e-01	-1.535148080438375473e-02	2.923233211040496826e-01	8.630130439996719360e-02	-1.858338713645935059e-01	3.841565549373626709e-01
3.139946758747100830e-01	-2.271919995546340942e-01	3.414080739021301270e-01	3.300108611583709717e-01	-2.700139582157135010e-01	4.111135005950927734e-01	-1.223796755075454712e-01	-1.535775214433670044e-01	5.856617093086242676e-01	2.898602560162544250e-02
1.721640080213546753e-01	-3.282415866851806641e-01	-6.535632610321044922e-01	6.146739050745964050e-02	4.826189577579498291e-01	3.284120857715606689e-01	-3.113518469035625458e-02	1.384529471397399902e-01	-2.535982728004455566e-01	-8.042185753583908081e-02
-1.381295770406723022e-01	3.316004872322082520e-01	2.742157131433486938e-02	5.040792226791381836e-01	-2.962747216224670410e-01	2.596634328365325928e-01	-1.113679856061935425e-01	2.848749160766601562e-01	-5.435470938682556152e-01	-2.681598961353302002e-01
-1.019337400794029236e-01	-1.632509529590606689e-01	1.242317184805870056e-01	-3.094737231731414795e-01	-4.166297912597656250e-01	5.637944210320711136e-03	1.024011746048927307e-01	6.500949859619140625e-01	-4.949260056018829346e-01	8.817428722977638245e-03
1.683972924947738647e-01	-3.918196260929107666e-01	-9.093763679265975952e-02	-2.322102338075637817e-01	3.601557612419128418e-01	-2.813726365566253662e-01	-5.479316115379333496e-01	2.163587808609008789e-01	-1.022361442446708679e-01	-4.353771209716796875e-01
3.524556756019592285e-01	-4.937154650688171387e-01	-1.031145304441452026e-01	-2.710051834583282471e-01	4.113766252994537354e-01	2.104527056217193604e-01	5.679265260696411133e-01	8.272034674882888794e-02	-7.079783827066421509e-02	-5.215133540332317352e-03
-1.251756846904754639e-01	5.709584951400756836e-01	4.404880702495574951e-01	8.578179031610488892e-02	-1.291870921850204468e-01	1.488930284976959229e-01	-2.583229243755340576e-01	-3.246667683124542236e-01	3.653827905654907227e-01	-3.353309035301208496e-01
1.536845862865447998e-01	-2.382858097553253174e-01	-5.242407321929931641e-01	4.676370695233345032e-02	5.046992897987365723e-01	-3.762330412864685059e-01	1.019873619079589844e-01	-2.430960386991500854e-01	-3.085849285125732422e-01	-2.856417894363403320e-01
6.456543803215026855e-01	-2.105321288108825684e-01	-1.320678591728210449e-01	-3.265884518623352051e-01	-3.470980823040008545e-01	-2.983846068382263184e-01	-2.172093279659748077e-02	2.210405766963958740e-01	-3.946444988250732422e-01	1.090794149786233902e-02
3.412042558193206787e-01	4.203142225742340088e-01	1.029701381921768188e-01	-2.904833555221557617e-01	-1.976300179958343506e-01	6.193773150444030762e-01	-2.035032957792282104e-01	3.000732958316802979e-01	7.879275828599929810e-02	2.271132320165634155e-01
3.142635822296142578e-01	-1.153240352869033813e-01	4.299709573388099670e-02	5.394256114959716797e-02	-6.169746518135070801e-01	1.717485785484313965e-01	-2.633292078971862793e-01	4.433084726333618164e-01	4.297843873500823975e-01	-1.498187035322189331e-01
2.964600920677185059e-01	2.106949090957641602e-01	-8.628936111927032471e-02	2.542271018028259277e-01	3.268982768058776855e-01	-9.722536429762840271e-03	3.737814426422119141e-01	-6.561666131019592285e-01	1.395474672317504883e-01	-3.145537376403808594e-01
-6.762983798980712891e-01	-4.744788110256195068e-01	8.256994932889938354e-02	-4.786142334342002869e-02	-2.035233527421951294e-01	3.265548646450042725e-01	2.377378055825829506e-03	3.189982473850250244e-01	6.025421619415283203e-02	2.343626320362091064e-01
-2.689828872680664062e-01	-3.029937744140625000e-01	1.674427688121795654e-01	-2.558403313159942627e-01	-4.984296858310699463e-01	-1.791062206029891968e-02	2.781049162149429321e-02	6.681267619132995605e-01	-1.187475956976413727e-02	-2.151530236005783081e-01
1.347106844186782837e-01	6.037987023591995239e-02	1.296222093515098095e-03	-1.480569392442703247e-01	5.959022641181945801e-01	-1.222352385520935059e-01	-4.377668499946594238e-01	-4.390904009342193604e-01	4.378331303596496582e-01	1.005268022418022156e-01
1.691497415304183960e-01	-8.470132201910018921e-02	-2.624557912349700928e-01	1.084357127547264099e-01	-6.974346041679382324e-01	-4.688382744789123535e-01	-4.598328098654747009e-02	2.165951430797576904e-01	3.505480289459228516e-01	-7.373239845037460327e-02
-2.838981449604034424e-01	-3.016493618488311768e-01	-3.131655976176261902e-03	-1.356089580804109573e-02	-5.782672166824340820e-01	5.463032051920890808e-03	5.368106365203857422e-01	-9.903970360755920410e-02	-3.301821351051330566e-01	2.946153581142425537e-01
-3.585990071296691895e-01	-4.179491102695465088e-01	2.349632382392883301e-01	3.890002667903900146e-01	-1.388061642646789551e-01	-1.067540496587753296e-01	-4.030908644199371338e-01	2.049181312322616577e-01	-5.047360658645629883e-01	1.733232662081718445e-02
3.655420541763305664e-01	-2.183920443058013916e-01	6.194778159260749817e-02	-1.210572421550750732e-01	3.919764459133148193e-01	4.343120157718658447e-01	4.471231102943420410e-01	4.313077628612518311e-01	7.524397689849138260e-03	2.681732475757598877e-01
-2.399369627237319946e-01	-5.054327845573425293e-01	4.509294331073760986e-01	4.116235375404357910e-01	-4.564910531044006348e-01	-2.354690879583358765e-01	-6.204253062605857849e-02	-1.395338028669357300e-01	-1.127651035785675049e-01	1.197166517376899719e-01
2.432346493005752563e-01	-1.173262372612953186e-01	3.324823379516601562e-01	-1.333424597978591919e-01	-7.370222806930541992e-01	-3.670845031738281250e-01	1.986352205276489258e-01	2.514014542102813721e-01	-1.085807755589485168e-01	-7.965651154518127441e-02
5.460332632064819336e-01	1.324679106473922729e-01	-3.280766308307647705e-01	3.092195987701416016e-01	-3.706732392311096191e-01	1.957822144031524658e-01	-2.974560260772705078e-01	6.647972017526626587e-02	-2.173375487327575684e-01	-4.064288139343261719e-01
2.899276912212371826e-01	-4.604341089725494385e-01	-1.262087374925613403e-01	-1.444434076547622681e-01	3.078249990940093994e-01	9.963478893041610718e-02	3.908198475837707520e-01	4.448437392711639404e-01	2.493225634098052979e-01	-3.868834376335144043e-01
1.711859256029129028e-01	-3.486942648887634277e-01	1.730049997568130493e-01	1.069254279136657715e-01	2.793597579002380371e-01	-7.277486473321914673e-02	4.762792885303497314e-01	-5.703411102294921875e-01	-3.739669024944305420e-01	1.800657212734222412e-01
-4.949668422341346741e-02	1.299307942390441895e-01	1.519494503736495972e-01	4.527657330036163330e-01	2.752976715564727783e-01	9.302121400833129883e-02	5.279929041862487793e-01	-4.156141281127929688e-01	-4.646632671356201172e-01	-2.678441815078258514e-02
-1.835698960348963737e-03	8.746595680713653564e-02	4.529390931129455566e-01	-1.482474356889724731e-01	-1.450680047273635864e-01	-2.497795075178146362e-01	3.193169087171554565e-02	6.682187914848327637e-01	-2.918460667133331299e-01	3.860965371131896973e-01
-1.524557638913393021e-02	-3.883469998836517334e-01	3.822894394397735596e-01	-2.879907488822937012e-01	2.786775529384613037e-01	1.524415165185928345e-01	5.454268455505371094e-01	2.896186411380767822e-01	3.624601662158966064e-01	-7.889182120561599731e-02
5.629693269729614258e-01	4.540136158466339111e-01	-2.771149575710296631e-01	3.940635323524475098e-01	-3.511202633380889893e-01	8.812858164310455322e-02	2.690597474575042725e-01	1.742559075355529785e-01	5.108988657593727112e-02	-9.185789525508880615e-02
-1.407664120197296143e-01	3.383254110813140869e-01	3.918102085590362549e-01	5.254837274551391602e-01	1.517216712236404419e-01	-2.835477590560913086e-01	-3.594556748867034912e-01	-3.523097634315490723e-01	-5.171966552734375000e-02	2.768541276454925537e-01
-3.739835321903228760e-01	4.012855589389801025e-01	-4.273656904697418213e-01	2.797167003154754639e-01	2.714281380176544189e-01	-2.061733603477478027e-01	4.127647578716278076e-01	-1.402691453695297241e-01	3.557195365428924561e-01	-7.386577874422073364e-02
5.652061104774475098e-01	4.682241380214691162e-01	-1.022092998027801514e-01	-5.022348761558532715e-01	-2.422585785388946533e-01	1.571193337440490723e-01	7.976157963275909424e-02	1.090219542384147644e-01	3.205743432044982910e-02	3.097909390926361084e-01
4.672645330429077148e-01	-2.459579408168792725e-01	6.041301786899566650e-02	-5.236973762512207031e-01	-4.139860272407531738e-01	1.833917498588562012e-01	-3.683685958385467529e-01	1.249182149767875671e-01	2.531262859702110291e-02	2.937727272510528564e-01
-1.181548908352851868e-01	5.832020640373229980e-01	4.039419293403625488e-01	-3.668276965618133545e-01	3.469409644603729248e-01	-2.775416076183319092e-01	-2.244810611009597778e-01	-5.348403751850128174e-02	-5.835462734103202820e-02	3.068031966686248779e-01
-4.353472962975502014e-03	2.706466317176818848e-01	2.866098582744598389e-01	2.829191982746124268e-01	-3.733176365494728088e-02	2.634748518466949463e-01	-6.046229600906372070e-02	-7.069629430770874023e-02	-4.482266008853912354e-01	6.958228349685668945e-01
-2.969016730785369873e-01	-1.195816397666931152e-01	1.827419847249984741e-01	-4.535285755991935730e-02	-7.034973502159118652e-01	-4.154774919152259827e-02	1.974875479936599731e-01	3.850157260894775391e-01	-3.254359662532806396e-01	2.689169347286224365e-01
-4.022239148616790771e-01	-1.075050979852676392e-01	9.213243424892425537e-02	1.521488726139068604e-01	-1.662015467882156372e-01	-9.935283660888671875e-02	-1.339188963174819946e-01	2.792672514915466309e-01	-3.360523879528045654e-01	7.407233715057373047e-01
-2.156460285186767578e-01	5.321366190910339355e-01	-9.569835662841796875e-02	4.902722835540771484e-01	-2.908761203289031982e-01	1.373710632324218750e-01	-2.690731883049011230e-01	9.602332487702369690e-03	3.375778198242187500e-01	-3.617613315582275391e-01
-3.172655701637268066e-01	1.134394556283950806e-01	3.492569327354431152e-01	-4.764713943004608154e-01	-2.577615901827812195e-02	1.560693886131048203e-02	-7.510536909103393555e-02	2.810822613537311554e-02	1.491324007511138916e-01	7.126635909080505371e-01
-1.759331524372100830e-01	-4.361758232116699219e-01	5.123925805091857910e-01	4.590690508484840393e-02	-2.429008036851882935e-01	-3.349722921848297119e-01	-2.842251062393188477e-01	4.076708573848009109e-03	5.085437893867492676e-01	-5.932899937033653259e-02
2.993231713771820068e-01	-1.136439442634582520e-01	1.676735579967498779e-01	-6.631238460540771484e-01	9.799373894929885864e-02	5.802162736654281616e-02	-8.086505532264709473e-02	-9.581186622381210327e-02	4.286601841449737549e-01	-4.660528302192687988e-01
1.273000836372375488e-01	2.365923970937728882e-01	2.980094254016876221e-01	-3.378597497940063477e-01	4.591607749462127686e-01	1.805327683687210083e-01	-4.063640832901000977e-01	2.329947650432586670e-01	5.086200833320617676e-01	5.767571181058883667e-02
-2.695319242775440216e-03	-1.768844574689865112e-01	4.781310632824897766e-02	-5.997789502143859863e-01	-3.446039855480194092e-01	-1.955906599760055542e-01	3.835196197032928467e-01	-4.355747103691101074e-01	3.213531076908111572e-01	-9.795674681663513184e-02
8.560743927955627441e-02	-1.818250864744186401e-01	4.728566706180572510e-01	2.230953574180603027e-01	-3.467990756034851074e-01	3.388358354568481445e-01	2.581358551979064941e-01	-3.528222739696502686e-01	-1.824864745140075684e-01	4.761803746223449707e-01
2.300311923027038574e-01	-2.797992825508117676e-01	7.023147940635681152e-01	7.042013108730316162e-02	-4.412727057933807373e-01	1.730600297451019287e-01	-1.501000076532363892e-01	-1.945920586585998535e-01	2.061427943408489227e-02	2.917201817035675049e-01
3.377510607242584229e-01	3.361270129680633545e-01	-3.728894889354705811e-01	3.705237507820129395e-01	4.922631010413169861e-02	3.858553469181060791e-01	-1.139035597443580627e-01	2.177697569131851196e-01	3.995618522167205811e-01	3.539115786552429199e-01
-1.617165803909301758e-01	4.048805832862854004e-01	-2.543286085128784180e-01	-3.800613880157470703e-01	-3.081681132316589355e-01	-1.348457932472229004e-01	2.323727309703826904e-01	4.252123534679412842e-01	4.393395483493804932e-01	2.445750087499618530e-01
-1.503597050905227661e-01	-4.970726743340492249e-02	3.832713365554809570e-01	5.524902045726776123e-02	2.515868842601776123e-01	1.395654827356338501e-01	2.718645147979259491e-02	-5.052280426025390625e-01	4.092131555080413818e-02	6.960806250572204590e-01
4.458860307931900024e-02	-7.267814874649047852e-02	2.729634642601013184e-01	6.216598749160766602e-01	2.747259438037872314e-01	9.405983984470367432e-02	-1.087296679615974426e-01	-5.543372631072998047e-01	3.697150200605392456e-02	3.563133478164672852e-01
4.574576392769813538e-02	1.119561195373535156e-01	5.147891640663146973e-01	-1.371360272169113159e-01	-5.708851814270019531e-01	1.028158888220787048e-01	-3.577198982238769531e-01	3.512550890445709229e-01	2.198128402233123779e-01	2.557667195796966553e-01
-1.672276258468627930e-01	-5.510662496089935303e-02	6.657008528709411621e-01	-2.357310205698013306e-01	-1.464388915337622166e-03	5.741859674453735352e-01	1.301056891679763794e-01	1.657980829477310181e-01	-2.251996248960494995e-01	-2.131862044334411621e-01
-7.418747246265411377e-02	-1.585913598537445068e-01	8.149843215942382812e-01	-2.957039475440979004e-01	2.105240374803543091e-01	2.772744297981262207e-01	8.039242774248123169e-02	-6.462141126394271851e-02	-2.555199563503265381e-01	-1.434368342161178589e-01
-3.039127886295318604e-01	1.722547262907028198e-01	-5.857367515563964844e-01	-3.230539262294769287e-01	3.412593007087707520e-01	3.418777137994766235e-02	-3.314327895641326904e-01	3.455761373043060303e-01	-2.565113008022308350e-01	-1.334863901138305664e-01
3.191032633185386658e-02	-3.548781275749206543e-01	7.409418933093547821e-03	-5.583561062812805176e-01	1.637223213911056519e-01	-4.815426766872406006e-01	3.538296222686767578e-01	2.014396935701370239e-01	-3.480236530303955078e-01	1.250779330730438232e-01
2.678429782390594482e-01	-4.526835680007934570e-01	8.485168218612670898e-02	-5.054595470428466797e-01	1.340140849351882935e-01	-2.482252009212970734e-02	5.197737365961074829e-02	4.715183377265930176e-01	4.565100967884063721e-01	-9.295137226581573486e-02
-2.986511588096618652e-01	-2.228297740221023560e-01	-5.695441737771034241e-02	-4.006967842578887939e-01	-1.840744912624359131e-02	-2.233616709709167480e-01	-2.368672192096710205e-01	-2.355166077613830566e-01	4.439530372619628906e-01	-5.817688703536987305e-01
4.882671833038330078e-01	-3.048776090145111084e-01	-1.349921226501464844e-01	-4.575000405311584473e-01	2.792110145092010498e-01	2.811795799061655998e-03	4.695666432380676270e-01	2.865403592586517334e-01	-1.522720307111740112e-01	1.932974904775619507e-01
3.875158131122589111e-01	-1.647424697875976562e-01	1.825619190931320190e-01	-4.913823306560516357e-01	-2.191906720399856567e-01	7.604245096445083618e-02	1.736463904380798340e-01	6.435592174530029297e-01	-1.968197226524353027e-01	1.049731150269508362e-01
-2.506628334522247314e-01	-1.438728868961334229e-01	3.597688078880310059e-01	-6.065989732742309570e-01	1.195377558469772339e-01	8.362422883510589600e-02	-1.122077852487564087e-01	-5.753677487373352051e-01	-1.422396153211593628e-01	1.841737627983093262e-01
7.307143509387969971e-02	1.520453691482543945e-01	4.431821778416633606e-02	2.140519022941589355e-01	7.326858639717102051e-01	3.405580222606658936e-01	3.312951326370239258e-01	6.291146273724734783e-04	-2.774901092052459717e-01	2.901630401611328125e-01
2.365541160106658936e-01	4.637344181537628174e-02	-3.307662606239318848e-01	4.794752299785614014e-01	5.181844830513000488e-01	2.222386598587036133e-01	-5.445627495646476746e-02	-4.541213512420654297e-01	-1.043220385909080505e-01	-2.541826963424682617e-01
5.929420515894889832e-02	1.479389816522598267e-01	1.626569628715515137e-01	4.695201218128204346e-01	-1.610402464866638184e-01	2.013647109270095825e-01	-7.422645390033721924e-02	-2.136674523353576660e-01	-6.782298684120178223e-01	-3.873642683029174805e-01
2.319252192974090576e-01	-5.684869289398193359e-01	4.542032480239868164e-01	-3.638578578829765320e-02	-4.187962040305137634e-02	1.807786971330642700e-01	1.634290963411331177e-01	5.917731523513793945e-01	-3.311543539166450500e-02	5.452199280261993408e-02
5.150300264358520508e-01	-1.085768342018127441e-01	4.345159828662872314e-01	3.469739481806755066e-02	3.410336002707481384e-02	-2.406069487333297729e-01	3.541261553764343262e-01	7.547839730978012085e-02	-5.641674995422363281e-01	-1.565398871898651123e-01
2.507377862930297852e-01	-3.779953122138977051e-01	2.923223674297332764e-01	1.247055009007453918e-01	3.489394485950469971e-01	1.804810464382171631e-01	-3.451271653175354004e-01	2.211119532585144043e-01	-4.199586212635040283e-01	4.410732686519622803e-01
-3.039933443069458008e-01	3.794063031673431396e-01	2.614507377147674561e-01	4.150272309780120850e-01	7.146939635276794434e-02	-5.475117266178131104e-02	1.212043464183807373e-01	-3.173306286334991455e-01	5.188992023468017578e-01	-3.609481453895568848e-01
-4.321055114269256592e-01	1.573428064584732056e-01	-5.680360794067382812e-01	4.177620112895965576e-01	-9.269492328166961670e-02	1.154455989599227905e-01	4.008645415306091309e-01	6.544766575098037720e-02	8.788156555965542793e-04	3.231739401817321777e-01
3.001293241977691650e-01	-2.603128552436828613e-01	1.842235773801803589e-02	-2.241119593381881714e-01	4.493690729141235352e-01	-4.000376760959625244e-01	2.474872767925262451e-01	1.485524773597717285e-01	-6.201756745576858521e-02	-5.852069854736328125e-01
1.313523799180984497e-01	3.262468576431274414e-01	4.974431991577148438e-01	-1.320054382085800171e-01	-4.072829484939575195e-01	-5.029819607734680176e-01	-3.183725476264953613e-01	2.907968163490295410e-01	-2.102241478860378265e-02	-7.872938364744186401e-02
-6.007062196731567383e-01	-2.914723753929138184e-01	4.289121031761169434e-01	1.935593783855438232e-01	2.422044277191162109e-01	-2.399705797433853149e-01	1.691927015781402588e-01	-1.772819161415100098e-01	3.869701921939849854e-01	8.194553852081298828e-02
3.175410628318786621e-01	-5.366861224174499512e-01	-3.152504563331604004e-02	-4.918416142463684082e-01	3.733129501342773438e-01	-8.276613056659698486e-02	4.018268585205078125e-01	2.274769097566604614e-01	-2.678325399756431580e-02	-8.995996415615081787e-02
-3.542095720767974854e-01	-3.180822134017944336e-01	3.559954762458801270e-01	-1.246142666786909103e-02	9.929460287094116211e-02	1.306079328060150146e-01	-4.000966846942901611e-01	2.527014613151550293e-01	-3.864402770996093750e-01	4.962680637836456299e-01
-1.719579249620437622e-01	-4.161521792411804199e-01	1.085398867726325989e-01	-5.874568223953247070e-01	-5.982039496302604675e-02	-3.057548403739929199e-01	-1.882943361997604370e-01	4.722166061401367188e-01	-2.911591827869415283e-01	8.937751874327659607e-03
-1.385513097047805786e-01	2.080386132001876831e-01	2.678222656250000000e-01	9.158138185739517212e-02	-4.189982712268829346e-01	-4.019726514816284180e-01	-2.743791639804840088e-01	6.186841726303100586e-01	-6.849563680589199066e-03	2.493289560079574585e-01
-6.484463810920715332e-02	-3.238027989864349365e-01	3.865045309066772461e-01	-3.705288469791412354e-01	-3.504688739776611328e-01	-3.280956447124481201e-01	-2.380040138959884644e-01	1.230841428041458130e-01	3.093115091323852539e-01	-4.542301893234252930e-01
-6.849029660224914551e-02	-5.772390365600585938e-01	8.153457194566726685e-02	-5.591315627098083496e-01	-3.734695613384246826e-01	-5.603245273232460022e-02	-1.475397050380706787e-01	1.052487865090370178e-01	3.697696328163146973e-01	-1.750265210866928101e-01
1.159742623567581177e-01	2.762393653392791748e-01	1.250579804182052612e-01	5.801496505737304688e-01	7.485286891460418701e-02	-6.661686897277832031e-01	2.066213488578796387e-01	-1.858387887477874756e-01	-3.148229792714118958e-02	-1.744285821914672852e-01
-2.217493355274200439e-01	-1.437883377075195312e-01	-7.976896315813064575e-02	-1.259091198444366455e-01	7.178005576133728027e-02	2.256933897733688354e-01	5.091198086738586426e-01	-4.471405744552612305e-01	4.173017442226409912e-01	-4.675121307373046875e-01
-3.159982562065124512e-01	3.373326957225799561e-01	-2.566180825233459473e-01	-2.561603188514709473e-01	-2.835141420364379883e-01	-4.391530454158782959e-01	-3.192291557788848877e-01	-3.750945329666137695e-01	-2.263057529926300049e-01	-2.963574528694152832e-01
-2.049838304519653320e-01	4.016935527324676514e-01	-3.105116784572601318e-01	-4.570954144001007080e-01	4.783066809177398682e-01	1.149280890822410583e-01	2.199998795986175537e-01	-8.879406005144119263e-02	-3.735131025314331055e-02	-4.377268552780151367e-01
8.593025803565979004e-02	-1.787945628166198730e-02	6.846535801887512207e-01	-4.204585850238800049e-01	9.912496805191040039e-02	-3.983906507492065430e-01	3.132686913013458252e-01	1.129489466547966003e-01	2.302807122468948364e-01	-1.195635572075843811e-01
2.088126987218856812e-01	-2.083364129066467285e-01	2.759117782115936279e-01	-4.454847574234008789e-01	1.050705760717391968e-01	1.342457532882690430e-01	4.637337848544120789e-02	1.848879307508468628e-01	-6.867671012878417969e-01	-3.183777928352355957e-01
-1.289861649274826050e-01	-1.830633133649826050e-01	2.327810227870941162e-01	2.305605113506317139e-01	3.046700358390808105e-01	5.067550539970397949e-01	3.273008167743682861e-01	-3.827711045742034912e-01	-1.951490789651870728e-01	-4.485062360763549805e-01
-2.340872734785079956e-01	-5.611152201890945435e-02	-5.367916822433471680e-01	-4.400267899036407471e-01	5.667420849204063416e-02	-3.600637018680572510e-01	5.473798513412475586e-01	1.524521559476852417e-01	4.687010496854782104e-02	-4.862743988633155823e-02
-5.483461618423461914e-01	-1.265707612037658691e-01	4.483453929424285889e-01	-3.724769875407218933e-02	-3.809530436992645264e-01	-1.865074932575225830e-01	7.667025178670883179e-02	-7.971661165356636047e-03	6.582890450954437256e-02	-5.391750335693359375e-01
-2.136358171701431274e-01	2.616457939147949219e-01	7.552920281887054443e-02	3.961779177188873291e-01	6.896007061004638672e-01	2.732088565826416016e-01	-6.942092627286911011e-02	1.971104890108108521e-01	-7.082421332597732544e-02	3.526465296745300293e-01
2.504166960716247559e-01	-1.966113299131393433e-01	6.210878491401672363e-01	3.184502720832824707e-01	2.880594730377197266e-01	-4.144806861877441406e-01	-3.147644400596618652e-01	-8.053159713745117188e-02	2.115928009152412415e-02	2.251500934362411499e-01
3.209188580513000488e-01	-5.668486952781677246e-01	6.874913722276687622e-02	-4.208040535449981689e-01	2.886919379234313965e-01	-3.641334176063537598e-02	5.512250661849975586e-01	7.045380026102066040e-02	1.485889125615358353e-02	-1.373139210045337677e-02
-8.693534880876541138e-02	2.280156612396240234e-01	-1.108618006110191345e-01	-5.142759084701538086e-01	1.801767945289611816e-01	-4.393723011016845703e-01	2.288149856030941010e-02	-1.412663161754608154e-01	2.178664058446884155e-01	6.084603071212768555e-01
-2.432573139667510986e-01	-5.871903896331787109e-01	3.322202861309051514e-01	-3.867383897304534912e-01	-5.142921209335327148e-02	-3.944864273071289062e-01	-3.782187700271606445e-01	-1.111117824912071228e-01	-3.342902660369873047e-02	1.460107862949371338e-01
-2.705342769622802734e-01	-6.913118064403533936e-02	8.146905153989791870e-02	-2.256816774606704712e-01	-1.976314038038253784e-01	2.756504416465759277e-01	3.286532461643218994e-01	2.296837717294692993e-01	6.271312236785888672e-01	4.419956505298614502e-01
-2.269766665995121002e-02	-1.303495019674301147e-01	-3.675639331340789795e-01	-2.561615109443664551e-01	-1.123547852039337158e-01	-5.671881437301635742e-01	-1.445282250642776489e-01	-4.318956285715103149e-02	4.467633068561553955e-01	4.744414389133453369e-01
2.733812630176544189e-01	-2.345786839723587036e-01	5.553020238876342773e-01	-3.024420887231826782e-02	-5.872696638107299805e-01	-1.881766021251678467e-01	3.843737840652465820e-01	1.154267564415931702e-01	-1.110655367374420166e-01	8.521860837936401367e-02
6.168572902679443359e-01	-4.766100347042083740e-01	-6.603600829839706421e-02	1.080950200557708740e-01	6.621451675891876221e-02	-1.116453185677528381e-01	-1.908918470144271851e-01	3.737904727458953857e-01	3.369762897491455078e-01	-2.640524506568908691e-01
8.698848634958267212e-02	-3.997863233089447021e-01	5.239180922508239746e-01	7.814046740531921387e-02	-9.804461151361465454e-02	3.495056927204132080e-01	-2.111301571130752563e-01	5.465589761734008789e-01	2.743375599384307861e-01	4.095089808106422424e-02
-5.498377084732055664e-01	3.504443168640136719e-02	1.425713151693344116e-01	3.362313807010650635e-01	-1.971298083662986755e-02	3.722156286239624023e-01	-3.171567618846893311e-01	2.616693973541259766e-01	2.671227157115936279e-01	-4.286322295665740967e-01
3.277573883533477783e-01	9.648974984884262085e-02	2.619485557079315186e-01	4.479991793632507324e-01	-4.650348126888275146e-01	3.338314890861511230e-01	-2.956689596176147461e-01	-3.087005615234375000e-01	-2.503578364849090576e-01	2.021096646785736084e-01
-5.130788683891296387e-01	-3.125970959663391113e-01	2.450841218233108521e-01	3.885132372379302979e-01	-1.701284348964691162e-01	-4.274486601352691650e-01	3.534612953662872314e-01	2.792395092546939850e-02	-2.131062000989913940e-01	2.126955687999725342e-01
-2.097192406654357910e-02	6.906028091907501221e-02	4.421229064464569092e-01	-3.801284730434417725e-01	-3.065450787544250488e-01	-7.152503728866577148e-02	-9.475437551736831665e-02	-1.078602597117424011e-01	5.483225584030151367e-01	4.842157661914825439e-01
4.467226862907409668e-01	-4.839400947093963623e-01	-1.965882070362567902e-02	5.758584737777709961e-01	-1.043917089700698853e-01	1.413571238517761230e-01	3.247256577014923096e-01	7.260441035032272339e-02	-2.497229725122451782e-02	3.033482134342193604e-01
-1.872075349092483521e-02	-4.073562473058700562e-02	-3.137305974960327148e-01	-2.418549805879592896e-01	-2.948952913284301758e-01	7.236760258674621582e-01	-7.292562723159790039e-02	4.872480873018503189e-03	-4.679265916347503662e-01	7.811494916677474976e-02
3.842502832412719727e-01	-1.187774073332548141e-02	6.271694898605346680e-01	9.016434103250503540e-02	-5.241438001394271851e-02	-4.638333022594451904e-01	2.385237067937850952e-01	2.671194374561309814e-01	9.458334743976593018e-02	3.092869222164154053e-01
-1.281047314405441284e-01	6.382405012845993042e-02	9.027437865734100342e-02	-4.414933025836944580e-01	-5.764015316963195801e-01	-4.694292545318603516e-01	9.391545504331588745e-02	3.234207332134246826e-01	-2.086092233657836914e-01	-2.586666345596313477e-01
3.347542881965637207e-01	2.607756853103637695e-01	1.660512983798980713e-01	-9.640500694513320923e-02	6.586056202650070190e-02	-3.915505409240722656e-01	-2.074046730995178223e-01	2.069556340575218201e-02	-7.061434984207153320e-01	-2.886790335178375244e-01
-1.538103967905044556e-01	5.123693346977233887e-01	2.962980419397354126e-02	-5.065142735838890076e-02	1.874251477420330048e-02	-6.633111834526062012e-01	-3.331855311989784241e-02	4.473332688212394714e-02	-5.155977606773376465e-01	-3.303276374936103821e-02
2.976526319980621338e-01	-5.719886422157287598e-01	6.914637982845306396e-02	-1.941876858472824097e-01	5.893869996070861816e-01	-1.493697706609964371e-02	-1.209478974342346191e-01	3.218875527381896973e-01	-2.253612130880355835e-01	1.584744006395339966e-01
2.884543538093566895e-01	-2.222440540790557861e-01	-1.096972748637199402e-01	-3.075207024812698364e-02	5.176286771893501282e-02	2.545622587203979492e-01	7.815574407577514648e-01	3.495803177356719971e-01	7.656501978635787964e-02	-2.191812247037887573e-01
3.621993660926818848e-01	-2.723717391490936279e-01	-4.213385283946990967e-02	1.807427406311035156e-01	-1.622163206338882446e-01	6.921042203903198242e-01	3.871279954910278320e-01	4.861146211624145508e-03	7.423057407140731812e-02	-3.153687715530395508e-01
-1.470281630754470825e-01	9.635480493307113647e-02	-6.099317073822021484e-01	-1.009633541107177734e-01	-4.354146420955657959e-01	4.698762297630310059e-01	3.382499516010284424e-02	3.278898894786834717e-01	-1.297618597745895386e-01	-2.258859872817993164e-01
5.865604877471923828e-01	-5.976231098175048828e-01	-9.541679918766021729e-02	-1.684313565492630005e-01	-3.760268539190292358e-02	-1.469302922487258911e-01	1.245108395814895630e-01	9.261078201234340668e-03	-3.225125372409820557e-01	-3.445490896701812744e-01
1.776355803012847900e-01	9.809628129005432129e-02	2.944737076759338379e-01	2.899894118309020996e-01	2.227432653307914734e-02	-1.457931399345397949e-01	5.238104462623596191e-01	6.514716148376464844e-01	1.450984030961990356e-01	2.154437899589538574e-01
4.282474219799041748e-01	-2.916850149631500244e-01	3.909319341182708740e-01	5.260020494461059570e-01	7.477913796901702881e-02	-3.525098860263824463e-01	1.855802983045578003e-01	-5.060316249728202820e-02	-3.664779663085937500e-01	-2.925951592624187469e-02
4.242774844169616699e-01	-6.229528784751892090e-01	-6.080660223960876465e-02	-2.560236155986785889e-01	2.978002429008483887e-01	1.105170994997024536e-01	4.112401306629180908e-01	2.977618277072906494e-01	-5.806825309991836548e-02	2.492411434650421143e-02
2.944172918796539307e-01	1.134404987096786499e-01	7.108927965164184570e-01	2.880704589188098907e-02	-3.164909034967422485e-02	-5.359395742416381836e-01	2.491742223501205444e-01	9.081900864839553833e-02	1.579943858087062836e-02	1.882358640432357788e-01
3.103033304214477539e-01	2.709193527698516846e-01	-1.317482814192771912e-02	1.797104179859161377e-01	4.936305880546569824e-01	3.001626431941986084e-01	-4.603813588619232178e-01	-2.465739101171493530e-01	3.880189657211303711e-01	-2.019104361534118652e-01
-2.870658934116363525e-01	2.591035962104797363e-01	6.242428421974182129e-01	1.488635838031768799e-01	-1.203112304210662842e-01	3.282913565635681152e-01	2.959510385990142822e-01	-1.194925233721733093e-01	-4.485758543014526367e-01	1.152523308992385864e-01
2.815406396985054016e-02	1.699496656656265259e-01	5.411323904991149902e-01	-7.988035678863525391e-02	-6.131619215011596680e-01	-2.434488534927368164e-01	-3.680707514286041260e-01	1.624630838632583618e-01	-1.914890557527542114e-01	1.932515799999237061e-01
-3.007220625877380371e-01	4.963640123605728149e-03	3.278764784336090088e-01	3.403560817241668701e-02	2.023539245128631592e-01	1.205381844192743301e-02	6.405035257339477539e-01	2.765000164508819580e-01	-4.894496500492095947e-01	1.831110715866088867e-01
-1.024520769715309143e-01	4.811301082372665405e-02	-6.999620199203491211e-01	-1.367690116167068481e-01	-2.152754813432693481e-01	3.509843945503234863e-01	-4.114891886711120605e-01	3.701442182064056396e-01	4.934552684426307678e-02	1.540938951075077057e-02
-2.361082136631011963e-01	-3.976445794105529785e-01	5.625010132789611816e-01	4.016172885894775391e-01	-1.510069966316223145e-01	-8.612685650587081909e-02	-8.253042399883270264e-02	3.499187827110290527e-01	6.977201998233795166e-02	-3.795844912528991699e-01
