1.712137758731842041e-01	2.424411028623580933e-01	2.645913511514663696e-02	2.526617050170898438e-01	-6.567942500114440918e-01	2.037503123283386230e-01	-4.542416334152221680e-01	-1.759674549102783203e-01	-3.654582202434539795e-01	-6.014560908079147339e-02
5.337550118565559387e-02	-1.411052495241165161e-01	-2.875959277153015137e-01	1.817201822996139526e-01	5.009840428829193115e-02	-2.672735750675201416e-01	-7.041984796524047852e-02	-4.752273857593536377e-01	2.126844078302383423e-01	7.152111530303955078e-01
4.446435347199440002e-02	-4.057243168354034424e-01	-6.339909881353378296e-02	9.919997304677963257e-02	-2.429574429988861084e-01	-6.837333738803863525e-02	1.747563034296035767e-01	-2.166328579187393188e-01	-4.627785831689834595e-02	8.223357200622558594e-01
4.267306923866271973e-01	-4.917987883090972900e-01	-3.070946549996733665e-03	4.026451706886291504e-02	2.336020814254879951e-03	8.501446992158889771e-02	4.372830316424369812e-02	-3.171065151691436768e-01	-1.408023238182067871e-01	6.669912934303283691e-01
-1.281920522451400757e-01	-5.599792003631591797e-01	-1.530037820339202881e-01	9.531176090240478516e-02	3.934005796909332275e-01	-3.776919841766357422e-02	-2.905180305242538452e-02	-6.226132512092590332e-01	-6.685592234134674072e-02	-2.972271144390106201e-01
-3.551234304904937744e-01	-2.592393755912780762e-01	-1.436527073383331299e-01	3.935974240303039551e-01	-3.408536911010742188e-01	-2.098480165004730225e-01	-3.982774168252944946e-02	-4.502310454845428467e-01	4.076898992061614990e-01	3.168667256832122803e-01
-3.360331356525421143e-01	-2.879139184951782227e-01	5.200437903404235840e-01	1.252159029245376587e-01	-4.540577828884124756e-01	7.598624378442764282e-02	-1.032568663358688354e-01	-4.808429777622222900e-01	6.801121681928634644e-02	2.441780269145965576e-01
1.957382708787918091e-01	-1.266216933727264404e-01	4.959488511085510254e-01	4.182180464267730713e-01	-1.376656740903854370e-01	-6.180641055107116699e-01	2.329026013612747192e-01	4.424389451742172241e-03	-7.464009523391723633e-02	-2.529672682285308838e-01
5.908900499343872070e-01	-1.451211422681808472e-01	6.731377542018890381e-02	3.058177232742309570e-01	2.289569973945617676e-01	-5.983014702796936035e-01	1.718194633722305298e-01	-1.673516333103179932e-01	2.104775458574295044e-01	-1.397064030170440674e-01
1.809536069631576538e-01	2.380811125040054321e-01	3.041170239448547363e-01	-1.821606159210205078e-01	-5.418387055397033691e-01	-1.891511231660842896e-01	-2.327640652656555176e-01	-2.719328105449676514e-01	-5.372533202171325684e-01	1.968972384929656982e-01
-1.090654283761978149e-01	2.302223592996597290e-01	4.660593718290328979e-02	1.288729161024093628e-01	-1.419522054493427277e-02	-2.822453975677490234e-01	-2.664415240287780762e-01	-6.215987205505371094e-01	-5.977773070335388184e-01	1.474596560001373291e-01
-5.572324991226196289e-02	-3.629140555858612061e-01	-3.749785199761390686e-02	6.087204217910766602e-01	-1.357150822877883911e-01	-8.318085223436355591e-02	-1.264523416757583618e-01	-3.555438295006752014e-02	3.726053237915039062e-01	-5.584041476249694824e-01
1.650584936141967773e-01	-1.836066246032714844e-01	7.683669030666351318e-02	4.644009768962860107e-01	-4.348349571228027344e-01	-3.640740737318992615e-02	-2.916471660137176514e-01	-2.256915569305419922e-01	1.333052963018417358e-01	-6.109829545021057129e-01
2.728919982910156250e-01	-3.674347996711730957e-01	3.582420647144317627e-01	1.985450834035873413e-01	-2.923336327075958252e-01	1.143046692013740540e-01	3.587215840816497803e-01	-1.551513820886611938e-01	2.285270020365715027e-02	6.090685129165649414e-01
4.545306265354156494e-01	-4.266573190689086914e-01	-2.495484203100204468e-01	2.273582667112350464e-01	-3.126380145549774170e-01	3.206275701522827148e-01	1.812232881784439087e-01	3.600399792194366455e-01	-1.592745631933212280e-01	3.301748931407928467e-01
-4.804028272628784180e-01	-5.271053910255432129e-01	6.609424203634262085e-02	-3.245270997285842896e-02	2.147560706362128258e-03	5.222689360380172729e-02	-3.813326954841613770e-01	-4.078339040279388428e-01	-3.527488708496093750e-01	2.168967723846435547e-01
-5.345264077186584473e-01	-5.289132595062255859e-01	4.439288675785064697e-01	-7.394205033779144287e-02	2.313972450792789459e-02	-1.234370842576026917e-01	6.421421468257904053e-02	-2.882054448127746582e-01	2.790173292160034180e-01	-2.262374013662338257e-01
4.697670415043830872e-02	-6.672072410583496094e-01	1.158834844827651978e-01	3.548514842987060547e-02	1.315420866012573242e-01	2.968903183937072754e-01	1.989518254995346069e-01	-4.085842072963714600e-01	-6.548608094453811646e-02	4.708300828933715820e-01
1.317194253206253052e-01	-5.515142083168029785e-01	3.340532779693603516e-01	4.088793098926544189e-01	3.902888894081115723e-01	-1.295085549354553223e-01	-4.319368675351142883e-02	-4.165858924388885498e-01	1.964207291603088379e-01	1.289168000221252441e-01
-3.175804018974304199e-01	3.801570460200309753e-02	6.752263307571411133e-01	-1.245602294802665710e-01	1.589887738227844238e-01	-4.093699622899293900e-03	-6.223908066749572754e-02	-3.384312093257904053e-01	4.743481278419494629e-01	-2.398789972066879272e-01
-1.965827345848083496e-01	-3.166757822036743164e-01	1.638822704553604126e-01	4.840213060379028320e-01	2.577175498008728027e-01	3.036363124847412109e-01	1.851173676550388336e-02	-5.509302616119384766e-01	3.295075893402099609e-01	1.699473112821578979e-01
1.472306344658136368e-02	-9.494233131408691406e-02	4.369904398918151855e-01	1.015208959579467773e-01	6.705538630485534668e-01	-2.585612833499908447e-01	6.178286299109458923e-02	-3.882172107696533203e-01	3.441409170627593994e-01	-6.553802173584699631e-03
-5.747309327125549316e-01	2.673695981502532959e-01	-1.702632382512092590e-02	-6.026837602257728577e-02	3.462553918361663818e-01	3.827953636646270752e-01	1.834583654999732971e-02	-3.893922567367553711e-01	2.657945752143859863e-01	3.244085609912872314e-01
-7.267704606056213379e-02	-2.953485548496246338e-01	5.839921832084655762e-01	3.137850165367126465e-01	3.994964659214019775e-01	-9.906805306673049927e-02	1.683883517980575562e-01	-3.683056831359863281e-01	3.633853197097778320e-01	5.014771595597267151e-02
3.206354379653930664e-01	3.249096572399139404e-01	-1.761847436428070068e-01	6.281613111495971680e-01	2.786401212215423584e-01	1.228867247700691223e-01	9.892705827951431274e-02	-4.594655334949493408e-01	1.605829596519470215e-01	1.630201786756515503e-01
2.298498749732971191e-01	-1.809285134077072144e-01	4.276793003082275391e-01	-8.637445978820323944e-03	-1.562304943799972534e-01	-5.416103601455688477e-01	-1.795745044946670532e-01	-3.929105401039123535e-01	-4.726586341857910156e-01	-6.056624278426170349e-02
2.944767773151397705e-01	-5.173735320568084717e-02	3.226222097873687744e-01	2.191094160079956055e-01	-4.030413627624511719e-01	-1.717481911182403564e-01	-9.722457081079483032e-02	-2.983790338039398193e-01	6.045738607645034790e-02	-6.814947128295898438e-01
2.683369517326354980e-01	-4.250349476933479309e-02	2.662927471101284027e-02	1.583317071199417114e-01	-6.063966155052185059e-01	-2.375894188880920410e-01	-2.573406696319580078e-01	6.817083805799484253e-02	-2.454244047403335571e-01	-5.874865055084228516e-01
4.812352359294891357e-01	1.484955549240112305e-01	-1.237150579690933228e-01	1.653072237968444824e-01	-4.281022250652313232e-01	1.905128010548651218e-03	-3.250797986984252930e-01	-3.696899116039276123e-01	-5.233134031295776367e-01	6.519466638565063477e-02
2.820932865142822266e-01	-3.999344706535339355e-01	1.675550043582916260e-01	-1.185004934668540955e-01	-5.533626675605773926e-01	9.666845202445983887e-02	3.067094087600708008e-01	1.653045713901519775e-01	-1.670610904693603516e-01	-5.034857988357543945e-01
1.107186302542686462e-01	-8.356047272682189941e-01	1.336650364100933075e-02	-6.393523514270782471e-02	8.756727725267410278e-02	1.065266355872154236e-01	-2.649460136890411377e-01	-3.792161643505096436e-01	-1.863413006067276001e-01	1.322854310274124146e-01
-3.362193703651428223e-01	-6.483771800994873047e-01	1.044774428009986877e-02	-5.079513415694236755e-02	2.378666214644908905e-02	8.026065677404403687e-02	-2.282351851463317871e-01	-4.789825677871704102e-01	-3.709056079387664795e-01	1.943710148334503174e-01
2.468572109937667847e-01	-6.064182519912719727e-01	2.578581273555755615e-01	6.005034595727920532e-02	-3.226515054702758789e-01	3.028361201286315918e-01	3.363657593727111816e-01	-9.128248691558837891e-02	1.103975400328636169e-01	4.144221842288970947e-01
1.017246693372726440e-01	-5.837754011154174805e-01	3.958097696304321289e-01	4.607801139354705811e-02	-2.673619687557220459e-01	2.794932425022125244e-01	3.393853902816772461e-01	-1.533682644367218018e-01	1.274463236331939697e-01	4.307249188423156738e-01
5.193093419075012207e-02	-4.359600543975830078e-01	3.132554292678833008e-01	5.060967803001403809e-01	1.657728850841522217e-01	-1.175642162561416626e-01	-2.351483404636383057e-01	-2.548567354679107666e-01	-4.684997200965881348e-01	2.682131230831146240e-01
-1.625118851661682129e-01	-2.622611820697784424e-01	5.086567401885986328e-01	-2.284673899412155151e-01	-3.303065001964569092e-01	-1.102797165513038635e-01	-1.519644558429718018e-01	-5.330120325088500977e-01	-3.849608600139617920e-01	-1.312475204467773438e-01
-3.986371457576751709e-01	-1.892153024673461914e-01	-1.710161715745925903e-01	1.193394213914871216e-01	3.601813316345214844e-02	-4.308804273605346680e-01	5.528663396835327148e-01	-3.537958860397338867e-01	-1.552420109510421753e-01	-3.462795019149780273e-01
1.666708141565322876e-01	-1.295358836650848389e-01	5.238823890686035156e-01	4.063154160976409912e-01	1.262558251619338989e-01	-2.232968434691429138e-02	-2.579803764820098877e-01	-6.422908306121826172e-01	-9.128319472074508667e-02	1.096961796283721924e-01
-5.725045204162597656e-01	-1.932066380977630615e-01	1.842010915279388428e-01	-2.149163633584976196e-01	1.618742197751998901e-01	2.356331348419189453e-01	-4.160934314131736755e-02	-3.440352529287338257e-02	6.775825619697570801e-01	-1.050306707620620728e-01
5.803705751895904541e-02	2.323395200073719025e-02	4.919113814830780029e-01	2.821209728717803955e-01	5.520271658897399902e-01	-2.870787680149078369e-01	1.493217945098876953e-01	-4.991840422153472900e-01	6.561015266925096512e-03	1.258962303400039673e-01
4.946209192276000977e-01	3.110752105712890625e-01	2.394791841506958008e-01	-1.785019487142562866e-01	-1.248941048979759216e-01	-2.354888617992401123e-01	6.756059825420379639e-02	-1.931634992361068726e-01	-6.529401540756225586e-01	1.735175698995590210e-01
-4.748692363500595093e-02	-2.078500688076019287e-01	6.003111600875854492e-01	-3.309120535850524902e-01	6.790160387754440308e-02	-5.680139660835266113e-01	-2.294302731752395630e-02	1.672918349504470825e-01	2.154504321515560150e-02	-3.583845198154449463e-01
4.785068929195404053e-01	-2.820286452770233154e-01	2.329355180263519287e-01	1.263268440961837769e-01	-3.566183447837829590e-01	-4.289338588714599609e-01	-2.728734314441680908e-01	-5.235124006867408752e-02	-3.559359014034271240e-01	-3.259167969226837158e-01
2.646670043468475342e-01	1.946597918868064880e-02	4.724573493003845215e-01	-2.589359181001782417e-03	-4.330943524837493896e-01	-2.220334708690643311e-01	-1.655935794115066528e-01	-1.074917986989021301e-01	-1.176215186715126038e-01	-6.454994082450866699e-01
-1.509010493755340576e-01	-3.045539259910583496e-01	5.139448642730712891e-01	-1.619556993246078491e-01	1.352095901966094971e-01	-6.237651705741882324e-01	4.469694197177886963e-02	-4.235577955842018127e-02	4.277159869670867920e-01	3.061732044443488121e-03
1.353194266557693481e-01	-1.383019834756851196e-01	2.308189719915390015e-01	-3.017877414822578430e-02	-6.442196965217590332e-01	3.865437582135200500e-02	-1.530129909515380859e-01	7.147032767534255981e-02	-1.087375134229660034e-01	-6.719486117362976074e-01
1.149256154894828796e-01	-3.568364083766937256e-01	-2.275481354445219040e-03	-3.675872087478637695e-01	-3.332687020301818848e-01	-6.411130726337432861e-02	3.088464438915252686e-01	3.792307376861572266e-01	-3.163553774356842041e-01	-5.194932222366333008e-01
-6.344002485275268555e-02	-3.986617624759674072e-01	4.190180003643035889e-01	-5.229209065437316895e-01	1.944426819682121277e-02	2.215846329927444458e-01	4.936369955539703369e-01	8.319507539272308350e-02	2.446758896112442017e-01	-1.675671935081481934e-01
6.592612862586975098e-01	-1.955156773328781128e-02	1.506706327199935913e-01	4.707615077495574951e-02	3.394076228141784668e-01	-3.614571690559387207e-02	6.366459131240844727e-01	4.712751507759094238e-02	4.256314039230346680e-02	-1.192463859915733337e-01
-4.784103929996490479e-01	-4.105787277221679688e-01	3.612666577100753784e-02	-3.385060429573059082e-01	-1.861811578273773193e-01	-1.211080700159072876e-01	-4.067472815513610840e-01	-2.528259456157684326e-01	-4.518346190452575684e-01	-6.170639395713806152e-02
-2.582395672798156738e-01	-6.921040415763854980e-01	-3.749203681945800781e-01	-3.334745168685913086e-01	1.101767420768737793e-01	-5.683487281203269958e-02	-3.097309172153472900e-01	-3.141907975077629089e-02	1.458252221345901489e-01	-2.626388370990753174e-01
-4.905494153499603271e-01	-2.695555984973907471e-01	1.767614185810089111e-01	-2.175623327493667603e-01	3.063528239727020264e-01	1.831541359424591064e-01	5.551870167255401611e-02	-7.759350538253784180e-02	6.806852221488952637e-01	-9.105002880096435547e-02
1.865618526935577393e-01	-7.384079694747924805e-02	5.170919895172119141e-01	2.845370583236217499e-02	-3.145516514778137207e-01	-4.298942163586616516e-02	-9.371703118085861206e-02	-1.388432383537292480e-01	2.852413617074489594e-02	-7.495889663696289062e-01
-1.829491555690765381e-01	1.290672123432159424e-01	-6.430098414421081543e-02	5.333771109580993652e-01	-1.720465421676635742e-01	-3.601047098636627197e-01	1.031409874558448792e-01	-4.424085617065429688e-01	-4.337508678436279297e-01	-3.278214037418365479e-01
-1.999830603599548340e-01	-3.586321175098419189e-01	-9.484163671731948853e-02	-4.173877239227294922e-01	-5.637861490249633789e-01	2.413815073668956757e-02	-1.142931431531906128e-01	4.485778808593750000e-01	-1.851217597723007202e-01	-2.849381268024444580e-01
6.153123974800109863e-01	-2.071933001279830933e-01	1.047763600945472717e-01	1.124173551797866821e-01	2.140900939702987671e-01	-6.805438548326492310e-02	-4.257108569145202637e-01	2.470100112259387970e-02	-5.478876233100891113e-01	-1.495298147201538086e-01
3.222548663616180420e-01	-4.306249618530273438e-01	1.363914906978607178e-01	-4.868931770324707031e-01	3.583943098783493042e-02	-8.400782197713851929e-02	1.165340840816497803e-01	3.994129300117492676e-01	-2.311588078737258911e-01	-4.692114293575286865e-01
5.842189788818359375e-01	1.438241172581911087e-02	1.021220311522483826e-01	2.635844349861145020e-01	-7.698251307010650635e-02	-3.658809959888458252e-01	5.710269808769226074e-01	1.607398092746734619e-01	-1.724268049001693726e-01	2.390405088663101196e-01
7.073715329170227051e-01	2.012169808149337769e-01	-4.212348163127899170e-01	1.798079460859298706e-01	-3.696959465742111206e-02	8.918116986751556396e-02	-4.511498510837554932e-01	9.612545371055603027e-02	1.690147258341312408e-02	-1.642726063728332520e-01
-1.919405013322830200e-01	-5.391308069229125977e-01	1.921932101249694824e-01	4.155580103397369385e-01	-4.418077468872070312e-01	-4.956118017435073853e-02	3.393961787223815918e-01	-2.306483834981918335e-01	-1.783832609653472900e-01	2.549722492694854736e-01
4.466528594493865967e-01	-3.567978143692016602e-01	7.326204329729080200e-02	-2.154439091682434082e-01	3.356033563613891602e-01	-1.832028925418853760e-01	-6.364693492650985718e-02	-4.799001812934875488e-01	-4.614455997943878174e-01	1.671322882175445557e-01
7.444380968809127808e-02	-1.917555332183837891e-01	-9.978850185871124268e-02	-4.302887618541717529e-02	5.457237958908081055e-01	-2.820963561534881592e-01	6.382803320884704590e-01	3.666950166225433350e-01	1.290720701217651367e-01	9.979662299156188965e-02
2.129757404327392578e-01	-5.068999528884887695e-01	4.613951742649078369e-01	-3.581484854221343994e-01	1.110258027911186218e-01	-3.441539704799652100e-01	3.553667068481445312e-01	-2.384294569492340088e-01	-2.047369331121444702e-01	-2.679386548697948456e-02
2.635302245616912842e-01	-1.918481737375259399e-01	6.685150265693664551e-01	-1.730280555784702301e-02	-3.798132017254829407e-02	-1.812442541122436523e-01	-1.129466965794563293e-01	2.863731980323791504e-01	2.991022765636444092e-01	-4.775075018405914307e-01
-2.124682664871215820e-01	8.060809224843978882e-02	7.176977396011352539e-01	-9.895270317792892456e-02	-5.970542430877685547e-01	-1.128837689757347107e-01	-1.324257440865039825e-02	-5.691294744610786438e-02	7.374489307403564453e-02	-2.130928635597229004e-01
3.678862452507019043e-01	-1.568019092082977295e-01	-1.961734145879745483e-01	1.964910328388214111e-01	-2.122820168733596802e-02	-2.547706067562103271e-01	2.769403159618377686e-01	2.478031665086746216e-01	-6.007481813430786133e-01	-4.456688463687896729e-01
4.431841671466827393e-01	2.154450118541717529e-01	4.048520699143409729e-02	-1.270268559455871582e-01	-2.366174310445785522e-01	1.252646297216415405e-01	3.291944563388824463e-01	4.991318583488464355e-01	5.027854442596435547e-01	-2.396300137042999268e-01
3.436155319213867188e-01	-1.999567449092864990e-01	-2.945330440998077393e-01	2.283763289451599121e-01	7.730808109045028687e-02	-1.831855326890945435e-01	3.125791251659393311e-01	1.245290692895650864e-02	-6.696277856826782227e-01	-3.424099087715148926e-01
6.263101696968078613e-01	-2.346208691596984863e-01	1.829860210418701172e-01	8.899791166186332703e-03	2.498133778572082520e-01	1.576892733573913574e-01	5.113613605499267578e-01	-1.356631144881248474e-02	-1.420670598745346069e-01	-3.872925043106079102e-01
-2.492496520280838013e-01	-1.605406701564788818e-01	-5.825603604316711426e-01	4.786966741085052490e-01	-3.626369833946228027e-01	-8.253860473632812500e-02	4.919004812836647034e-02	4.215442016720771790e-02	-4.346686303615570068e-01	-1.101016178727149963e-01
2.498856484889984131e-01	1.701920181512832642e-01	1.973648220300674438e-01	-4.490054547786712646e-01	4.959746301174163818e-01	-3.203403949737548828e-02	6.345491409301757812e-01	-9.037530422210693359e-02	9.082831442356109619e-02	4.411311075091362000e-02
8.480451256036758423e-02	-3.906331360340118408e-01	-9.943237155675888062e-02	3.291748464107513428e-01	-9.928686916828155518e-02	-4.651231467723846436e-01	-2.294782847166061401e-01	-9.711828082799911499e-02	-5.971181988716125488e-01	2.777252495288848877e-01
-1.479786038398742676e-01	-5.838318467140197754e-01	7.790713012218475342e-02	-5.461136102676391602e-01	4.801159501075744629e-01	1.298461258411407471e-01	1.376539319753646851e-01	1.138454750180244446e-01	1.323074102401733398e-01	-1.901237517595291138e-01
3.998767137527465820e-01	1.639603264629840851e-02	1.803907155990600586e-01	-5.646176338195800781e-01	4.594023525714874268e-01	3.238681005313992500e-03	-6.842937320470809937e-02	-7.545824348926544189e-02	-5.136033296585083008e-01	-5.718364194035530090e-02
1.672231405973434448e-01	-1.857667416334152222e-01	-3.316116631031036377e-01	-4.440629482269287109e-01	3.419503569602966309e-01	3.108193576335906982e-01	1.573754549026489258e-01	3.362045586109161377e-01	2.494061440229415894e-01	-4.656459391117095947e-01
4.822541177272796631e-01	2.872055768966674805e-01	-3.473557531833648682e-01	3.953289389610290527e-01	1.452871710062026978e-01	5.297407507896423340e-03	-2.625905573368072510e-01	5.480234026908874512e-01	1.161143556237220764e-01	6.403479725122451782e-02
6.154459118843078613e-01	-4.606875181198120117e-01	1.091184914112091064e-01	3.282604515552520752e-01	8.092474192380905151e-02	-3.568503558635711670e-01	1.017500087618827820e-01	-5.979721248149871826e-02	-2.784635722637176514e-01	-2.529225051403045654e-01
3.984002470970153809e-01	-3.044793009757995605e-01	5.107507109642028809e-01	-1.323337554931640625e-01	-1.837825775146484375e-01	-1.198036298155784607e-01	1.331185996532440186e-01	-4.999750852584838867e-02	1.468750648200511932e-02	-6.337397694587707520e-01
5.459416508674621582e-01	-7.259830832481384277e-02	4.203400313854217529e-01	6.941797677427530289e-03	2.026249021291732788e-01	2.140870690345764160e-01	3.327038586139678955e-01	8.040829747915267944e-02	5.355701446533203125e-01	-1.704716831445693970e-01
4.464872479438781738e-01	-2.219039350748062134e-01	-1.470621079206466675e-01	3.991483449935913086e-01	1.533952653408050537e-01	8.720745146274566650e-02	3.542177677154541016e-01	-3.951938077807426453e-02	-5.601315498352050781e-01	-3.139212131500244141e-01
2.905675172805786133e-01	1.509113460779190063e-01	4.058956503868103027e-01	-3.756848871707916260e-01	1.324342843145132065e-02	1.007734462618827820e-01	-3.522903919219970703e-01	2.934679090976715088e-01	-5.822073221206665039e-01	1.654626131057739258e-01
1.892533153295516968e-01	-3.467951118946075439e-01	-2.409107089042663574e-01	4.274338483810424805e-01	5.150377750396728516e-01	-1.633692532777786255e-01	2.795816361904144287e-01	-4.717939198017120361e-01	-4.241682216525077820e-02	9.311664849519729614e-02
1.208653673529624939e-01	9.904932975769042969e-02	6.556567549705505371e-02	5.101249217987060547e-01	1.688205152750015259e-01	-2.317189723253250122e-01	-1.878889650106430054e-01	-4.113050699234008789e-01	-6.117307543754577637e-01	2.239907383918762207e-01
2.253370434045791626e-01	-4.757192730903625488e-01	-3.799048066139221191e-02	-2.774182558059692383e-01	3.903273940086364746e-01	-3.041409552097320557e-01	3.635603487491607666e-01	4.134690761566162109e-01	2.454794943332672119e-01	1.904206871986389160e-01
1.353176087141036987e-01	1.678771227598190308e-01	-2.965906858444213867e-01	3.052021563053131104e-01	-1.561323553323745728e-01	-3.792780339717864990e-01	3.120787441730499268e-01	1.466077268123626709e-01	4.847093522548675537e-01	-5.003327131271362305e-01
-6.111040115356445312e-01	-1.392331272363662720e-01	-3.707340359687805176e-01	-7.024323940277099609e-02	-3.479650914669036865e-01	1.819479465484619141e-01	1.145853847265243530e-01	4.471153765916824341e-02	-2.577340304851531982e-01	-4.785890877246856689e-01
1.062960997223854065e-01	3.213032186031341553e-01	6.609315425157546997e-02	-3.830992579460144043e-01	4.120922684669494629e-01	4.451031684875488281e-01	1.130132526159286499e-01	-1.320804506540298462e-01	-4.362635016441345215e-01	3.819057643413543701e-01
1.603071205317974091e-02	6.007852964103221893e-03	6.661799550056457520e-02	-4.697606563568115234e-01	3.515430986881256104e-01	3.607397973537445068e-01	-5.492015928030014038e-02	2.510123327374458313e-02	-5.689263939857482910e-01	4.399483203887939453e-01
-1.047642342746257782e-02	-5.337585806846618652e-01	-1.583735942840576172e-01	-3.063987195491790771e-01	-2.082123309373855591e-01	-3.915421366691589355e-01	-5.036101490259170532e-02	-5.756111741065979004e-01	-2.093844674527645111e-02	-2.550871968269348145e-01
3.388474285602569580e-01	6.686875969171524048e-02	1.518198847770690918e-01	-5.685840249061584473e-01	1.194592863321304321e-01	1.829470247030258179e-01	-5.216851830482482910e-02	1.657689362764358521e-01	-6.033779978752136230e-01	3.039210438728332520e-01
2.598632872104644775e-01	-3.930643498897552490e-01	8.900384604930877686e-02	4.109039902687072754e-01	2.170932441949844360e-01	-8.311497420072555542e-02	1.175072491168975830e-01	3.701368868350982666e-01	-6.285913586616516113e-01	3.512423485517501831e-02
1.995812803506851196e-01	-4.587557017803192139e-01	3.060009777545928955e-01	2.697590589523315430e-01	9.181385487318038940e-02	-1.249399855732917786e-01	6.755076050758361816e-01	-2.988141588866710663e-02	1.277295947074890137e-01	-2.928242087364196777e-01
-3.617573156952857971e-02	-6.457451730966567993e-02	2.253442704677581787e-01	2.303222566843032837e-01	3.260630965232849121e-01	2.721686363220214844e-01	5.041894316673278809e-01	-3.466198146343231201e-01	-4.002836048603057861e-01	4.191907942295074463e-01
3.416370153427124023e-01	-4.518989007920026779e-03	1.878610625863075256e-02	-7.685868740081787109e-01	1.798160821199417114e-01	2.476069144904613495e-02	-3.113238811492919922e-01	-9.175547957420349121e-02	3.346980810165405273e-01	-2.046303898096084595e-01
1.594430357217788696e-01	3.813193738460540771e-01	-1.873246277682483196e-03	-2.195338159799575806e-01	-3.009580671787261963e-01	-5.079536437988281250e-01	-3.193084895610809326e-01	3.882461786270141602e-01	8.475053310394287109e-02	4.153392612934112549e-01
3.391103744506835938e-01	2.609100043773651123e-01	-2.305307537317276001e-01	1.657116413116455078e-01	-2.288210950791835785e-02	1.685354113578796387e-01	-3.977709412574768066e-01	-2.478280216455459595e-01	4.622771441936492920e-01	-5.235046148300170898e-01
1.396165490150451660e-01	-3.468744754791259766e-01	-4.531799852848052979e-01	1.223891675472259521e-01	3.038273155689239502e-01	-3.522069156169891357e-01	-4.950803220272064209e-01	-2.227291613817214966e-01	3.391978740692138672e-01	-1.170698404312133789e-01
-5.237434506416320801e-01	-6.041107233613729477e-03	2.124080359935760498e-01	3.303819596767425537e-01	-3.605015873908996582e-01	5.967694520950317383e-01	-5.908257141709327698e-02	-1.460007429122924805e-01	-1.028740033507347107e-01	-2.233866006135940552e-01
-3.166579306125640869e-01	-1.338327229022979736e-01	-4.437012672424316406e-01	3.149499297142028809e-01	3.193226456642150879e-01	-8.099354803562164307e-03	4.009471535682678223e-01	-7.231189403682947159e-03	-4.084113240242004395e-01	-3.951061069965362549e-01
-2.956927940249443054e-02	-1.843198090791702271e-01	-3.386457562446594238e-01	3.875557705760002136e-02	1.352520734071731567e-01	1.442714482545852661e-01	-6.020200848579406738e-01	6.301838755607604980e-01	-1.938779652118682861e-01	-1.127521544694900513e-01
3.130511641502380371e-01	3.042158782482147217e-01	5.527620762586593628e-02	-3.460974097251892090e-01	3.711164295673370361e-01	1.622886061668395996e-01	2.013397961854934692e-01	-5.821076780557632446e-02	-3.918254375457763672e-01	5.701705813407897949e-01
1.943303048610687256e-01	-3.416744470596313477e-01	1.116164848208427429e-01	-2.442709356546401978e-01	-1.011326014995574951e-01	1.100148260593414307e-01	-1.184803396463394165e-01	-1.448493450880050659e-01	-8.362328410148620605e-01	-1.293531954288482666e-01
2.181529849767684937e-01	-1.755153387784957886e-01	5.901211500167846680e-01	-4.564838707447052002e-01	-3.949110805988311768e-01	1.727262735366821289e-01	-1.728794351220130920e-02	-3.627999126911163330e-01	-7.866770774126052856e-02	-2.026887834072113037e-01
1.620956957340240479e-01	-4.537636414170265198e-02	-7.063274830579757690e-02	-8.123738169670104980e-01	1.810926496982574463e-01	2.042247503995895386e-01	-2.152044624090194702e-01	-6.780302524566650391e-02	-4.246934354305267334e-01	-3.080108202993869781e-02
-4.447656273841857910e-01	-2.237248420715332031e-01	5.752428770065307617e-01	3.665747046470642090e-01	1.787667870521545410e-01	3.537509739398956299e-01	-5.723254755139350891e-02	-2.187974154949188232e-01	-2.524372041225433350e-01	-1.219822466373443604e-01
1.824940294027328491e-01	-5.937955901026725769e-02	-4.296462237834930420e-01	-3.409937024116516113e-01	-2.887856066226959229e-01	-1.338116675615310669e-01	1.697464473545551300e-02	-6.615669131278991699e-01	3.339596986770629883e-01	-1.072696447372436523e-01
-2.822682559490203857e-01	3.912590444087982178e-02	4.084613919258117676e-01	4.711036980152130127e-01	1.511003673076629639e-01	1.268284395337104797e-02	-4.227665811777114868e-02	6.067831516265869141e-01	-3.513435423374176025e-01	1.166482195258140564e-01
6.169353723526000977e-01	1.761832088232040405e-01	-1.499874889850616455e-01	2.077940404415130615e-01	1.333999037742614746e-01	-3.980767130851745605e-01	-3.294458985328674316e-01	-1.201673299074172974e-01	-9.709644317626953125e-02	4.626148641109466553e-01
3.099948167800903320e-01	-4.782175123691558838e-01	4.256995394825935364e-02	3.972145915031433105e-01	1.734655946493148804e-01	1.322717685252428055e-02	4.362381994724273682e-02	-5.081714391708374023e-01	4.669606983661651611e-01	-8.462125808000564575e-02
-2.979562282562255859e-01	-1.022225152701139450e-02	1.498505622148513794e-01	5.311359763145446777e-01	2.230901718139648438e-01	-2.019167244434356689e-01	2.734539508819580078e-01	-4.778467714786529541e-01	3.921989798545837402e-01	2.430691570043563843e-01
-8.212872594594955444e-02	-5.328074097633361816e-01	9.305548667907714844e-02	3.255601227283477783e-01	-8.096480369567871094e-02	3.720175623893737793e-01	-1.686753183603286743e-01	1.881469190120697021e-01	-3.404290378093719482e-01	-5.196416378021240234e-01
-1.237378343939781189e-01	-2.342879325151443481e-01	-4.917353689670562744e-01	2.960591018199920654e-01	3.219146430492401123e-01	2.709749937057495117e-01	1.597884297370910645e-01	-3.700459003448486328e-01	6.116297841072082520e-02	-5.070301294326782227e-01
7.422278821468353271e-02	1.137927826493978500e-02	-4.638060927391052246e-01	-1.896836012601852417e-01	-2.285278290510177612e-01	3.484122157096862793e-01	-3.834228217601776123e-01	-9.219437837600708008e-02	-1.266897916793823242e-01	6.309407949447631836e-01
2.219595164060592651e-01	-4.391514062881469727e-01	-1.380191147327423096e-01	1.202344242483377457e-02	1.938577443361282349e-01	-2.493270933628082275e-01	1.925462037324905396e-01	-5.698196887969970703e-01	2.657050192356109619e-01	-4.545039236545562744e-01
2.844481766223907471e-01	-7.655658125877380371e-01	1.602177023887634277e-01	1.180402114987373352e-01	5.114485323429107666e-02	-3.342936560511589050e-02	8.135673403739929199e-02	4.942601621150970459e-01	-9.520574659109115601e-02	-1.722950190305709839e-01
2.754352092742919922e-01	-2.965635061264038086e-01	-3.052148520946502686e-01	5.284932255744934082e-01	-3.694038391113281250e-01	-3.197603821754455566e-01	-1.594560593366622925e-01	3.453682959079742432e-01	-2.791976034641265869e-01	4.859729111194610596e-02
-1.490269005298614502e-01	2.077497094869613647e-01	4.585684835910797119e-01	8.873728662729263306e-02	-9.573354572057723999e-02	2.505260333418846130e-02	-5.250868946313858032e-02	4.664854407310485840e-01	5.440797209739685059e-01	-4.362227916717529297e-01
3.937726095318794250e-02	-4.773854315280914307e-01	2.410525269806385040e-02	3.635649681091308594e-01	-3.785724043846130371e-01	-3.441658988595008850e-02	-2.744424343109130859e-02	-4.122983217239379883e-01	-1.334375590085983276e-01	5.520342588424682617e-01
2.650525867938995361e-01	1.853233873844146729e-01	2.801269292831420898e-01	-6.493665575981140137e-01	1.326585561037063599e-01	3.448684811592102051e-01	-4.420265555381774902e-02	8.993011713027954102e-02	-4.508229196071624756e-01	2.131647318601608276e-01
9.202648699283599854e-02	6.561811268329620361e-02	8.297485113143920898e-02	3.014452755451202393e-01	-2.356696501374244690e-02	-3.762322068214416504e-01	-3.959120512008666992e-01	2.384530007839202881e-01	-7.274277806282043457e-01	6.788034737110137939e-02
-7.642447203397750854e-02	-1.591101288795471191e-01	5.168278217315673828e-01	5.551100969314575195e-01	7.443720009177923203e-03	-3.895313143730163574e-01	1.674120426177978516e-01	3.460153937339782715e-01	-3.014374971389770508e-01	5.636418983340263367e-02
-3.028494715690612793e-01	-5.401460528373718262e-01	-5.186218023300170898e-01	-8.263305574655532837e-02	-2.116003483533859253e-01	-1.102980226278305054e-01	8.115155249834060669e-02	1.383388340473175049e-01	1.802941262722015381e-01	4.749295711517333984e-01
3.629052639007568359e-02	1.598096638917922974e-01	-6.188656091690063477e-01	3.649609684944152832e-01	2.036111801862716675e-01	2.396167665719985962e-01	-4.548488855361938477e-01	1.468549519777297974e-01	1.738969385623931885e-01	3.152538239955902100e-01
-6.058986485004425049e-02	-1.618575304746627808e-01	-4.795514643192291260e-01	-3.951643109321594238e-01	-8.433353155851364136e-02	-1.385264098644256592e-01	-4.858601391315460205e-01	-3.772403299808502197e-01	-8.122085779905319214e-02	-4.156172275543212891e-01
-3.627710938453674316e-01	9.577228128910064697e-02	-2.978323698043823242e-01	1.706333481706678867e-03	-2.296993322670459747e-02	-1.017548143863677979e-01	-7.584528326988220215e-01	3.413347005844116211e-01	2.019715309143066406e-02	-2.597462832927703857e-01
-1.878699362277984619e-01	-3.297190964221954346e-01	-5.875261425971984863e-01	6.046370267868041992e-01	1.571352481842041016e-01	2.819760143756866455e-01	-1.572579294443130493e-01	-7.749986648559570312e-02	7.921539247035980225e-02	6.327690929174423218e-02
2.282106876373291016e-01	2.522626146674156189e-02	-3.794542849063873291e-01	-3.481556177139282227e-01	3.013343214988708496e-01	-3.934203982353210449e-01	3.805024921894073486e-01	2.877975702285766602e-01	-3.184062838554382324e-01	3.278893828392028809e-01
1.435459963977336884e-02	-1.402125507593154907e-01	-8.724829554557800293e-01	2.433723360300064087e-01	3.152004629373550415e-02	3.062753379344940186e-01	-1.600694656372070312e-01	2.941561117768287659e-02	-1.107394397258758545e-01	1.616440564393997192e-01
6.330487728118896484e-01	5.015657097101211548e-02	-1.386880576610565186e-01	1.790128648281097412e-01	2.209884226322174072e-01	-1.303358674049377441e-01	3.895149827003479004e-01	9.291270375251770020e-02	1.941961497068405151e-01	-5.306254625320434570e-01
2.624824345111846924e-01	1.712503284215927124e-02	1.630072146654129028e-01	-8.268257975578308105e-02	1.148533299565315247e-01	4.191974401473999023e-01	4.747194051742553711e-01	4.932078123092651367e-01	4.118445515632629395e-01	-2.650578916072845459e-01
-3.616352975368499756e-01	1.186476498842239380e-01	1.303845643997192383e-01	-7.186115384101867676e-01	-9.944206103682518005e-03	2.775571048259735107e-01	2.118912935256958008e-01	-2.947704493999481201e-01	-2.965775728225708008e-01	-1.576621383428573608e-01
3.959505259990692139e-01	-1.306015998125076294e-01	5.647386312484741211e-01	-4.948336482048034668e-01	-1.365451216697692871e-01	-4.066990911960601807e-01	-5.395850539207458496e-02	-2.387893646955490112e-01	1.331417858600616455e-01	-2.586371824145317078e-02
-3.616776689887046814e-02	1.399541646242141724e-01	1.204740162938833237e-02	-2.268369197845458984e-01	3.455503582954406738e-01	-1.770854145288467407e-01	-4.016502201557159424e-01	1.367182135581970215e-01	-3.736915886402130127e-01	-6.760769486427307129e-01
3.966166973114013672e-01	1.222818493843078613e-01	-1.908427178859710693e-01	-2.262747883796691895e-01	-3.614432215690612793e-01	-1.781077086925506592e-01	-4.265166223049163818e-01	4.841821789741516113e-01	-1.971796154975891113e-01	-3.500411212444305420e-01
1.922251433134078979e-01	-2.244195044040679932e-01	5.514641106128692627e-02	1.064420714974403381e-01	5.558143020607531071e-04	-2.014595419168472290e-01	-4.966420829296112061e-01	4.090057909488677979e-01	3.495899140834808350e-01	5.670766234397888184e-01
3.951715528964996338e-01	1.859773695468902588e-01	1.660732179880142212e-01	5.030794143676757812e-01	-2.687251567840576172e-01	-2.608566284179687500e-01	-1.477227807044982910e-01	4.206040874123573303e-02	3.595539629459381104e-01	4.852350056171417236e-01
1.919109225273132324e-01	-4.906306043267250061e-02	2.389716356992721558e-01	3.536891043186187744e-01	-2.314631938934326172e-01	-7.167642116546630859e-01	-3.069683350622653961e-02	-3.494130074977874756e-01	2.905613183975219727e-01	-6.144786253571510315e-02
3.702560067176818848e-01	-1.086983531713485718e-01	-5.827421322464942932e-02	4.024588763713836670e-01	-1.290965229272842407e-01	-3.108903765678405762e-01	-6.670988202095031738e-01	-2.731715096160769463e-03	-4.825725778937339783e-02	3.536243140697479248e-01
1.535304933786392212e-01	4.200118184089660645e-01	-2.439277619123458862e-01	-5.815185140818357468e-03	4.512239620089530945e-02	-3.247913122177124023e-01	-6.769782304763793945e-01	3.199940919876098633e-01	7.760083768516778946e-03	2.687052786350250244e-01
-4.853393882513046265e-02	-9.802778065204620361e-02	-7.477170825004577637e-01	2.041015774011611938e-01	-1.138402707874774933e-02	4.476614296436309814e-01	-1.297705620527267456e-01	2.660976052284240723e-01	2.600900828838348389e-02	3.137538731098175049e-01
-1.461915522813796997e-01	5.124283432960510254e-01	-2.383174598217010498e-01	-1.645953394472599030e-02	3.415221571922302246e-01	-3.958826661109924316e-01	-4.178902208805084229e-01	6.857083737850189209e-02	-1.622054576873779297e-01	-4.242334365844726562e-01
8.211451768875122070e-02	-1.312667280435562134e-01	-7.951863408088684082e-01	3.127707242965698242e-01	2.604327797889709473e-01	2.656074166297912598e-01	2.803668007254600525e-02	2.965504229068756104e-01	-1.017022505402565002e-01	9.184425324201583862e-02
-4.156893119215965271e-03	-1.365568935871124268e-01	-7.669497728347778320e-01	2.988516688346862793e-01	2.519375681877136230e-01	4.327956587076187134e-02	-1.825892627239227295e-01	-2.812343537807464600e-01	-2.894203960895538330e-01	-2.055946737527847290e-01
-5.172381997108459473e-01	1.142475008964538574e-01	2.698017358779907227e-01	1.242154315114021301e-01	4.138466715812683105e-01	-1.978933438658714294e-02	4.227910339832305908e-01	4.544337987899780273e-01	-2.153384685516357422e-01	-1.670213043689727783e-01
-4.670930653810501099e-02	-9.634312242269515991e-02	4.063744544982910156e-01	-1.815900951623916626e-01	3.606661409139633179e-02	6.123117804527282715e-01	-7.428969442844390869e-02	-6.335262656211853027e-01	8.394838124513626099e-02	1.651724614202976227e-02
-7.028166204690933228e-02	-1.381871849298477173e-01	3.431752026081085205e-01	-5.092480778694152832e-01	5.022865533828735352e-01	1.533202826976776123e-01	5.578117370605468750e-01	-3.431370854377746582e-02	4.224956780672073364e-02	9.458764642477035522e-02
-3.027099370956420898e-02	-1.605942100286483765e-01	7.901050448417663574e-01	1.598356664180755615e-01	-5.258761346340179443e-02	2.016021609306335449e-01	2.566381692886352539e-01	1.106903851032257080e-01	1.368359476327896118e-01	-4.280552566051483154e-01
-1.953928768634796143e-01	-1.621032804250717163e-01	-3.841279447078704834e-01	-8.840274065732955933e-02	-3.150519728660583496e-02	-3.106561899185180664e-01	5.342900156974792480e-01	5.256430506706237793e-01	-3.299424946308135986e-01	1.097563654184341431e-01
-4.877730086445808411e-02	-2.186631597578525543e-02	3.382465839385986328e-01	3.424609452486038208e-02	1.908645182847976685e-01	2.927278280258178711e-01	7.748627662658691406e-01	3.356407880783081055e-01	1.968251913785934448e-01	-8.736692368984222412e-02
6.958188116550445557e-02	-1.689743548631668091e-01	-1.840278506278991699e-01	-3.281474411487579346e-01	3.112509846687316895e-01	1.345479190349578857e-01	7.601503133773803711e-01	3.745621442794799805e-02	-3.544716835021972656e-01	-7.208993285894393921e-02
-8.780608326196670532e-02	3.526833653450012207e-02	-2.569123506546020508e-01	-2.851647734642028809e-01	1.906314641237258911e-01	-1.737602949142456055e-01	8.461647629737854004e-01	1.917582303285598755e-01	-1.460001915693283081e-01	5.575085803866386414e-02
-1.754693537950515747e-01	2.823630571365356445e-01	-1.647727489471435547e-01	-3.412382006645202637e-01	-1.283210217952728271e-01	4.419191554188728333e-02	7.573387622833251953e-01	-2.319268696010112762e-02	-3.436895012855529785e-01	1.877401620149612427e-01
-5.390392541885375977e-01	5.354242771863937378e-02	1.095150560140609741e-01	-1.411241888999938965e-01	-2.663928270339965820e-01	1.367537528276443481e-01	5.305027961730957031e-01	-1.171271651983261108e-01	-5.219181776046752930e-01	1.320727020502090454e-01
-4.528362751007080078e-01	1.691940277814865112e-01	-1.256934553384780884e-01	2.122169435024261475e-01	-4.170841872692108154e-01	-4.726670086383819580e-01	4.624347984790802002e-01	-7.084493339061737061e-02	-2.482010982930660248e-02	2.976971864700317383e-01
6.292508244514465332e-01	1.313241720199584961e-01	-8.414161950349807739e-02	2.325100749731063843e-01	1.035363301634788513e-01	-4.628416597843170166e-01	-3.699604272842407227e-01	1.651918701827526093e-02	1.989437034353613853e-03	4.044339060783386230e-01
3.500057756900787354e-01	1.029247567057609558e-01	6.426824629306793213e-02	4.298003762960433960e-02	-2.459589838981628418e-01	-2.776782810688018799e-01	-4.674243330955505371e-01	2.274077087640762329e-01	3.562969863414764404e-01	5.711184144020080566e-01
-3.675187751650810242e-02	1.299292445182800293e-01	-1.678511686623096466e-02	8.772757649421691895e-02	-2.900216728448867798e-02	-3.557922542095184326e-01	-6.870924830436706543e-01	4.362991750240325928e-01	-2.052315883338451385e-02	4.283529222011566162e-01
1.296840012073516846e-01	-5.055902153253555298e-02	-4.278363585472106934e-01	3.692089021205902100e-02	-2.026491053402423859e-02	-2.571505606174468994e-01	-6.064866185188293457e-01	3.801150619983673096e-01	2.257071882486343384e-01	4.079515337944030762e-01
8.279288560152053833e-02	2.131313085556030273e-01	2.620208561420440674e-01	3.241983056068420410e-01	4.192780256271362305e-01	-4.348455667495727539e-01	3.631704747676849365e-01	-1.229187324643135071e-01	-2.436357736587524414e-01	-4.502398967742919922e-01
-2.106628417968750000e-01	2.405105829238891602e-01	-4.442622065544128418e-01	-5.529875680804252625e-02	1.813967376947402954e-01	-2.481282055377960205e-01	-4.078042507171630859e-01	4.706333577632904053e-01	-3.268726170063018799e-01	-3.289843201637268066e-01
-8.322336524724960327e-02	4.773214459419250488e-02	-8.222684860229492188e-01	2.531401813030242920e-01	-4.314812365919351578e-03	3.206182122230529785e-01	-2.956461310386657715e-01	1.291273683309555054e-01	1.245162561535835266e-01	1.678998619318008423e-01
-3.147235810756683350e-01	3.351885452866554260e-02	-1.322594583034515381e-01	6.165301427245140076e-02	4.876839816570281982e-01	-2.787843048572540283e-01	-4.983187615871429443e-01	-9.345496445894241333e-02	-3.497576117515563965e-01	-4.284737706184387207e-01
4.179873317480087280e-02	-3.431435823440551758e-01	-3.323633223772048950e-03	2.428607791662216187e-01	2.736187279224395752e-01	5.062535405158996582e-01	-1.841879934072494507e-01	-3.343528211116790771e-01	-2.161134332418441772e-01	-5.458307266235351562e-01
-2.043394744396209717e-01	1.434540450572967529e-01	-4.775155782699584961e-01	-2.866176329553127289e-02	-2.475075125694274902e-01	5.764791369438171387e-01	7.726902514696121216e-02	-3.383547961711883545e-01	4.331310689449310303e-01	-8.472550660371780396e-02
-2.352383881807327271e-01	-2.579104006290435791e-01	-1.387518942356109619e-01	6.391084194183349609e-01	-2.455311417579650879e-01	1.678495109081268311e-01	1.930032856762409210e-02	-5.485463738441467285e-01	-2.458974421024322510e-01	1.527306623756885529e-02
2.687981426715850830e-01	-2.007374614477157593e-01	8.217692375183105469e-01	3.580293655395507812e-01	-8.487550541758537292e-03	-1.465937495231628418e-01	-1.160706058144569397e-01	-2.151470333337783813e-01	-5.137159302830696106e-02	-9.456567349843680859e-04
-7.321946322917938232e-02	1.292807143181562424e-02	3.000188469886779785e-01	1.823465675115585327e-01	1.276514865458011627e-02	3.033192828297615051e-02	8.986443877220153809e-01	1.368220150470733643e-01	5.383675172924995422e-02	-2.023528218269348145e-01
-2.333858311176300049e-01	2.954266667366027832e-01	-4.175921902060508728e-02	-1.212931498885154724e-01	-8.353563398122787476e-02	3.382681310176849365e-01	8.188166022300720215e-01	-1.704005450010299683e-01	-1.439382284879684448e-01	1.339816953986883163e-02
-2.651612758636474609e-01	4.090174734592437744e-01	3.071705102920532227e-01	4.479682818055152893e-02	-1.812542378902435303e-01	5.732780694961547852e-01	4.976780712604522705e-01	-1.338331773877143860e-02	8.560197800397872925e-02	-2.221318930387496948e-01
2.962268590927124023e-01	-8.083210326731204987e-03	-4.977396130561828613e-01	3.316154778003692627e-01	1.350850015878677368e-01	1.532428264617919922e-01	5.708983540534973145e-01	-1.063080281019210815e-01	-1.635588258504867554e-01	-3.856958746910095215e-01
-1.047053560614585876e-01	1.976877003908157349e-01	-3.387625142931938171e-02	-5.927752703428268433e-02	-1.323497146368026733e-01	1.789814531803131104e-01	8.979147076606750488e-01	2.451113909482955933e-01	-1.682975888252258301e-01	-3.300901502370834351e-02
-3.694529533386230469e-01	2.772743999958038330e-02	-1.710787564516067505e-01	-1.340964436531066895e-01	1.526735872030258179e-01	-2.284426987171173096e-01	8.182082772254943848e-01	2.061393707990646362e-01	-1.652283817529678345e-01	-2.705656923353672028e-02
8.755883574485778809e-02	1.212840154767036438e-01	1.488600820302963257e-01	2.346861660480499268e-01	-3.001207113265991211e-01	-4.368198513984680176e-01	4.100759923458099365e-01	-3.948600292205810547e-01	-3.520274162292480469e-01	4.141286909580230713e-01
2.725227177143096924e-01	1.531555205583572388e-01	1.885097622871398926e-01	-1.065592989325523376e-01	-1.580336391925811768e-01	-3.084834814071655273e-01	-4.932289719581604004e-01	2.559692561626434326e-01	3.261406719684600830e-01	5.657599568367004395e-01
-8.501148223876953125e-02	-2.399189919233322144e-01	-5.568029880523681641e-01	-4.134149104356765747e-02	-1.848617494106292725e-01	-1.523010879755020142e-01	-7.276757955551147461e-01	3.038564510643482208e-02	-9.913016110658645630e-03	1.886001229286193848e-01
5.560348927974700928e-02	-7.547360658645629883e-02	-7.850846648216247559e-01	3.841921389102935791e-01	1.286911219358444214e-01	-1.894713491201400757e-01	-2.572737634181976318e-01	2.402672469615936279e-01	-2.226416021585464478e-01	-3.608580306172370911e-02
2.212439179420471191e-01	-1.005101054906845093e-01	-2.331959009170532227e-01	-4.929643124341964722e-02	1.207028701901435852e-02	4.161217808723449707e-01	-7.148718833923339844e-01	-4.348953366279602051e-01	-1.876310259103775024e-02	1.015254035592079163e-01
1.411868184804916382e-01	-3.006804883480072021e-01	-5.751606225967407227e-01	4.901367723941802979e-01	3.210890293121337891e-01	2.213532030582427979e-01	-3.343129158020019531e-01	-1.975549161434173584e-01	2.528722956776618958e-02	-1.228244975209236145e-01
1.348544061183929443e-01	-9.679292887449264526e-02	1.464019268751144409e-01	-4.106502532958984375e-01	3.467186689376831055e-01	4.656715989112854004e-01	-2.760562896728515625e-01	-2.809983491897583008e-01	-3.718546628952026367e-01	-3.897068202495574951e-01
2.147006243467330933e-01	-2.212246209383010864e-01	-7.426733374595642090e-01	2.681653201580047607e-01	4.224439263343811035e-01	1.138822138309478760e-01	-1.580827832221984863e-01	2.401787489652633667e-01	-8.158590644598007202e-02	2.695553004741668701e-02
-4.524201750755310059e-01	1.665170639753341675e-01	-8.226944506168365479e-02	4.439259171485900879e-01	-2.372023761272430420e-01	1.332607567310333252e-01	3.828330934047698975e-01	-1.880076974630355835e-01	4.774272143840789795e-01	2.826329767704010010e-01
8.760256320238113403e-02	-3.637494742870330811e-01	-2.400382757186889648e-01	3.557044565677642822e-01	3.484309017658233643e-01	2.703500092029571533e-01	1.970566958189010620e-01	1.777364686131477356e-02	-4.659879207611083984e-01	-4.744288921356201172e-01
1.920911483466625214e-02	-2.272619307041168213e-01	-1.940262168645858765e-01	1.360760629177093506e-01	3.890701830387115479e-01	5.647791177034378052e-02	1.245343461632728577e-01	-2.143919020891189575e-01	-7.504271268844604492e-01	-3.356205523014068604e-01
8.830191195011138916e-02	5.335918068885803223e-01	4.884903728961944580e-01	9.499640762805938721e-02	2.961440980434417725e-01	1.133375167846679688e-01	-1.631474196910858154e-01	8.004473149776458740e-02	-5.165731906890869141e-01	-2.437552362680435181e-01
-1.141810640692710876e-01	-2.095612734556198120e-01	2.019756138324737549e-01	4.225209355354309082e-02	2.213771641254425049e-01	-5.354103446006774902e-01	1.188733950257301331e-01	-9.955167770385742188e-03	-5.064235329627990723e-01	5.423103570938110352e-01
-2.158838957548141479e-01	3.473877310752868652e-01	4.528330862522125244e-01	-7.122728228569030762e-02	-3.296266198158264160e-01	6.543321013450622559e-01	2.388578653335571289e-01	-1.395179331302642822e-01	6.127705425024032593e-02	7.420966029167175293e-02
3.110267221927642822e-01	-4.051122069358825684e-01	-4.190996885299682617e-01	-1.472435444593429565e-01	3.033959269523620605e-01	-5.252465009689331055e-01	3.393228352069854736e-01	2.357156127691268921e-01	-4.437389224767684937e-02	3.488917276263237000e-02
-1.702160984277725220e-01	6.920340657234191895e-02	1.370773557573556900e-02	-1.970315724611282349e-01	7.552191615104675293e-02	3.190481960773468018e-01	8.258039951324462891e-01	-4.465093463659286499e-02	-3.680595755577087402e-01	1.786024123430252075e-02
-6.151882186532020569e-02	-1.663818657398223877e-01	3.616017699241638184e-01	1.122142374515533447e-01	2.978881001472473145e-01	6.706486940383911133e-01	-4.838969558477401733e-02	-3.581721186637878418e-01	-3.773019909858703613e-01	-1.170118972659111023e-01
-2.539536356925964355e-01	-3.724057972431182861e-02	2.926328778266906738e-01	-5.888839364051818848e-01	6.650108098983764648e-02	4.212673902511596680e-01	2.342026531696319580e-01	1.684355735778808594e-01	-4.857133924961090088e-01	2.597801201045513153e-02
-2.209158800542354584e-02	1.827287226915359497e-01	-5.506701394915580750e-02	-3.990297019481658936e-01	-3.504649177193641663e-02	-1.888854801654815674e-02	6.096783876419067383e-01	-4.214711859822273254e-02	-6.001803874969482422e-01	2.618767023086547852e-01
-3.488932847976684570e-01	1.719557642936706543e-01	-4.370696470141410828e-02	-3.089352548122406006e-01	-2.508924007415771484e-01	4.381159842014312744e-01	5.539373755455017090e-01	3.896565735340118408e-01	-4.980580508708953857e-02	-1.878863275051116943e-01
1.573216617107391357e-01	1.605543345212936401e-01	-2.494732104241847992e-02	8.349602669477462769e-02	-5.636972188949584961e-01	-1.799878180027008057e-01	-6.405784487724304199e-01	1.626149863004684448e-01	2.859381735324859619e-01	2.705235779285430908e-01
5.475720167160034180e-01	-1.756314784288406372e-01	4.487052857875823975e-01	1.429234296083450317e-01	-7.896449416875839233e-02	2.711655199527740479e-02	-2.394677549600601196e-01	9.327378123998641968e-02	3.140297830104827881e-01	5.252852439880371094e-01
4.111652970314025879e-01	-1.177388653159141541e-01	1.653339564800262451e-01	-1.021900027990341187e-01	-8.811227232217788696e-02	4.760716557502746582e-01	-3.373152911663055420e-01	2.684856392443180084e-02	5.605651140213012695e-01	-3.408207893371582031e-01
-2.396005988121032715e-01	-5.194408074021339417e-02	-2.725786864757537842e-01	5.564320683479309082e-01	-2.520659565925598145e-01	2.305434793233871460e-01	-3.222833275794982910e-01	2.379558533430099487e-01	1.834138631820678711e-01	-4.951362311840057373e-01
1.401983499526977539e-01	-6.282507181167602539e-01	-6.301832199096679688e-01	2.818171083927154541e-01	1.318000108003616333e-01	-1.693621575832366943e-01	-1.657108664512634277e-01	-3.066827915608882904e-02	-1.369242370128631592e-01	-1.260553300380706787e-01
-3.191956877708435059e-01	-6.878619194030761719e-01	7.137067615985870361e-02	2.082705050706863403e-01	3.636235296726226807e-01	2.699268795549869537e-02	-1.558262258768081665e-01	3.322713077068328857e-01	3.007273375988006592e-02	-3.285551667213439941e-01
-2.360816448926925659e-01	3.923968076705932617e-01	4.444504976272583008e-01	4.813990741968154907e-02	-2.506258487701416016e-01	6.732606291770935059e-01	2.263843864202499390e-01	-1.504666060209274292e-01	-7.443574722856283188e-03	-1.994365639984607697e-02
9.565122425556182861e-03	-4.881882071495056152e-01	-5.618851780891418457e-01	1.873443275690078735e-02	-2.719921171665191650e-01	-1.906211972236633301e-01	-1.525153070688247681e-01	-5.065786242485046387e-01	2.266270071268081665e-01	6.289698183536529541e-02
