7.137829065322875977e-01	5.064946413040161133e-01	-9.723130464553833008e-01	3.834511339664459229e-01	3.113381564617156982e-01	-2.188483625650405884e-01	5.539623498916625977e-01	2.982270345091819763e-02	-7.762534618377685547e-01	-1.417404711246490479e-01
1.531136222183704376e-02	-1.926490366458892822e-01	3.109600543975830078e-01	5.989078283309936523e-01	2.081710100173950195e-01	6.697878837585449219e-01	-1.923869848251342773e-01	-4.593391120433807373e-01	3.925406038761138916e-01	2.520120143890380859e-01
3.187302649021148682e-01	-7.810323834419250488e-01	-1.331547051668167114e-01	-4.988445639610290527e-01	9.331201016902923584e-02	-5.679622888565063477e-01	-2.250289618968963623e-01	2.406699061393737793e-01	1.160416126251220703e+00	-1.052204489707946777e+00
3.253424167633056641e-01	-2.021063268184661865e-01	5.110256671905517578e-01	-8.201509714126586914e-01	-3.987487778067588806e-02	-2.441723793745040894e-01	8.898719549179077148e-01	-2.194278091192245483e-01	1.101344108581542969e+00	-5.356872677803039551e-01
6.201418042182922363e-01	2.297240495681762695e-02	1.833573430776596069e-01	-3.627007007598876953e-01	-9.459209442138671875e-02	4.173288047313690186e-01	1.667434126138687134e-01	-5.200671553611755371e-01	4.571944475173950195e-01	4.185605421662330627e-02
5.858699679374694824e-01	2.696962952613830566e-01	1.738147884607315063e-01	3.906744420528411865e-01	-5.995745062828063965e-01	1.962755322456359863e-01	5.327541232109069824e-01	-3.992551863193511963e-01	3.152993917465209961e-01	-2.322241067886352539e-01
1.004051119089126587e-01	-3.522564768791198730e-01	5.052661895751953125e-01	-3.589250519871711731e-02	8.071652054786682129e-01	-2.835940718650817871e-01	-9.451113343238830566e-01	-1.936591267585754395e-01	1.828593611717224121e+00	-1.313367724418640137e+00
-3.336440324783325195e-01	-4.805071949958801270e-01	-5.540366768836975098e-01	-9.465676546096801758e-01	6.329299807548522949e-01	3.463510572910308838e-01	9.206805229187011719e-01	4.817036986351013184e-01	2.157010287046432495e-01	-1.106738671660423279e-01
-7.639934420585632324e-01	9.018618613481521606e-03	-3.835197389125823975e-01	2.142527103424072266e-01	5.565287470817565918e-01	-6.881041824817657471e-02	-6.273931860923767090e-01	6.581763029098510742e-01	8.881574273109436035e-01	-4.792910218238830566e-01
2.720753252506256104e-01	-7.770886272192001343e-02	9.719467163085937500e-02	-2.524377107620239258e-01	-1.123994588851928711e-01	4.472703337669372559e-01	3.314419984817504883e-01	-3.555503487586975098e-01	2.274598032236099243e-01	4.548285305500030518e-01
-9.724273681640625000e-01	-3.399600982666015625e-01	1.846599578857421875e-02	2.695829868316650391e-01	-3.968312740325927734e-01	-7.586886882781982422e-01	-2.344624996185302734e-01	6.936821937561035156e-01	-2.278718948364257812e-01	5.669429302215576172e-01
5.491474866867065430e-01	3.041597008705139160e-01	1.171076521277427673e-01	-2.819529473781585693e-01	-5.027479529380798340e-01	5.807321667671203613e-01	4.073756635189056396e-01	-2.388306707143783569e-01	4.200956821441650391e-01	3.562683165073394775e-01
8.010066747665405273e-01	9.450422525405883789e-01	4.732397496700286865e-01	-3.382786735892295837e-02	-8.386197090148925781e-01	7.853491306304931641e-01	2.446237355470657349e-01	-2.236100733280181885e-01	4.732443988323211670e-01	6.022487878799438477e-01
5.908033251762390137e-01	1.200818940997123718e-01	2.278187572956085205e-01	-1.830269545316696167e-01	-2.660945057868957520e-01	5.396447181701660156e-01	1.320448238402605057e-02	-5.698431134223937988e-01	4.202576875686645508e-01	1.402712464332580566e-01
2.903347015380859375e-01	8.588375896215438843e-02	-1.541137397289276123e-01	-2.495792955160140991e-01	-1.433023661375045776e-01	8.751841634511947632e-02	-1.690107136964797974e-01	-5.197602510452270508e-02	5.912280678749084473e-01	3.209204599261283875e-02
-6.142925024032592773e-01	1.433560997247695923e-01	6.262313723564147949e-01	4.631918668746948242e-02	9.002745896577835083e-02	2.592078447341918945e-01	2.235477715730667114e-01	1.087719053030014038e-01	5.223519206047058105e-01	2.986034452915191650e-01
6.386784315109252930e-01	2.560331225395202637e-01	4.729644060134887695e-01	-3.564343452453613281e-01	-2.264854460954666138e-01	5.828858017921447754e-01	9.027238935232162476e-02	-3.497900664806365967e-01	5.177474021911621094e-01	-1.969224512577056885e-01
4.138221144676208496e-01	-1.362297773361206055e+00	-6.249142065644264221e-02	-1.435784101486206055e+00	1.257476925849914551e+00	3.565456867218017578e-01	-1.693885326385498047e-01	-1.720135688781738281e+00	5.375266671180725098e-01	8.450643420219421387e-01
-4.354354441165924072e-01	-3.300891071557998657e-02	1.696552634239196777e-01	-2.993067502975463867e-01	-8.462278246879577637e-01	5.205133929848670959e-02	3.467021882534027100e-01	-1.882027834653854370e-01	7.120686769485473633e-01	-3.902820944786071777e-01
1.742921710014343262e+00	-2.904105186462402344e-01	-1.328577160835266113e+00	6.670558452606201172e-01	1.202491879463195801e+00	4.536281228065490723e-01	9.258627295494079590e-01	1.108039855957031250e+00	1.419924736022949219e+00	9.954333901405334473e-01
-7.608389854431152344e-01	4.940280914306640625e-01	1.720474123954772949e+00	-1.018396973609924316e+00	-1.101373314857482910e+00	4.698984697461128235e-02	-3.824116289615631104e-01	-1.871371030807495117e+00	-5.036627650260925293e-01	-6.238396763801574707e-01
3.764388859272003174e-01	-6.692166626453399658e-02	-4.743826687335968018e-01	1.957110911607742310e-01	-2.166611403226852417e-01	-1.015499532222747803e-01	3.251957893371582031e-01	2.499554865062236786e-02	2.942383289337158203e-01	3.700880706310272217e-01
-9.774434566497802734e-01	-5.771212577819824219e-01	3.446561098098754883e-01	7.378413081169128418e-01	3.980520665645599365e-01	-7.804929465055465698e-02	-1.077294126152992249e-01	5.186656117439270020e-01	4.558416903018951416e-01	-6.471101045608520508e-01
-6.752672791481018066e-01	-5.957999825477600098e-01	-3.606177270412445068e-01	3.442150056362152100e-01	-6.449062377214431763e-02	-6.527208685874938965e-01	2.187812626361846924e-01	5.020084381103515625e-01	7.414902448654174805e-01	1.941761374473571777e-01
6.167152523994445801e-01	-6.024016737937927246e-01	3.071551769971847534e-02	-3.926593959331512451e-01	2.551716268062591553e-01	3.512704670429229736e-01	-7.153500318527221680e-01	-2.903593778610229492e-01	-4.709790050983428955e-01	5.933788418769836426e-01
-6.988697052001953125e-01	-5.693036913871765137e-01	-2.469772696495056152e-01	7.624992728233337402e-01	-7.420815229415893555e-01	-7.448438405990600586e-01	2.997883558273315430e-01	6.094036698341369629e-01	8.765848875045776367e-01	-4.204568862915039062e-01
2.946794927120208740e-01	-8.890509605407714844e-01	3.706982731819152832e-01	6.687614917755126953e-01	-1.679796725511550903e-02	-6.145881414413452148e-01	2.065692469477653503e-02	-8.024881780147552490e-02	3.162560760974884033e-01	-2.096434682607650757e-01
5.321091413497924805e-01	3.237700462341308594e-01	-6.052839756011962891e-01	-6.747664809226989746e-01	2.340330928564071655e-01	2.433905750513076782e-01	-4.434584677219390869e-01	3.121048910543322563e-03	2.230768948793411255e-01	3.918498754501342773e-01
-1.703163236379623413e-01	-3.669490218162536621e-01	-3.516743779182434082e-01	3.153755515813827515e-02	-8.151819109916687012e-01	-7.414786219596862793e-01	5.950466394424438477e-01	5.151262879371643066e-01	7.383670657873153687e-02	-1.140765905380249023e+00
2.669563293457031250e-01	-5.746213719248771667e-03	-6.162251159548759460e-02	3.074814751744270325e-02	1.922712922096252441e-01	1.207505445927381516e-02	1.590769141912460327e-01	-3.032959103584289551e-01	3.287721872329711914e-01	-3.203483670949935913e-02
-8.649247288703918457e-01	3.654308915138244629e-01	1.896731108427047729e-01	-4.432712197303771973e-01	-4.412873685359954834e-01	1.591557860374450684e-01	8.264393806457519531e-01	-1.643103063106536865e-01	1.724798977375030518e-02	-8.163680434226989746e-01
-3.908425569534301758e-01	3.552975356578826904e-01	1.422205418348312378e-01	4.557154774665832520e-01	-7.243621945381164551e-01	3.263192176818847656e-01	-5.942247509956359863e-01	1.575675457715988159e-01	6.321522593498229980e-01	5.009057521820068359e-01
3.194734156131744385e-01	-2.589559555053710938e-01	-2.159397155046463013e-01	-1.052559465169906616e-01	-1.837143898010253906e+00	2.426995486021041870e-01	1.561073660850524902e+00	4.338998496532440186e-01	-5.950065851211547852e-01	1.482128858566284180e+00
1.405757784843444824e+00	-2.166954517364501953e+00	7.363833785057067871e-01	-7.208231091499328613e-01	-1.225004315376281738e+00	-1.311248898506164551e+00	9.491653442382812500e-01	-5.584619641304016113e-01	8.780965209007263184e-02	9.543349146842956543e-01
5.203279107809066772e-02	-5.251402854919433594e-01	-4.978609085083007812e-02	5.869778394699096680e-01	-6.320848464965820312e-01	-1.142600849270820618e-01	5.758188366889953613e-01	4.837005864828824997e-03	6.852434873580932617e-01	-5.553967356681823730e-01
3.766833841800689697e-01	-7.831802368164062500e-01	-6.398222595453262329e-02	-8.429318070411682129e-01	7.154958844184875488e-01	3.373380899429321289e-01	-1.004494503140449524e-01	-9.374430775642395020e-01	3.518610298633575439e-01	3.233059942722320557e-01
5.664924979209899902e-01	6.823065876960754395e-01	5.380949378013610840e-01	8.348719030618667603e-02	-7.518374323844909668e-01	-3.439347073435783386e-02	8.818823695182800293e-01	3.191440999507904053e-01	9.733401536941528320e-01	-7.365028858184814453e-01
9.222422540187835693e-02	-1.521015614271163940e-01	-6.579781174659729004e-01	2.976047433912754059e-02	9.365610480308532715e-01	-1.522165685892105103e-01	-1.381378322839736938e-01	-4.370226562023162842e-01	5.546748638153076172e-01	-1.338766422122716904e-02
9.147977828979492188e-01	-3.626427948474884033e-01	-5.970162153244018555e-01	-7.314059734344482422e-01	3.720435202121734619e-01	8.207434415817260742e-01	-7.010643482208251953e-01	-2.675784528255462646e-01	4.328900873661041260e-01	7.880440950393676758e-01
-8.074841499328613281e-01	-9.468314051628112793e-01	9.324609488248825073e-02	-2.897445559501647949e-01	2.884574234485626221e-01	1.686209142208099365e-01	2.211795300245285034e-01	6.411832571029663086e-01	-1.151125505566596985e-01	3.282253146171569824e-01
7.903149724006652832e-01	1.009634286165237427e-01	-3.222247958183288574e-01	4.476188421249389648e-01	-6.728249192237854004e-01	1.866710931062698364e-02	-6.381948292255401611e-02	4.255399405956268311e-01	4.091407358646392822e-01	-4.330323636531829834e-01
4.713093638420104980e-01	1.788012981414794922e-01	2.267004549503326416e-01	-1.488373577594757080e-01	-8.182944357395172119e-02	3.366600573062896729e-01	3.561333119869232178e-01	-4.681069552898406982e-01	2.533104717731475830e-01	-2.211885992437601089e-03
1.987256705760955811e-01	-2.486303150653839111e-01	1.932841986417770386e-01	2.141983509063720703e-01	-2.855216264724731445e-01	-2.104355394840240479e-02	2.087143063545227051e-01	-3.263625204563140869e-01	5.912957191467285156e-01	-1.245759800076484680e-02
1.630079865455627441e+00	-6.056297421455383301e-01	4.483406990766525269e-02	1.866643130779266357e-01	-7.602186799049377441e-01	5.671491622924804688e-01	-1.874318003654479980e+00	-2.541168630123138428e-01	-4.725840985774993896e-01	8.819500207901000977e-01
6.288602948188781738e-01	2.436608821153640747e-01	-5.040717497467994690e-02	3.977634012699127197e-01	-9.102302789688110352e-02	1.437606811523437500e-01	2.581865489482879639e-01	-1.093044951558113098e-01	-2.874785065650939941e-01	-4.811569750308990479e-01
7.470580339431762695e-01	6.243370175361633301e-01	3.645266294479370117e-01	1.681202411651611328e+00	2.075245082378387451e-01	3.383841738104820251e-02	-9.389995932579040527e-01	-2.628128528594970703e-01	-7.177439332008361816e-01	-1.345150589942932129e+00
1.391151994466781616e-01	-9.681022167205810547e-02	-2.237205058336257935e-01	2.490798532962799072e-01	1.609939932823181152e+00	4.367147684097290039e-01	-4.225622415542602539e-01	-1.069113016128540039e+00	1.064524278044700623e-01	-1.050176978111267090e+00
6.772800683975219727e-01	8.968365192413330078e-02	-1.918548494577407837e-01	-5.833793878555297852e-01	6.476410627365112305e-01	-3.042490780353546143e-01	5.197634696960449219e-01	-3.393182158470153809e-01	5.352930724620819092e-02	-5.347184538841247559e-01
9.127780795097351074e-01	9.092964529991149902e-01	-1.018659304827451706e-02	6.457423567771911621e-01	-1.412918120622634888e-01	2.601867020130157471e-01	-1.870439946651458740e-01	-8.841779232025146484e-01	-8.683821558952331543e-01	-1.383117437362670898e-01
9.223853349685668945e-01	1.548001468181610107e-01	-7.483968883752822876e-02	6.837573647499084473e-01	-7.416832447052001953e-01	1.452398449182510376e-01	2.783494889736175537e-01	5.574666857719421387e-01	3.582224845886230469e-01	6.531985402107238770e-01
2.114801667630672455e-02	-4.832251667976379395e-01	-2.571021020412445068e-01	3.039398789405822754e-01	-1.103447079658508301e+00	1.485536694526672363e-01	8.330625295639038086e-01	7.587471604347229004e-02	-3.888404667377471924e-01	1.574571847915649414e+00
-2.003936320543289185e-01	-7.663037180900573730e-01	-1.104950234293937683e-01	-5.875134468078613281e-01	-2.282082438468933105e-01	6.040013432502746582e-01	-1.652195453643798828e+00	-5.900598764419555664e-01	8.643593788146972656e-01	1.153288364410400391e+00
4.387803971767425537e-01	6.976437568664550781e-02	-4.252922832965850830e-01	-3.791106492280960083e-02	-5.509916543960571289e-01	3.487786278128623962e-02	-4.104766622185707092e-02	-9.589889645576477051e-02	4.125619828701019287e-01	5.870118141174316406e-01
-4.857980310916900635e-01	1.164436459541320801e+00	4.476132988929748535e-01	-4.764713346958160400e-01	8.054091930389404297e-01	3.152001500129699707e-01	9.661653637886047363e-01	-4.257712885737419128e-02	1.764730334281921387e+00	-1.419310450553894043e+00
4.429090619087219238e-01	-2.316778302192687988e-01	2.124397782608866692e-03	-2.960881292819976807e-01	-6.080021262168884277e-01	1.585882008075714111e-01	1.726190596818923950e-01	-3.860729038715362549e-01	2.280533164739608765e-01	8.535757660865783691e-01
3.694960772991180420e-01	4.268780648708343506e-01	-3.783393651247024536e-02	1.554848998785018921e-02	-1.859157830476760864e-01	2.563777863979339600e-01	-1.485516428947448730e-01	-2.858893275260925293e-01	5.334057807922363281e-01	7.887093722820281982e-02
2.571600079536437988e-01	-5.876893997192382812e-01	-5.571292042732238770e-01	-7.546287775039672852e-01	-7.236642241477966309e-01	5.403854846954345703e-01	-1.033271104097366333e-02	-2.403820455074310303e-01	3.199400305747985840e-01	4.735375940799713135e-02
-5.679247379302978516e-01	-5.905792713165283203e-01	-8.950459957122802734e-01	6.890072822570800781e-01	2.572567462921142578e-01	3.377912044525146484e-01	7.766745090484619141e-01	-7.426049709320068359e-01	-7.464690208435058594e-01	-8.513462543487548828e-01
5.521289110183715820e-01	-1.945929676294326782e-01	-3.629610836505889893e-01	-4.095258116722106934e-01	4.996205568313598633e-01	-3.998436033725738525e-01	-2.494628578424453735e-01	-9.857580065727233887e-01	8.468819856643676758e-01	5.596206188201904297e-01
6.733489036560058594e-01	4.588826373219490051e-02	8.401243388652801514e-02	1.708853542804718018e-01	-7.869535684585571289e-02	1.590548604726791382e-01	1.744100451469421387e-01	-6.362548470497131348e-01	1.363765001296997070e-01	1.336625814437866211e-01
1.688375353813171387e+00	-2.986748516559600830e-01	2.639444768428802490e-01	1.021742105484008789e+00	1.805855482816696167e-01	-2.154494673013687134e-01	-1.560887992382049561e-01	-7.134993076324462891e-01	-3.436197042465209961e-01	-1.207380652427673340e+00
-8.736381530761718750e-01	2.814517021179199219e-01	7.744443416595458984e-01	8.252348899841308594e-01	6.470105648040771484e-01	-7.560162544250488281e-01	9.049873352050781250e-01	5.741121768951416016e-01	5.369091033935546875e-01	-7.246305942535400391e-01
-4.216022416949272156e-02	1.846000850200653076e-01	-8.468357324600219727e-01	1.416985392570495605e-01	-7.142943739891052246e-01	-4.697845876216888428e-01	6.939337253570556641e-01	6.248970031738281250e-01	-1.729537546634674072e-01	2.446385771036148071e-01
4.419575035572052002e-01	2.637027800083160400e-01	2.134501785039901733e-01	-5.150837823748588562e-02	-2.151898443698883057e-01	3.153680264949798584e-01	3.557619154453277588e-01	-2.506145536899566650e-01	3.580415844917297363e-01	-7.436538487672805786e-02
-2.420296669006347656e-01	-8.103395700454711914e-01	2.505758702754974365e-01	7.516685128211975098e-01	-7.945801615715026855e-01	-3.804182410240173340e-01	4.462327957153320312e-01	-4.434606432914733887e-01	2.432046271860599518e-02	-3.545883670449256897e-02
4.424187242984771729e-01	6.995293498039245605e-02	3.254835307598114014e-01	-2.615105509757995605e-01	-1.959873586893081665e-01	3.121466636657714844e-01	2.519462704658508301e-01	-5.198383927345275879e-01	1.838400512933731079e-01	1.315243840217590332e-01
5.783375501632690430e-01	-3.082672059535980225e-01	6.695974618196487427e-02	-1.429999768733978271e-01	-3.514071106910705566e-01	-1.938212662935256958e-02	2.530792951583862305e-01	-5.080601572990417480e-01	1.526677012443542480e-01	8.596170693635940552e-02
6.127361655235290527e-01	-1.201284646987915039e+00	-5.737137794494628906e-01	5.555317997932434082e-01	-1.198986649513244629e+00	-8.229439258575439453e-01	2.707614898681640625e-01	1.181622892618179321e-01	1.216179728507995605e-01	7.793715000152587891e-01
-9.997122287750244141e-01	7.106623053550720215e-01	-6.467455029487609863e-01	-3.336756825447082520e-01	-4.191116690635681152e-01	1.117725491523742676e+00	-1.532938033342361450e-01	-2.340987175703048706e-01	3.274232149124145508e-01	1.384096860885620117e+00
7.226722836494445801e-01	1.002167910337448120e-01	3.029966354370117188e-01	-2.630245387554168701e-01	-1.071562096476554871e-01	4.490579962730407715e-01	2.061641812324523926e-01	-2.056439816951751709e-01	2.427299469709396362e-01	-6.098589673638343811e-02
-1.045685529708862305e+00	-2.519046366214752197e-01	-6.431993246078491211e-01	-8.466133475303649902e-01	9.865867346525192261e-02	7.487803101539611816e-01	1.183480024337768555e+00	-8.593837022781372070e-01	7.280676811933517456e-02	1.922653675079345703e+00
-7.727601528167724609e-01	3.192548751831054688e-01	3.007847368717193604e-01	-2.176797688007354736e-01	5.244163274765014648e-01	1.336640268564224243e-01	7.225373387336730957e-01	7.698688507080078125e-01	-4.344983398914337158e-01	1.294673681259155273e-01
1.138064265251159668e+00	3.153722584247589111e-01	5.869870185852050781e-01	-2.719172239303588867e-01	-7.395260035991668701e-02	5.130029916763305664e-01	4.023300111293792725e-01	-5.363984704017639160e-01	7.708142995834350586e-01	-2.243946641683578491e-01
5.482150912284851074e-01	1.219624951481819153e-01	3.703154027462005615e-01	-4.241475164890289307e-01	-8.605804294347763062e-02	6.190050244331359863e-01	1.752588301897048950e-01	-4.828967452049255371e-01	4.608564078807830811e-01	1.935304701328277588e-01
5.636258721351623535e-01	5.651957392692565918e-01	9.165949821472167969e-01	-2.981182634830474854e-01	5.966016054153442383e-01	-1.027126312255859375e+00	-5.576534271240234375e-01	-7.202108502388000488e-01	7.998845577239990234e-01	-2.075247168540954590e-01
-1.483779251575469971e-01	-1.734072864055633545e-01	2.140285521745681763e-01	-6.273589730262756348e-01	-2.864741086959838867e-01	-1.347247362136840820e-01	-3.024063259363174438e-02	4.926928877830505371e-01	-3.611874282360076904e-01	3.069545030593872070e-01
-2.813980579376220703e-01	4.799771308898925781e-01	3.250501155853271484e-01	-7.483632564544677734e-01	5.581083297729492188e-01	-8.167505264282226562e-01	-6.794857978820800781e-02	4.738144874572753906e-01	7.316079139709472656e-01	3.503007888793945312e-01
5.240903496742248535e-01	7.829412817955017090e-01	1.340136229991912842e-01	2.974337637424468994e-01	3.089994192123413086e-01	6.676371693611145020e-01	2.490171343088150024e-01	-4.293171763420104980e-01	2.282143235206604004e-01	-1.993897110223770142e-01
-3.945739269256591797e-01	4.782128334045410156e-01	4.499883651733398438e-01	9.979386329650878906e-01	-8.674252033233642578e-01	4.941048622131347656e-01	-9.665908813476562500e-01	-6.932733058929443359e-01	-1.583545207977294922e-01	7.873423099517822266e-01
5.911933183670043945e-01	1.956137269735336304e-01	1.939680278301239014e-01	-1.832286119461059570e-01	-8.543939143419265747e-02	3.842866420745849609e-01	2.890658676624298096e-01	-4.396148622035980225e-01	4.041256904602050781e-01	5.607091262936592102e-02
5.673623085021972656e-01	7.110610604286193848e-01	-4.238152503967285156e-01	6.696247458457946777e-01	3.318151533603668213e-01	7.136089801788330078e-01	-7.771924734115600586e-01	-4.628071188926696777e-01	-1.659552335739135742e+00	-3.861365467309951782e-02
-3.120462596416473389e-01	1.071618914604187012e+00	-5.273505449295043945e-01	8.337154984474182129e-01	3.730916082859039307e-01	3.366748690605163574e-01	-8.776313662528991699e-01	-3.247863650321960449e-01	-6.992901563644409180e-01	9.217821806669235229e-02
6.478459239006042480e-01	-9.295102208852767944e-02	1.059547811746597290e-01	-2.029948681592941284e-01	-2.084565162658691406e-01	2.601925730705261230e-01	2.290371358394622803e-01	-5.381503701210021973e-01	1.993145346641540527e-01	-6.868677586317062378e-02
-3.155375644564628601e-02	2.174953520298004150e-01	-2.754937708377838135e-01	5.251604318618774414e-02	-3.844722509384155273e-01	1.430983245372772217e-01	-3.739403486251831055e-01	2.083287239074707031e-01	1.610136628150939941e-01	-4.317076802253723145e-01
-8.725048303604125977e-01	2.922607064247131348e-01	-7.637954950332641602e-01	3.275946974754333496e-01	1.013768553733825684e+00	-7.887008190155029297e-01	-1.842281371355056763e-01	-2.346007078886032104e-01	5.330476760864257812e-01	-4.277965426445007324e-01
5.374378338456153870e-02	1.175043731927871704e-02	-5.039446949958801270e-01	8.314501047134399414e-01	-6.146324872970581055e-01	-6.566929817199707031e-01	-8.708739280700683594e-01	-1.272923648357391357e-01	-6.765309572219848633e-01	9.120100736618041992e-01
-5.625614523887634277e-01	2.043426334857940674e-01	-7.457100152969360352e-01	2.974622249603271484e-01	-7.225234508514404297e-01	3.180161863565444946e-02	1.424568938091397285e-03	3.932700157165527344e-01	-1.759870350360870361e-01	-6.612087041139602661e-02
-3.871359229087829590e-01	1.723050773143768311e-01	-9.078398942947387695e-01	-1.753154247999191284e-01	-4.823926463723182678e-02	-1.885880678892135620e-01	-8.326200246810913086e-01	-2.467872798442840576e-01	4.361552000045776367e-01	3.980161249637603760e-01
-4.311423301696777344e-01	8.385945558547973633e-01	4.086631536483764648e-02	3.911698162555694580e-01	-4.897384047508239746e-01	7.649356722831726074e-01	-7.957938313484191895e-01	7.529124617576599121e-01	-9.121721386909484863e-01	4.322682619094848633e-01
-3.166807293891906738e-01	1.520594120025634766e+00	-4.460795223712921143e-01	2.843642532825469971e-01	-2.315651178359985352e-01	1.777512669563293457e+00	-4.178799092769622803e-01	-6.035352945327758789e-01	-1.132827326655387878e-01	1.655204176902770996e+00
-9.283062219619750977e-01	-1.691031157970428467e-01	-6.466774344444274902e-01	-4.372859299182891846e-01	-3.076884746551513672e-01	9.978007078170776367e-01	3.608635962009429932e-01	-4.255630970001220703e-01	2.346916124224662781e-02	1.620736718177795410e+00
-7.787563800811767578e-01	2.401320934295654297e-01	-9.290890693664550781e-01	4.248297214508056641e-01	-1.585364341735839844e-01	8.647086620330810547e-01	7.388751506805419922e-01	-7.828633785247802734e-01	-8.207235336303710938e-01	-4.215514659881591797e-01
-4.422124624252319336e-01	-7.172059267759323120e-02	4.356005489826202393e-01	-1.669627428054809570e-01	-9.067236185073852539e-01	7.138342857360839844e-01	1.845861375331878662e-01	-1.679687500000000000e-01	4.729644358158111572e-01	-9.585959464311599731e-02
4.700623750686645508e-01	5.703822895884513855e-02	8.376201987266540527e-02	-2.334983050823211670e-01	-1.913578361272811890e-01	3.386434614658355713e-01	-9.991210885345935822e-03	-3.791795670986175537e-01	3.793383538722991943e-01	7.867244072258472443e-03
4.654383659362792969e-01	8.164675235748291016e-01	-2.637960910797119141e-01	-3.856298923492431641e-01	-4.530560970306396484e-01	2.644963264465332031e-01	1.541283130645751953e-01	4.532337188720703125e-03	-5.018930435180664062e-01	9.976847171783447266e-01
3.037763237953186035e-01	1.288963705301284790e-01	3.501936495304107666e-01	-2.099366188049316406e-01	-4.626905024051666260e-01	2.382004261016845703e-01	1.055643036961555481e-01	-3.071966171264648438e-01	8.094907999038696289e-01	-1.220461651682853699e-01
8.423073291778564453e-01	-3.096127510070800781e-01	2.064225673675537109e-01	-2.726385593414306641e-01	6.406323909759521484e-01	-8.633484840393066406e-01	-9.630949497222900391e-01	-5.096590518951416016e-01	6.918568611145019531e-01	-7.737708091735839844e-02
-7.878806591033935547e-01	-8.825838565826416016e-01	3.687045574188232422e-01	-5.623393058776855469e-01	-2.335286140441894531e-02	-1.522986888885498047e-01	8.364214897155761719e-01	-4.397892951965332031e-02	-9.235656261444091797e-01	1.804456710815429688e-01
3.652788102626800537e-01	-6.800910830497741699e-01	3.901858925819396973e-01	4.193736910820007324e-01	-1.302164435386657715e+00	3.046906087547540665e-03	-1.226745605468750000e+00	4.838499724864959717e-01	-2.239343971014022827e-01	-7.236196994781494141e-01
8.984832763671875000e-01	-3.402578830718994141e-01	7.886192798614501953e-01	-3.485169410705566406e-01	2.712104320526123047e-01	6.136131286621093750e-02	8.526074886322021484e-01	-2.146346569061279297e-01	-7.475395202636718750e-01	9.493937492370605469e-01
-2.958798408508300781e-01	9.930448532104492188e-01	1.741425991058349609e-01	-8.926713466644287109e-01	7.958028316497802734e-01	4.641070365905761719e-01	3.900709152221679688e-01	-9.141168594360351562e-01	-7.935976982116699219e-01	-4.017276763916015625e-01
-8.517131805419921875e-01	9.213519692420959473e-01	-5.607947111129760742e-01	-3.517590463161468506e-01	3.147788643836975098e-01	4.590263664722442627e-01	5.553855001926422119e-02	6.312277317047119141e-01	-4.864691291004419327e-03	-4.384172558784484863e-01
-3.396732807159423828e-01	-1.211588501930236816e+00	-8.030889034271240234e-01	-5.913230031728744507e-02	5.638410449028015137e-01	-4.363487660884857178e-01	-5.634351372718811035e-01	-4.538956582546234131e-01	-1.372958183288574219e+00	2.510973811149597168e-01
-1.309299319982528687e-01	5.108159780502319336e-01	-4.114268422126770020e-01	7.846258878707885742e-01	-1.516151577234268188e-01	7.157815098762512207e-01	2.783645093441009521e-01	-3.609836697578430176e-01	-6.713148951530456543e-01	6.774503588676452637e-01
-6.824076175689697266e-01	-1.976328939199447632e-01	-2.973316907882690430e-01	-3.469711542129516602e-01	6.446756124496459961e-01	-8.534314036369323730e-01	-2.128967493772506714e-01	4.400267004966735840e-01	7.626704573631286621e-01	4.447624981403350830e-01
-8.233778476715087891e-01	-9.812271595001220703e-01	-6.282575130462646484e-01	8.193154335021972656e-01	9.570302963256835938e-01	7.848403453826904297e-01	-6.173834800720214844e-01	-3.207716941833496094e-01	-1.716852188110351562e-03	3.769996166229248047e-01
4.560922086238861084e-01	3.900067210197448730e-01	-1.594348698854446411e-01	1.597808003425598145e-01	-1.403497755527496338e-01	5.112813115119934082e-01	-1.245393455028533936e-01	-3.122472465038299561e-01	4.479660093784332275e-02	1.869000941514968872e-01
1.784964837133884430e-02	1.354421377182006836e+00	-3.291692137718200684e-01	2.050030231475830078e-01	1.344926059246063232e-01	1.761453747749328613e+00	-2.535664439201354980e-01	-6.299495697021484375e-01	-4.295212775468826294e-02	1.051199078559875488e+00
-6.875388026237487793e-01	2.773489654064178467e-01	-3.748186826705932617e-01	4.280104935169219971e-01	5.690976977348327637e-01	-3.573644161224365234e-01	-2.759673893451690674e-01	5.408073216676712036e-02	-9.553126096725463867e-01	-4.938626885414123535e-01
2.515840232372283936e-01	-9.186088442802429199e-01	-7.761502265930175781e-01	2.681120932102203369e-01	-4.531768560409545898e-01	-8.068868517875671387e-01	7.545750141143798828e-01	-5.829068645834922791e-02	-3.075295984745025635e-01	5.997522473335266113e-01
5.270797014236450195e-01	4.374698176980018616e-02	9.243289381265640259e-02	-3.211012482643127441e-01	-2.441987246274948120e-01	3.100542426109313965e-01	2.493419051170349121e-01	-3.524827659130096436e-01	4.012145400047302246e-01	6.973971426486968994e-02
-5.991076305508613586e-02	-2.957691252231597900e-01	-8.090236186981201172e-01	-1.373327970504760742e-01	-8.207210898399353027e-01	4.052457809448242188e-01	-3.878972828388214111e-01	1.465467810630798340e-01	-1.623569428920745850e-01	1.875209361314773560e-01
-2.449375987052917480e-01	1.441419124603271484e-01	3.347853720188140869e-01	4.732766374945640564e-02	-1.250902097672224045e-02	1.610186100006103516e-01	3.249988555908203125e-01	8.639857172966003418e-03	9.616438150405883789e-01	6.900532245635986328e-01
-3.133102953433990479e-01	-4.113277196884155273e-01	7.113474607467651367e-01	-1.236096248030662537e-01	-7.730651497840881348e-01	-4.961702823638916016e-01	-5.883368849754333496e-01	-7.107943892478942871e-01	-2.666626870632171631e-01	6.526354551315307617e-01
-5.336779356002807617e-01	2.012223452329635620e-01	2.038836032152175903e-01	-3.948347568511962891e-01	6.766901612281799316e-01	5.737653374671936035e-01	-3.554347753524780273e-01	-4.922031164169311523e-01	7.984099984169006348e-01	3.715297579765319824e-02
5.805606842041015625e-01	-1.634027659893035889e-01	5.392518639564514160e-01	4.086112678050994873e-01	6.585477292537689209e-02	1.061639040708541870e-01	6.252390742301940918e-01	6.345893740653991699e-01	-4.733745455741882324e-01	-6.697312593460083008e-01
-2.408658713102340698e-01	-1.754633188247680664e+00	2.061669349670410156e+00	1.492999434471130371e+00	1.328403204679489136e-01	2.536165237426757812e+00	9.009591937065124512e-01	2.131396085023880005e-01	3.776703774929046631e-01	8.473888784646987915e-02
-3.953628242015838623e-01	6.117526888847351074e-01	-5.447116494178771973e-01	1.132038116455078125e+00	-5.859515070915222168e-01	-2.175025083124637604e-02	2.750145494937896729e-01	1.868567019701004028e-01	-6.717055290937423706e-02	-4.133481979370117188e-01
3.202486038208007812e-01	-6.724750995635986328e-01	7.801158428192138672e-01	-3.685767650604248047e-01	2.463564872741699219e-01	-3.819265365600585938e-01	-2.600200176239013672e-01	-9.021980762481689453e-01	-3.635892868041992188e-01	-6.975381374359130859e-01
-3.019440174102783203e-01	-2.782177925109863281e-01	6.074884533882141113e-01	7.279041409492492676e-01	-1.502867136150598526e-02	5.380684137344360352e-01	-7.804546356201171875e-01	-1.938944607973098755e-01	-6.002951860427856445e-01	-7.132371664047241211e-01
8.187181502580642700e-02	-1.992838382720947266e-01	-3.134168386459350586e-01	-1.756471544504165649e-01	5.995210632681846619e-02	5.409495234489440918e-01	-4.229152798652648926e-01	-5.682402849197387695e-01	-3.177086114883422852e-01	3.888643980026245117e-01
1.183789730072021484e+00	-1.965355724096298218e-01	1.448955386877059937e-01	8.383892476558685303e-02	-8.367157727479934692e-02	1.069899559020996094e+00	-7.839776277542114258e-01	-1.185052871704101562e+00	-9.175149798393249512e-01	1.255924344062805176e+00
4.777808189392089844e-01	-6.946131587028503418e-01	-3.800787329673767090e-01	5.955448746681213379e-01	5.319599509239196777e-01	2.320924103260040283e-01	9.437467157840728760e-02	2.878310978412628174e-01	-3.202184438705444336e-01	-5.071588754653930664e-01
-2.340633273124694824e-01	7.702457308769226074e-01	-2.269126623868942261e-01	4.407877624034881592e-01	2.768307030200958252e-01	5.369096994400024414e-02	2.874418348073959351e-02	4.822843670845031738e-01	1.084878947585821152e-02	-9.626913070678710938e-02
3.654932975769042969e-01	-3.097515404224395752e-01	6.923369169235229492e-01	3.572569787502288818e-01	8.334372043609619141e-01	-9.148675203323364258e-01	-5.684441328048706055e-01	-4.845634698867797852e-01	1.636122018098831177e-01	1.704330742359161377e-01
3.192929625511169434e-01	2.394490689039230347e-01	1.686916798353195190e-01	-2.388439625501632690e-01	-8.364972472190856934e-02	3.086392283439636230e-01	2.595070004463195801e-01	-3.303065598011016846e-01	5.185582637786865234e-01	-3.928115218877792358e-02
5.190398097038269043e-01	-7.929196953773498535e-02	3.584491610527038574e-01	6.184321641921997070e-01	7.850039601325988770e-01	-9.487780332565307617e-01	-7.714042663574218750e-01	-6.818885803222656250e-01	-4.911634922027587891e-01	-9.215801954269409180e-01
-5.167236328125000000e-01	2.214410305023193359e-01	-2.907755374908447266e-01	-6.846749782562255859e-01	-2.513005733489990234e-01	-4.845619201660156250e-01	2.916960716247558594e-01	-8.695712089538574219e-01	9.045052528381347656e-01	9.568729400634765625e-01
7.495085000991821289e-01	-1.320158839225769043e+00	1.668729260563850403e-02	9.614380449056625366e-02	-7.579956650733947754e-01	-8.148420453071594238e-01	8.928300738334655762e-01	7.458553910255432129e-01	-4.285866916179656982e-01	-1.713842272758483887e+00
-3.209204673767089844e-01	-7.382440567016601562e-02	-2.752826213836669922e-01	-5.913023948669433594e-01	-9.178571701049804688e-01	-9.391269683837890625e-01	-3.300535678863525391e-01	9.049329757690429688e-01	-3.624174594879150391e-01	3.796734809875488281e-01
7.230206727981567383e-01	-8.010137081146240234e-01	-3.769250214099884033e-01	-5.132336616516113281e-01	-5.984584093093872070e-01	-6.078684329986572266e-01	7.808248400688171387e-01	3.129853904247283936e-01	-3.152315914630889893e-01	4.527178108692169189e-01
8.008670806884765625e-01	3.449711799621582031e-01	8.199532032012939453e-01	2.738800048828125000e-01	9.097177982330322266e-01	5.757999420166015625e-02	3.720281124114990234e-01	1.997511386871337891e-01	3.885989189147949219e-01	-5.838739871978759766e-01
-3.045220077037811279e-01	-3.156277537345886230e-01	-4.105781018733978271e-01	-1.932038664817810059e-01	-1.739109158515930176e-01	1.581813693046569824e-01	5.402565002441406250e-01	5.130268335342407227e-01	-3.384645879268646240e-01	-2.806947333738207817e-03
-2.889754772186279297e-01	3.197787702083587646e-02	4.152851700782775879e-01	5.537707209587097168e-01	-5.625625848770141602e-01	7.253652215003967285e-01	7.795085310935974121e-01	9.150679409503936768e-02	-3.392631113529205322e-01	-2.585393190383911133e-01
7.397587895393371582e-01	6.260446459054946899e-02	1.690935045480728149e-01	-6.282998323440551758e-01	6.415440440177917480e-01	3.052240908145904541e-01	5.506089702248573303e-02	5.007377862930297852e-01	6.493591070175170898e-01	-7.076112627983093262e-01
3.379590436816215515e-02	-2.133597582578659058e-01	-9.960741400718688965e-01	1.300815343856811523e-01	4.535931050777435303e-01	-1.015377163887023926e+00	-3.133988678455352783e-01	-3.842202425003051758e-01	-1.379306018352508545e-01	7.995316386222839355e-01
3.694968223571777344e-01	1.592052280902862549e-01	-1.249898970127105713e-01	2.036663889884948730e-01	-2.431593239307403564e-01	-2.569102346897125244e-01	1.082784891128540039e+00	-3.467449545860290527e-01	-2.472474724054336548e-01	-1.577639281749725342e-01
1.318178176879882812e+00	1.908341765403747559e+00	-1.231339931488037109e+00	-1.206858277320861816e+00	-6.002919003367424011e-02	-1.394208550453186035e+00	4.850433170795440674e-01	-1.332196712493896484e+00	-5.755559802055358887e-01	-1.293566673994064331e-01
-3.699076175689697266e-01	-5.734100341796875000e-01	-6.786332130432128906e-01	-8.520903587341308594e-01	1.760721206665039062e-03	5.165824890136718750e-01	-6.106700897216796875e-01	9.761593341827392578e-01	9.077799320220947266e-01	-7.479443550109863281e-01
-3.897587060928344727e-01	3.755580261349678040e-02	-1.030103564262390137e+00	-1.926512420177459717e-01	-8.619139790534973145e-01	-2.929167449474334717e-01	-6.784816384315490723e-01	-2.317620217800140381e-01	-6.917111873626708984e-01	9.551288187503814697e-02
-5.317335128784179688e-01	6.333115100860595703e-01	-7.856242656707763672e-01	-5.998396873474121094e-02	-5.554573535919189453e-01	7.370426654815673828e-01	-9.333164691925048828e-01	5.222945213317871094e-01	-1.393322944641113281e-01	2.687642574310302734e-01
-1.193055748939514160e+00	4.651295244693756104e-01	4.653100669384002686e-01	-1.053208410739898682e-01	7.882822751998901367e-01	-7.916141748428344727e-01	8.131519705057144165e-02	1.935233920812606812e-01	1.628317683935165405e-02	-8.795659542083740234e-01
-9.712776541709899902e-01	1.452774405479431152e-01	-4.575767219066619873e-01	-2.431739419698715210e-01	2.841613255441188812e-02	-2.919778823852539062e-01	9.319660067558288574e-01	5.259663462638854980e-01	-8.264252543449401855e-01	-7.101265788078308105e-01
9.385040402412414551e-01	-4.310511350631713867e-01	-4.460116624832153320e-01	-4.137924611568450928e-01	4.846890866756439209e-01	4.490160048007965088e-01	-5.216476321220397949e-01	5.944368839263916016e-01	-6.812387108802795410e-01	8.637238144874572754e-01
6.460360884666442871e-01	4.456607997417449951e-01	-4.204717651009559631e-02	8.298627734184265137e-01	-1.839608512818813324e-02	3.313327729701995850e-01	-9.196861386299133301e-01	-2.502475976943969727e-01	-3.290248215198516846e-01	-4.240309596061706543e-01
4.889012277126312256e-01	1.367869377136230469e-01	2.582444548606872559e-01	-1.941264569759368896e-01	-1.996577829122543335e-01	3.463783562183380127e-01	3.304777443408966064e-01	-5.144319534301757812e-01	4.696039259433746338e-01	1.333088874816894531e-01
-2.991448938846588135e-01	-3.066821992397308350e-01	-3.892596960067749023e-01	9.041696041822433472e-02	-7.176860570907592773e-01	9.750011563301086426e-01	2.152688950300216675e-01	3.963610529899597168e-01	-7.416453361511230469e-01	-7.501689791679382324e-01
1.665892243385314941e+00	-1.941026300191879272e-01	3.016216121613979340e-02	3.613832890987396240e-01	-1.033442735671997070e+00	8.142110705375671387e-02	-1.335525274276733398e+00	-1.523390263319015503e-01	-4.043729901313781738e-01	4.893152713775634766e-01
1.648112535476684570e-01	1.624253839254379272e-01	-5.069231390953063965e-01	1.185247421264648438e+00	-4.172892868518829346e-01	6.156920194625854492e-01	-8.029591441154479980e-01	3.613839149475097656e-01	-3.621541559696197510e-01	-1.315957427024841309e+00
5.272079706192016602e-01	4.410129785537719727e-01	-6.385064721107482910e-01	-3.643260151147842407e-02	7.164228558540344238e-01	-6.458792686462402344e-01	-4.075051248073577881e-01	5.326246097683906555e-02	4.247974157333374023e-01	-8.233401179313659668e-01
-1.086485944688320160e-02	-1.512879729270935059e-01	-1.044487021863460541e-02	-7.327139973640441895e-01	-7.013641595840454102e-01	1.641725748777389526e-01	6.399124860763549805e-02	5.327265858650207520e-01	4.191388487815856934e-01	-7.557706832885742188e-01
5.206741690635681152e-01	6.093922257423400879e-02	-1.040636003017425537e-01	2.141688317060470581e-01	-1.736976951360702515e-01	-1.296303421258926392e-01	4.387981593608856201e-01	-3.572560548782348633e-01	4.469521939754486084e-01	-4.443618953227996826e-01
1.465205401182174683e-01	5.732496380805969238e-01	-1.090222835540771484e+00	-3.347681462764739990e-01	-4.839771986007690430e-01	6.218590736389160156e-01	-7.374463081359863281e-01	1.175496578216552734e+00	5.676966905593872070e-01	3.094423711299896240e-01
9.476280212402343750e-01	4.330866336822509766e-01	-5.498862266540527344e-01	-8.290350437164306641e-01	9.019122123718261719e-01	2.898843288421630859e-01	1.989932060241699219e-01	9.381194114685058594e-01	9.701843261718750000e-01	-3.620412349700927734e-01
3.019499778747558594e-01	7.348513603210449219e-02	1.859500706195831299e-01	-2.617343664169311523e-01	-1.116678342223167419e-01	6.192033886909484863e-01	8.241707682609558105e-01	-3.456965386867523193e-01	4.746823012828826904e-01	1.996516734361648560e-01
-8.123489618301391602e-01	2.987719774246215820e-01	-3.308480978012084961e-01	-2.888974845409393311e-01	8.053796887397766113e-01	8.639192581176757812e-01	-2.213334739208221436e-01	3.344128429889678955e-01	5.237901806831359863e-01	1.536526530981063843e-01
6.588588953018188477e-01	4.661420360207557678e-02	3.127302825450897217e-01	-4.028471708297729492e-01	-2.730016112327575684e-01	2.355239242315292358e-01	5.757805109024047852e-01	-5.759454369544982910e-01	2.237465530633926392e-01	-7.778206467628479004e-02
5.956330299377441406e-01	3.421721458435058594e-01	2.591993808746337891e-01	6.126148700714111328e-01	-1.896293163299560547e-01	-1.047494411468505859e-01	-4.311351776123046875e-01	5.716876983642578125e-01	-3.762164115905761719e-01	4.966931343078613281e-01
-5.029925107955932617e-01	-5.035081878304481506e-02	-1.137457609176635742e+00	1.861267909407615662e-02	-1.027664065361022949e+00	-5.734757781028747559e-01	4.930301904678344727e-01	7.276144027709960938e-01	1.386963874101638794e-01	-6.769486069679260254e-01
4.464187324047088623e-01	6.756499409675598145e-02	9.115377068519592285e-02	-1.576959192752838135e-01	-4.101313650608062744e-01	-4.016554728150367737e-02	2.513602674007415771e-01	-2.548060417175292969e-01	4.586385190486907959e-01	2.106278240680694580e-01
5.763854980468750000e-01	-1.614725589752197266e-02	5.210324525833129883e-01	2.064420729875564575e-01	-1.247169375419616699e+00	-3.892666101455688477e-01	-5.931176543235778809e-01	6.895405650138854980e-01	1.489038348197937012e+00	-1.949885338544845581e-01
2.404682636260986328e-01	7.174897193908691406e-02	-8.392570018768310547e-01	2.051370143890380859e-01	-3.135824203491210938e-01	-5.189590454101562500e-01	6.838917732238769531e-01	9.878358840942382812e-01	-2.950258255004882812e-01	6.786336898803710938e-01
3.439618647098541260e-01	-8.019469976425170898e-01	-2.941872179508209229e-01	-2.862485349178314209e-01	-1.026342734694480896e-01	-9.216783642768859863e-01	-6.803624033927917480e-01	4.690490961074829102e-01	-7.352815866470336914e-01	9.755377769470214844e-01
-7.514925003051757812e-01	1.037296414375305176e+00	5.370097160339355469e-01	-2.925085306167602539e+00	-1.306932806968688965e+00	7.301084697246551514e-02	3.051418066024780273e-01	6.097548007965087891e-01	2.669458150863647461e+00	1.221874237060546875e+00
-2.354219406843185425e-01	-4.705884456634521484e-01	5.560156106948852539e-01	3.227261006832122803e-01	-6.858510971069335938e-01	3.161547780036926270e-01	2.726825177669525146e-01	5.672637224197387695e-01	-3.662473335862159729e-02	5.447347164154052734e-01
9.279520511627197266e-01	-6.737051010131835938e-01	-6.207118034362792969e-01	-1.416270732879638672e-01	2.083415985107421875e-01	-1.412377357482910156e-01	3.241899013519287109e-01	-9.851815700531005859e-01	4.833304882049560547e-01	-6.277823448181152344e-01
3.655730485916137695e-01	-7.034797072410583496e-01	4.977265596389770508e-01	1.918322443962097168e-01	-8.524089455604553223e-01	-1.486617624759674072e-01	-1.327804207801818848e+00	-1.226319745182991028e-02	2.041334751993417740e-03	9.581695795059204102e-01
5.656830072402954102e-01	1.087404936552047729e-01	3.821512460708618164e-01	-3.442380428314208984e-01	-2.617907822132110596e-01	3.107205927371978760e-01	2.166188210248947144e-01	-3.577718734741210938e-01	4.075046479701995850e-01	-2.164401486515998840e-02
6.201655268669128418e-01	-7.391659617424011230e-01	-6.606206893920898438e-01	5.626813769340515137e-01	1.095058098435401917e-01	-6.529557704925537109e-01	-6.916576027870178223e-01	2.149665653705596924e-01	-2.096549272537231445e-01	-5.405167341232299805e-01
4.898389875888824463e-01	1.651779413223266602e-01	2.786557376384735107e-01	-1.335194557905197144e-01	2.073279395699501038e-02	4.631064534187316895e-01	4.714863896369934082e-01	-3.982523381710052490e-01	3.394980132579803467e-01	1.960547454655170441e-02
8.835027217864990234e-01	-6.603124141693115234e-01	-8.131599426269531250e-01	-5.597622394561767578e-01	-2.630972862243652344e-02	-6.502795219421386719e-02	4.763388633728027344e-01	9.913961887359619141e-01	2.523820400238037109e-01	-6.554615497589111328e-01
-6.852820515632629395e-01	-1.067589998245239258e+00	4.917007088661193848e-01	1.070415526628494263e-01	1.229776591062545776e-01	-5.559532046318054199e-01	7.931288480758666992e-01	-3.364904597401618958e-02	-7.373687624931335449e-01	9.921143949031829834e-02
-8.116385340690612793e-01	5.085164308547973633e-01	-4.550374448299407959e-01	-4.519252479076385498e-01	1.290420293807983398e+00	8.158385157585144043e-01	1.687746644020080566e+00	-8.009020090103149414e-01	5.545989871025085449e-01	-9.668521881103515625e-01
5.744277834892272949e-01	1.097570657730102539e+00	5.951797962188720703e-01	1.513034012168645859e-02	7.391605377197265625e-01	1.265791177749633789e+00	-1.028297066688537598e+00	-1.583830267190933228e-01	1.099550008773803711e+00	-2.023308426141738892e-01
-7.391580343246459961e-01	-5.307542681694030762e-01	1.836690753698348999e-01	-2.965092360973358154e-01	2.744796276092529297e-01	-3.228688538074493408e-01	-8.425312489271163940e-02	-6.626085638999938965e-01	-1.992045193910598755e-01	3.081311881542205811e-01
6.487634181976318359e-01	1.209972277283668518e-01	1.256044059991836548e-01	-2.041398286819458008e-01	-7.237701863050460815e-02	3.078952431678771973e-01	4.461958110332489014e-01	-3.416709601879119873e-01	2.128832340240478516e-01	-2.317984700202941895e-01
2.566517889499664307e-01	-1.069694280624389648e+00	4.811422228813171387e-01	-1.202836751937866211e+00	1.617642790079116821e-01	-8.946244120597839355e-01	5.446313023567199707e-01	-9.941229224205017090e-02	1.652522802352905273e+00	-9.470290541648864746e-01
5.871838331222534180e-01	1.079724654555320740e-01	2.435348741710186005e-02	8.581700325012207031e-01	9.380087852478027344e-01	-8.961938023567199707e-01	-4.617382287979125977e-01	7.625928521156311035e-01	-2.393803894519805908e-01	-5.278902649879455566e-01
3.383163511753082275e-01	5.458979308605194092e-02	2.289605587720870972e-01	3.734413683414459229e-01	-2.018859684467315674e-01	1.485132575035095215e-01	7.539214938879013062e-02	-4.030348062515258789e-01	8.534194529056549072e-02	-6.433292757719755173e-03
8.325054645538330078e-01	-3.956173956394195557e-01	7.907688021659851074e-01	7.426502704620361328e-01	-9.940553456544876099e-03	-2.518352270126342773e-01	-9.332454204559326172e-01	-3.358225822448730469e-01	4.556394815444946289e-01	1.151927188038825989e-01
3.546127378940582275e-01	5.876808241009712219e-02	2.103490382432937622e-01	-3.619560003280639648e-01	-3.416551351547241211e-01	2.643334567546844482e-01	2.857637703418731689e-01	-4.501128494739532471e-01	4.043161571025848389e-01	-1.746136695146560669e-04
3.113569021224975586e-01	-4.540097713470458984e-02	-8.187818527221679688e-02	-3.944963812828063965e-01	1.971703767776489258e-01	3.383862972259521484e-01	4.234533309936523438e-01	-5.083939433097839355e-01	8.117388933897018433e-02	3.732567131519317627e-01
-3.286151885986328125e-01	1.407377719879150391e-01	6.297142505645751953e-01	7.653803825378417969e-01	-5.306468009948730469e-01	-1.957681179046630859e-01	-6.937639713287353516e-01	-1.476454734802246094e-02	2.784848213195800781e-02	-1.731736660003662109e-01
8.259561657905578613e-02	-5.576559305191040039e-01	5.638482570648193359e-01	2.009534835815429688e-01	6.410069465637207031e-01	1.134974211454391479e-01	6.556770205497741699e-01	-3.963857293128967285e-01	-5.976331830024719238e-01	1.787727475166320801e-01
-3.936730623245239258e-01	-3.406701236963272095e-02	3.030154407024383545e-01	-9.208325147628784180e-01	-4.300736188888549805e-01	4.475709497928619385e-01	-7.578433156013488770e-01	-2.068133056163787842e-01	4.399664103984832764e-01	-2.367572188377380371e-01
5.700868368148803711e-01	2.248807847499847412e-01	3.495484292507171631e-01	-1.069192215800285339e-01	-1.168780475854873657e-01	4.226436614990234375e-01	4.204764068126678467e-01	-4.436452984809875488e-01	4.055732190608978271e-01	1.311672478914260864e-01
4.859511256217956543e-01	-4.438059926033020020e-01	1.849395036697387695e-01	2.305870205163955688e-01	-2.550643086433410645e-01	-3.272296190261840820e-01	-6.476132869720458984e-01	7.874419540166854858e-02	2.076907306909561157e-01	1.328490674495697021e-01
-1.245166808366775513e-01	-5.586889386177062988e-01	-3.330306708812713623e-01	-3.460800051689147949e-01	4.411332011222839355e-01	-6.625051498413085938e-01	2.646703645586967468e-02	6.797475218772888184e-01	2.860825881361961365e-02	-7.031045556068420410e-01
5.348756909370422363e-01	-9.776572883129119873e-02	1.787297576665878296e-01	-1.904395073652267456e-01	-1.055292114615440369e-01	3.627115190029144287e-01	3.563956916332244873e-01	-5.503125786781311035e-01	2.709933817386627197e-01	5.678251013159751892e-02
6.450514197349548340e-01	3.835080564022064209e-02	1.728287041187286377e-01	-2.745810747146606445e-01	-2.830445170402526855e-01	3.013686835765838623e-01	4.045485258102416992e-01	-4.286435544490814209e-01	2.023398429155349731e-01	-5.673107877373695374e-02
3.457459211349487305e-01	9.207293391227722168e-02	-1.338177770376205444e-01	5.115503668785095215e-01	-4.408405721187591553e-01	-2.000687420368194580e-01	-1.816956996917724609e-01	4.045983254909515381e-01	3.409945070743560791e-01	-4.577843546867370605e-01
9.272463321685791016e-01	6.474918127059936523e-01	-5.811083912849426270e-01	3.524041771888732910e-01	6.883417963981628418e-01	4.424774348735809326e-01	6.087329387664794922e-01	-2.000561356544494629e-01	5.613400340080261230e-01	7.575796842575073242e-01
1.067632555961608887e+00	4.695715010166168213e-01	3.720201849937438965e-01	-1.145584210753440857e-01	-1.289075016975402832e-01	4.971180260181427002e-01	-8.849512338638305664e-01	-2.361490428447723389e-01	8.042562603950500488e-01	-2.525035440921783447e-01
-1.137216482311487198e-02	1.023905873298645020e-01	1.196857392787933350e-01	-2.883608639240264893e-01	4.226467311382293701e-01	2.027595490217208862e-01	6.018580198287963867e-01	-3.521416485309600830e-01	4.279668331146240234e-01	8.146105706691741943e-02
8.323681354522705078e-02	4.004294872283935547e-01	-6.579107139259576797e-03	-3.170703053474426270e-01	-2.176811993122100830e-01	4.373696148395538330e-01	3.635575771331787109e-01	-5.579567700624465942e-02	7.963597178459167480e-01	-2.476135194301605225e-01
5.088607072830200195e-01	-4.602679014205932617e-01	4.823924005031585693e-01	-9.609096646308898926e-01	6.602258086204528809e-01	-7.405590415000915527e-01	-5.970299616456031799e-02	-5.291221141815185547e-01	6.803268194198608398e-01	-5.370473861694335938e-02
8.265190720558166504e-01	-6.761253476142883301e-01	-1.980686485767364502e-01	3.860891759395599365e-01	-5.418619513511657715e-01	8.597743511199951172e-01	-1.168943345546722412e-01	7.108649611473083496e-01	-8.468139767646789551e-01	-4.306095540523529053e-01
2.413676530122756958e-01	-1.776042282581329346e-01	-3.060413897037506104e-01	5.905192494392395020e-01	-8.652868866920471191e-01	-5.588682293891906738e-01	-6.663838624954223633e-01	5.460543632507324219e-01	5.194509029388427734e-01	5.753419399261474609e-01
-7.571939826011657715e-01	4.962448775768280029e-01	-7.494707107543945312e-01	-5.005308985710144043e-01	2.716530263423919678e-01	7.786117792129516602e-01	5.938085317611694336e-01	-4.137718081474304199e-01	1.647193543612957001e-02	-1.604994684457778931e-01
5.004944801330566406e-01	6.028890609741210938e-02	3.751780986785888672e-01	-9.851505756378173828e-01	9.776999950408935547e-01	3.162872791290283203e-01	-4.189338684082031250e-01	-5.282337665557861328e-01	-9.998726844787597656e-01	9.002182483673095703e-01
3.418730795383453369e-01	-3.892837762832641602e-01	-2.486675977706909180e-01	-5.010261386632919312e-02	-3.683985397219657898e-02	4.268618673086166382e-02	-8.729980140924453735e-02	-3.439995944499969482e-01	-6.544960290193557739e-02	5.557627975940704346e-02
-1.913238018751144409e-01	4.239191114902496338e-01	-3.973989784717559814e-01	-4.315597414970397949e-01	6.183123588562011719e-01	9.246327877044677734e-01	1.868511899374425411e-03	-5.702068209648132324e-01	7.078333497047424316e-01	-6.496351361274719238e-01
1.304660439491271973e+00	4.340197890996932983e-02	6.851163506507873535e-01	-3.402432799339294434e-01	3.581292927265167236e-01	-5.235522389411926270e-01	-2.556191980838775635e-01	-3.455025255680084229e-01	1.210887908935546875e+00	-4.782131016254425049e-01
5.325670242309570312e-01	7.088907808065414429e-02	1.387064158916473389e-01	-2.659199535846710205e-01	-1.846791803836822510e-01	2.412183880805969238e-01	3.802034258842468262e-01	-2.635786533355712891e-01	3.129456043243408203e-01	1.268239915370941162e-01
6.013853549957275391e-01	1.003600656986236572e-01	1.914082467555999756e-01	4.508128855377435684e-03	-1.411222666501998901e-01	4.061204195022583008e-01	3.719973862171173096e-01	-4.602516889572143555e-01	3.936147987842559814e-01	2.187479138374328613e-01
5.512885451316833496e-01	1.474834084510803223e-01	2.163877338171005249e-01	-2.517802715301513672e-01	-1.719268709421157837e-01	4.260614514350891113e-01	2.677575945854187012e-01	-4.854411184787750244e-01	3.277418017387390137e-01	1.791264116764068604e-02
1.885927915573120117e-01	3.422414138913154602e-02	1.563419252634048462e-01	2.055210471153259277e-01	3.842814564704895020e-01	-3.076764345169067383e-01	6.448307633399963379e-02	2.506214678287506104e-01	7.137082219123840332e-01	-4.613572061061859131e-01
-1.671161204576492310e-01	1.082426831126213074e-01	-1.674939692020416260e-01	6.389467418193817139e-02	5.958778262138366699e-01	-1.687642559409141541e-02	6.227423995733261108e-02	-5.021457672119140625e-01	7.685564756393432617e-01	-4.152326881885528564e-01
-8.145226836204528809e-01	4.625120665878057480e-03	-5.470802187919616699e-01	-2.734408974647521973e-01	5.158300995826721191e-01	-8.124974370002746582e-01	-7.046718150377273560e-02	5.801344513893127441e-01	1.566390879452228546e-02	6.954487562179565430e-01
3.341935202479362488e-02	-6.481192111968994141e-01	2.520561218261718750e-01	1.011582165956497192e-01	6.236259937286376953e-01	7.894031703472137451e-02	2.240372821688652039e-02	-2.773234546184539795e-01	3.070724904537200928e-01	-1.120885729789733887e+00
1.756775379180908203e-01	-8.409843444824218750e-01	3.920323848724365234e-01	-2.187876701354980469e-01	-3.342926502227783203e-01	-3.237485885620117188e-03	-9.199752807617187500e-01	7.211463451385498047e-01	-8.434236049652099609e-01	-9.462964534759521484e-01
4.844070076942443848e-01	2.074719071388244629e-01	1.712049841880798340e-01	-1.750640422105789185e-01	-1.611936464905738831e-02	4.352892041206359863e-01	3.374794721603393555e-01	-2.689050734043121338e-01	3.469946682453155518e-01	-8.305691182613372803e-02
7.062635421752929688e-01	4.474442303180694580e-01	1.976349949836730957e-01	1.811558380722999573e-03	6.320271492004394531e-01	6.645345091819763184e-01	-2.935687303543090820e-01	-7.511849999427795410e-01	6.265035271644592285e-01	-2.892546653747558594e-01
5.090224742889404297e-01	2.787695266306400299e-03	4.167842268943786621e-01	-2.760290801525115967e-01	3.785803914070129395e-02	3.273857831954956055e-01	4.402103424072265625e-01	-3.657038509845733643e-01	2.798561453819274902e-01	-6.813387153670191765e-04
-2.000379562377929688e-01	-3.078329563140869141e-01	-1.218972206115722656e-01	2.553057670593261719e-02	-4.005897045135498047e-01	-7.158901691436767578e-01	-6.368167400360107422e-01	6.051511764526367188e-01	-8.386840820312500000e-01	7.161819934844970703e-01
-3.142611384391784668e-01	6.019788384437561035e-01	-1.980294138193130493e-01	6.941412091255187988e-01	-1.383234262466430664e-01	4.579464197158813477e-01	-3.007583022117614746e-01	-5.964097380638122559e-01	5.952847599983215332e-01	5.374361276626586914e-01
2.106551676988601685e-01	-4.664135277271270752e-01	-9.879539012908935547e-01	5.640659332275390625e-01	-8.862308263778686523e-01	3.729225397109985352e-01	3.270306289196014404e-01	-1.576451420783996582e+00	1.224670410156250000e+00	-2.115262150764465332e-01
4.255579411983489990e-01	1.660194247961044312e-01	2.048657983541488647e-01	-8.196542412042617798e-02	-3.845655024051666260e-01	-3.164918124675750732e-01	-3.993606194853782654e-02	3.659137785434722900e-01	5.003950595855712891e-01	-1.342125684022903442e-01
-3.534071445465087891e-01	-1.520342528820037842e-01	4.218706488609313965e-01	-1.048217639327049255e-01	3.843753635883331299e-01	-9.291878342628479004e-01	2.802744209766387939e-01	1.640592962503433228e-01	1.502440571784973145e-01	2.425012886524200439e-01
7.366639971733093262e-01	4.718107283115386963e-01	1.021794438362121582e+00	-7.569772005081176758e-01	5.131026506423950195e-01	1.566268801689147949e-01	5.768840312957763672e-01	3.196301758289337158e-01	-1.868547499179840088e-01	1.271486580371856689e-01
-3.706231117248535156e-01	3.003439903259277344e-01	-9.795341491699218750e-01	5.925977230072021484e-01	5.648460388183593750e-01	6.648182868957519531e-01	-1.691272258758544922e-01	4.649276733398437500e-01	-2.365107536315917969e-01	8.201799392700195312e-01
5.950900912284851074e-01	4.579195380210876465e-02	1.775432676076889038e-01	-1.951295882463455200e-01	-6.455460190773010254e-02	8.169543743133544922e-02	2.543691694736480713e-01	-3.297570049762725830e-01	3.710910379886627197e-01	-4.165242426097393036e-03
-3.644160032272338867e-01	6.563264727592468262e-01	5.166659504175186157e-02	-3.057230114936828613e-01	-6.368800997734069824e-01	7.715465426445007324e-01	-1.249274164438247681e-01	1.712707728147506714e-01	3.439555764198303223e-01	4.621877372264862061e-01
-8.383412957191467285e-01	1.097456932067871094e+00	1.339294761419296265e-01	-2.075078636407852173e-01	-6.068603396415710449e-01	3.099707365036010742e-01	1.409025192260742188e+00	8.107634782791137695e-01	4.230096638202667236e-01	6.994891762733459473e-01
4.045617580413818359e-01	9.668169021606445312e-01	-1.779954433441162109e-01	7.018566131591796875e-02	6.680724620819091797e-01	3.475761413574218750e-01	-8.395190238952636719e-01	-8.074140548706054688e-02	7.250201702117919922e-01	5.580523014068603516e-01
5.623767971992492676e-01	9.674235433340072632e-02	1.380408853292465210e-01	-5.480972677469253540e-02	-1.565663963556289673e-01	5.902467370033264160e-01	-2.735219895839691162e-01	-5.171861648559570312e-01	1.272587925195693970e-01	3.714174926280975342e-01
-1.765856146812438965e-01	2.312414795160293579e-01	5.079830884933471680e-01	-7.441611886024475098e-01	-4.801020920276641846e-01	6.819381564855575562e-02	8.126977086067199707e-01	2.302747964859008789e-01	-8.264278173446655273e-01	4.670494198799133301e-01
3.618057072162628174e-01	4.413599073886871338e-01	-1.885990351438522339e-01	2.727208733558654785e-01	3.393154740333557129e-01	1.197606921195983887e-01	6.233348250389099121e-01	-1.446077376604080200e-01	-9.389164298772811890e-02	3.218030929565429688e-01
-6.291012763977050781e-01	9.748280048370361328e-01	-8.593977689743041992e-01	2.950320541858673096e-01	1.567630842328071594e-02	4.650850296020507812e-01	9.225143194198608398e-01	-7.778354883193969727e-01	-2.016311585903167725e-01	5.917948484420776367e-01
1.166383922100067139e-01	1.126638054847717285e+00	1.422559380531311035e+00	7.789896726608276367e-01	8.180394768714904785e-01	-1.179257035255432129e+00	5.731834098696708679e-02	-1.413671851158142090e+00	1.250644207000732422e+00	1.277983188629150391e+00
3.065458238124847412e-01	4.019179642200469971e-01	1.605737060308456421e-01	-4.800029098987579346e-02	-3.284126222133636475e-01	3.476400375366210938e-01	5.427253842353820801e-01	-6.853876262903213501e-02	4.683107435703277588e-01	-8.799314498901367188e-02
-9.373762607574462891e-01	4.538269042968750000e-01	-7.271146774291992188e-02	-1.157341003417968750e-01	7.597882747650146484e-01	-9.683828353881835938e-01	-9.937651157379150391e-01	-8.339316844940185547e-01	-4.458220005035400391e-01	4.035062789916992188e-01
1.447528362274169922e+00	1.483583152294158936e-01	-1.042767763137817383e-01	7.908555269241333008e-01	-3.036061525344848633e-01	4.630469679832458496e-01	1.067385196685791016e+00	-8.423593044281005859e-01	-1.469301462173461914e+00	2.193725109100341797e-01
8.290696144104003906e-01	-6.064920425415039062e-01	-9.353582859039306641e-01	5.986118316650390625e-02	-6.904861927032470703e-01	7.153561115264892578e-01	6.034495830535888672e-01	9.064497947692871094e-01	2.038521766662597656e-01	5.384900569915771484e-01
8.699557185173034668e-01	-2.638055980205535889e-01	6.478203535079956055e-01	-4.779606461524963379e-01	8.931963443756103516e-01	-3.668231368064880371e-01	9.159316420555114746e-01	-1.565602272748947144e-01	6.637800335884094238e-01	9.275584220886230469e-01
-3.005965352058410645e-01	-4.537765681743621826e-01	2.202149927616119385e-01	-2.094599902629852295e-01	5.759953260421752930e-01	-8.597952723503112793e-01	6.810083985328674316e-01	1.063595935702323914e-01	9.189371466636657715e-01	1.556139737367630005e-01
-5.506319403648376465e-01	-3.687095046043395996e-01	9.020269513130187988e-01	-5.833878517150878906e-01	-5.100719928741455078e-01	-2.912947833538055420e-01	4.021040797233581543e-01	-2.187870442867279053e-02	3.679430782794952393e-01	-7.446810007095336914e-01
1.310517936944961548e-01	9.456205368041992188e-02	-1.453708298504352570e-02	3.526537716388702393e-01	4.649626314640045166e-01	6.514487862586975098e-01	4.521600604057312012e-01	-5.416482686996459961e-01	-8.431965857744216919e-02	7.569239288568496704e-02
5.834357142448425293e-01	8.060216903686523438e-02	2.731713056564331055e-01	-2.802672684192657471e-01	-1.355542838573455811e-01	3.890609145164489746e-01	2.552596032619476318e-01	-3.203073143959045410e-01	4.217676818370819092e-01	-1.235098019242286682e-02
1.330160498619079590e-01	-5.264177322387695312e-01	-3.754532933235168457e-01	2.456773966550827026e-01	3.238275945186614990e-01	-1.439778804779052734e-01	4.022868871688842773e-01	-2.450069487094879150e-01	-7.726909518241882324e-01	-5.117247700691223145e-01
3.916230499744415283e-01	7.596056908369064331e-02	1.710161715745925903e-01	-4.779083728790283203e-01	-4.434159994125366211e-01	1.145205497741699219e-01	1.168036907911300659e-01	-4.741450026631355286e-02	7.297410368919372559e-01	2.090299688279628754e-02
6.461293995380401611e-02	6.262869834899902344e-01	-1.303609311580657959e-01	-3.299325108528137207e-01	4.224928319454193115e-01	-1.479914635419845581e-01	5.748950242996215820e-01	-4.690053761005401611e-01	3.071335256099700928e-01	8.550404310226440430e-01
-1.473534256219863892e-01	3.521083295345306396e-01	-5.040553808212280273e-01	-1.301212549209594727e+00	2.616415917873382568e-01	2.353681623935699463e-02	-2.738064527511596680e-01	7.686228156089782715e-01	1.063615322113037109e+00	1.782857775688171387e-01
9.145292639732360840e-01	-6.878683567047119141e-01	-1.029372811317443848e+00	-1.696280241012573242e+00	-1.069840073585510254e+00	2.755522727966308594e+00	1.001382917165756226e-01	9.547480940818786621e-01	-1.546166986227035522e-01	-1.522723078727722168e+00
4.371365308761596680e-01	-4.444104805588722229e-02	3.374699056148529053e-01	-1.821465343236923218e-01	-8.792623132467269897e-02	3.663629591464996338e-01	4.034702181816101074e-01	-3.529511988162994385e-01	3.551896214485168457e-01	-1.094294339418411255e-01
4.787955582141876221e-01	7.084811925888061523e-01	-8.849908411502838135e-02	-2.592151761054992676e-01	3.174980636686086655e-03	3.401032984256744385e-01	-3.059530556201934814e-01	1.085100024938583374e-01	6.612547636032104492e-01	3.110106885433197021e-01
