1.009225368499755859e+00	1.449034333229064941e+00	-1.343772411346435547e+00	9.692026674747467041e-02	-9.667825102806091309e-01	-7.340533137321472168e-01	-6.258491277694702148e-01	-2.035476714372634888e-01	1.450160026550292969e+00	7.905296981334686279e-02
8.149261772632598877e-02	-1.565870046615600586e-01	-1.427640020847320557e-01	7.169329524040222168e-01	2.717560231685638428e-01	-7.847882062196731567e-02	4.488211572170257568e-01	6.863125562667846680e-01	-1.329036336392164230e-02	-3.886793553829193115e-01
-7.572528719902038574e-02	-1.032492890954017639e-01	-3.755170404911041260e-01	-7.957247495651245117e-01	6.682682782411575317e-02	5.106512308120727539e-01	-4.236299395561218262e-01	6.537044048309326172e-01	-4.908375442028045654e-01	2.008846104145050049e-01
1.587773114442825317e-01	4.030753858387470245e-03	-1.285726726055145264e-01	-5.577906370162963867e-01	-7.815799862146377563e-02	7.372966408729553223e-02	-1.679713279008865356e-01	4.139765799045562744e-01	-7.999107241630554199e-02	2.046759724617004395e-01
1.039455533027648926e-01	-2.870936319231987000e-02	4.818782806396484375e-01	2.438003271818161011e-01	-1.156203597784042358e-01	1.713462322950363159e-01	2.282168865203857422e-01	-4.715964496135711670e-01	4.731764271855354309e-02	2.344523966312408447e-01
-3.143844902515411377e-01	-3.790798187255859375e-01	-5.315323472023010254e-01	2.778874039649963379e-01	5.310561060905456543e-01	4.787118732929229736e-01	-3.273516893386840820e-01	-6.201452389359474182e-02	3.357162177562713623e-01	4.667594432830810547e-01
1.766868382692337036e-01	-3.059353493154048920e-02	-2.325442880392074585e-01	2.065653502941131592e-01	1.067658811807632446e-01	-9.923104941844940186e-02	3.816685378551483154e-01	-2.953848540782928467e-01	-9.271290153264999390e-02	1.905091106891632080e-01
1.016000285744667053e-01	1.018277183175086975e-01	-1.339892148971557617e-01	2.532215714454650879e-01	-3.296715021133422852e-01	2.608665823936462402e-01	-6.604330241680145264e-02	-5.074532032012939453e-01	1.685150563716888428e-01	4.059786498546600342e-01
-5.796547979116439819e-03	5.355544388294219971e-02	4.142586886882781982e-01	3.498378992080688477e-01	-1.294974237680435181e-01	-1.940184272825717926e-02	-4.373776018619537354e-01	2.564987540245056152e-01	-2.210436910390853882e-01	-2.365001291036605835e-01
2.931018769741058350e-01	2.327466458082199097e-01	2.664706110954284668e-01	4.618880450725555420e-01	-1.084705442190170288e-01	5.934339389204978943e-02	1.173963919281959534e-01	-2.069388180971145630e-01	-2.620753049850463867e-01	-2.349702268838882446e-01
-1.166659221053123474e-02	1.418742001987993717e-03	1.156559288501739502e-01	3.716910183429718018e-01	4.952387884259223938e-03	-3.036121726036071777e-01	-5.538285523653030396e-02	-1.445927470922470093e-01	-2.457687854766845703e-01	-2.946143746376037598e-01
4.550041556358337402e-01	-3.035326898097991943e-01	-4.849972426891326904e-01	-1.478952020406723022e-01	-4.038197100162506104e-01	2.797142602503299713e-02	4.022266268730163574e-01	3.483081702142953873e-03	9.466141462326049805e-02	-8.026506006717681885e-02
3.680397272109985352e-01	-4.495564103126525879e-02	2.117753475904464722e-01	2.750316560268402100e-01	-3.316239267587661743e-02	1.043858975172042847e-01	1.777606308460235596e-01	2.093815058469772339e-01	-2.309378981590270996e-01	-3.668600320816040039e-02
-2.516228556632995605e-01	-5.048779845237731934e-01	5.167424678802490234e-01	-9.082511812448501587e-02	6.278303265571594238e-01	6.531347036361694336e-01	4.555333852767944336e-01	5.126565694808959961e-01	-3.158780038356781006e-01	5.001070722937583923e-02
-1.045757293701171875e+00	-1.485294938087463379e+00	1.790479660034179688e+00	1.015622973442077637e+00	1.473203182220458984e+00	9.651961326599121094e-01	7.966200709342956543e-01	3.690772056579589844e-01	-1.817756652832031250e+00	-3.176856935024261475e-01
4.873375892639160156e-01	6.663164496421813965e-01	2.924575805664062500e-01	2.766050994396209717e-01	7.485619932413101196e-02	-2.557068765163421631e-01	1.285512894392013550e-01	-2.216611504554748535e-01	4.468277096748352051e-01	5.122174620628356934e-01
2.361736595630645752e-01	-9.364185854792594910e-03	4.737476706504821777e-01	5.644711852073669434e-01	-5.898733139038085938e-01	4.688772857189178467e-01	-2.394807338714599609e-01	-8.416032791137695312e-01	-7.320960760116577148e-01	9.990172088146209717e-02
1.500714942812919617e-02	1.873097866773605347e-01	2.799793183803558350e-01	-2.137376964092254639e-01	-3.313909173011779785e-01	3.088786900043487549e-01	4.914252161979675293e-01	-3.962993025779724121e-01	-1.724323034286499023e-01	6.129721403121948242e-01
-9.489901661872863770e-01	4.666511118412017822e-01	3.813177347183227539e-01	4.550091326236724854e-01	5.172133445739746094e-01	3.854815661907196045e-01	-3.329267203807830811e-01	-3.944585099816322327e-02	7.205665111541748047e-01	-7.485456466674804688e-01
-2.740794420242309570e-01	3.329047560691833496e-01	-9.141515940427780151e-02	-3.072739839553833008e-01	-5.343968868255615234e-01	1.871357262134552002e-01	1.094303354620933533e-01	4.373990893363952637e-01	-2.936852872371673584e-01	-2.413528114557266235e-01
-4.730122536420822144e-02	9.798412770032882690e-02	3.740891814231872559e-01	-1.599906086921691895e-01	-2.752901017665863037e-01	2.319025099277496338e-01	-3.738338351249694824e-01	-2.428569793701171875e-01	-2.244593352079391479e-01	-6.515078991651535034e-02
2.686250805854797363e-01	3.745472729206085205e-01	2.828643620014190674e-01	2.014880478382110596e-01	-1.603013575077056885e-01	7.118236273527145386e-02	-2.884308993816375732e-01	2.084823846817016602e-01	-5.201123952865600586e-01	1.644567400217056274e-01
4.012277722358703613e-01	-8.950932323932647705e-02	1.048940196633338928e-01	-1.809497624635696411e-01	2.532058358192443848e-01	-2.858872115612030029e-01	6.570361852645874023e-01	-1.167667061090469360e-01	3.281925618648529053e-01	7.044436931610107422e-01
-9.237023442983627319e-02	-3.659707307815551758e-01	-3.912442326545715332e-01	9.327743947505950928e-02	2.085780203342437744e-01	-1.402947902679443359e-01	-7.319954037666320801e-02	1.875872015953063965e-01	1.802266389131546021e-01	1.311779469251632690e-01
-6.541608572006225586e-01	1.878190338611602783e-01	2.994464933872222900e-01	3.439853340387344360e-02	1.664038449525833130e-01	-2.781353592872619629e-01	-3.848398625850677490e-01	-2.914861440658569336e-01	8.003428578376770020e-02	-2.579811513423919678e-01
9.762520194053649902e-01	-5.580735802650451660e-01	4.811958074569702148e-01	-4.018762707710266113e-01	-1.661813408136367798e-01	-1.084472388029098511e-01	5.304784774780273438e-01	1.362461149692535400e-01	4.061991870403289795e-01	3.009894788265228271e-01
-6.950075626373291016e-01	1.179791390895843506e-01	4.194384515285491943e-01	7.885724902153015137e-01	2.656470537185668945e-01	-2.664019465446472168e-01	-5.725277662277221680e-01	-7.059348225593566895e-01	-3.745496571063995361e-01	-1.810938119888305664e-01
4.288119971752166748e-01	-3.538307547569274902e-01	5.291212201118469238e-01	-2.969873845577239990e-01	-4.578692317008972168e-01	3.089562058448791504e-01	-2.384572625160217285e-01	-2.647955715656280518e-02	-1.239777952432632446e-01	1.528502255678176880e-01
2.434788830578327179e-02	4.856101870536804199e-01	1.980313509702682495e-01	3.267615437507629395e-01	-1.365928053855895996e-01	-1.041325181722640991e-01	6.134871840476989746e-01	-2.985531687736511230e-01	5.018930435180664062e-01	1.684408634901046753e-01
5.174860358238220215e-01	1.074105501174926758e-01	4.749930500984191895e-01	1.833062320947647095e-01	-7.439928501844406128e-02	2.662909626960754395e-01	1.724569052457809448e-01	1.742183268070220947e-01	-2.479033768177032471e-01	2.926570475101470947e-01
-3.748935163021087646e-01	3.036143630743026733e-02	-1.656671613454818726e-01	7.990995049476623535e-02	7.859871536493301392e-02	6.802403330802917480e-01	6.982574462890625000e-01	-7.584710121154785156e-01	-4.472651183605194092e-01	-7.584335207939147949e-01
2.371010631322860718e-01	-1.869359612464904785e-01	-2.459463775157928467e-01	4.168079793453216553e-02	3.417547941207885742e-01	3.041233122348785400e-01	4.218930900096893311e-01	6.174787878990173340e-02	3.708162009716033936e-01	4.472964704036712646e-01
6.902742981910705566e-01	1.546769291162490845e-01	-2.975076735019683838e-01	1.336845010519027710e-01	-6.739088892936706543e-01	5.118092894554138184e-01	2.078771293163299561e-01	-3.605509102344512939e-01	-4.926326274871826172e-01	2.715490572154521942e-02
-5.999650955200195312e-01	8.423765897750854492e-01	6.459105610847473145e-01	1.794892400503158569e-01	-5.064657926559448242e-01	2.317904382944107056e-01	8.010329604148864746e-01	9.329073429107666016e-01	6.418781280517578125e-01	7.155757546424865723e-01
-3.060650229454040527e-01	8.957538008689880371e-02	2.979579567909240723e-01	2.238940149545669556e-01	-1.420366466045379639e-01	9.743133932352066040e-02	3.257453739643096924e-01	-5.013647079467773438e-01	-2.321828752756118774e-01	3.976606726646423340e-01
-2.839578092098236084e-01	1.690708845853805542e-01	8.777882158756256104e-02	2.599558532238006592e-01	3.111825287342071533e-01	-2.423679828643798828e-01	-1.098487749695777893e-01	-9.572703391313552856e-02	1.663701683282852173e-01	-6.199217215180397034e-02
2.657743096351623535e-01	-2.773633003234863281e-01	-1.156166102737188339e-02	-5.258966684341430664e-01	-4.325096309185028076e-01	-1.220890432596206665e-01	-1.788483373820781708e-02	1.962920427322387695e-01	3.790137171745300293e-01	-1.948929727077484131e-01
-4.319804012775421143e-01	1.745038479566574097e-01	-3.519750237464904785e-01	3.956254720687866211e-01	4.025206565856933594e-01	1.164807751774787903e-01	-1.723177284002304077e-01	3.174860402941703796e-02	2.623966932296752930e-01	-2.285403311252593994e-01
1.218479219824075699e-02	7.070760242640972137e-03	1.437479555606842041e-01	3.827891126275062561e-02	-2.591373920440673828e-01	2.085398137569427490e-02	-1.232404541224241257e-02	2.275349497795104980e-01	-3.028364181518554688e-01	2.719708345830440521e-02
-3.577630221843719482e-01	-7.055268436670303345e-02	-2.861835062503814697e-01	-4.491723477840423584e-01	-9.260670095682144165e-02	9.753828495740890503e-02	3.119653463363647461e-01	-2.360472083091735840e-01	3.085966110229492188e-01	-1.031097918748855591e-01
-1.702343672513961792e-01	-7.466291189193725586e-01	1.293762028217315674e-01	7.301758527755737305e-01	3.029883503913879395e-01	1.452756226062774658e-01	-5.956072211265563965e-01	-1.707023680210113525e-01	-3.443025350570678711e-01	1.600502431392669678e-01
2.527162730693817139e-01	7.847905158996582031e-02	-2.496767491102218628e-01	2.454662322998046875e-01	1.077881380915641785e-01	2.049112319946289062e-01	4.406911432743072510e-01	4.663449153304100037e-02	2.917906045913696289e-01	4.061401262879371643e-02
1.082264557480812073e-01	-2.502295970916748047e-01	-2.665785253047943115e-01	-1.356705278158187866e-01	-2.141541242599487305e-01	1.929994821548461914e-01	-2.320939004421234131e-01	1.289952546358108521e-01	9.384108334779739380e-02	-2.127747982740402222e-01
-2.692762911319732666e-01	2.700576372444629669e-02	-8.857793360948562622e-02	-5.442770719528198242e-01	4.355502426624298096e-01	2.573714554309844971e-01	-7.380650937557220459e-02	1.437077224254608154e-01	3.562922775745391846e-01	3.737458214163780212e-02
-1.277555674314498901e-01	1.389600895345211029e-02	-5.852733552455902100e-02	-2.037622928619384766e-01	1.355270445346832275e-01	2.037534266710281372e-01	2.291412651538848877e-01	-1.852003931999206543e-01	7.301941048353910446e-03	4.631919562816619873e-01
-2.616487145423889160e-01	3.511312901973724365e-01	-3.799348175525665283e-01	6.041047573089599609e-01	1.569511741399765015e-01	-4.008105397224426270e-01	1.982095986604690552e-01	-4.656075537204742432e-01	-1.304531563073396683e-02	3.501102328300476074e-01
6.171092391014099121e-01	-2.205120921134948730e-01	1.308163441717624664e-02	2.789573371410369873e-01	4.998195767402648926e-01	2.462228387594223022e-01	1.475062370300292969e-01	3.431116640567779541e-01	-2.873494029045104980e-01	-4.007233381271362305e-01
1.446378678083419800e-01	3.002860844135284424e-01	-2.408636808395385742e-01	8.688061833381652832e-01	-7.536181807518005371e-01	-1.071424186229705811e-01	4.318594634532928467e-01	7.768932580947875977e-01	-5.179283022880554199e-01	3.774991333484649658e-01
8.109808713197708130e-02	-5.603834614157676697e-02	3.387566208839416504e-01	3.870056569576263428e-01	-2.899571657180786133e-01	-5.390968546271324158e-02	-5.897729843854904175e-02	-1.105360463261604309e-01	-2.909746766090393066e-01	-1.293223500251770020e-01
1.143527403473854065e-01	-2.061236500740051270e-01	-1.736916005611419678e-01	-2.331282496452331543e-01	-4.498933851718902588e-01	-1.640316694974899292e-01	-2.670040726661682129e-01	-6.147908568382263184e-01	-6.040629744529724121e-01	-3.023172616958618164e-01
6.898708641529083252e-02	6.867218613624572754e-01	6.850884556770324707e-01	2.850913405418395996e-01	-1.472601443529129028e-01	4.006588459014892578e-01	-2.517983913421630859e-01	-1.577011793851852417e-01	-3.875943720340728760e-01	1.100421696901321411e-01
4.751428067684173584e-01	3.190327882766723633e-01	5.072599053382873535e-01	-3.274848461151123047e-01	-7.638949900865554810e-02	4.890312254428863525e-01	-2.116606384515762329e-01	-2.785508334636688232e-01	-1.725495755672454834e-01	5.425189808011054993e-02
5.362206697463989258e-01	-5.542548298835754395e-01	7.353126406669616699e-01	2.230098545551300049e-01	-5.061590671539306641e-01	3.458170294761657715e-01	-2.201460152864456177e-01	-5.125988125801086426e-01	4.403380751609802246e-01	4.801844358444213867e-01
-6.463073194026947021e-02	-1.004950851202011108e-01	2.520952224731445312e-01	8.228770643472671509e-02	1.581860780715942383e-01	-1.549886465072631836e-01	-2.856651544570922852e-01	2.315340638160705566e-01	-1.090595275163650513e-01	-1.297893971204757690e-01
-1.230366230010986328e-01	-4.191440939903259277e-01	4.402575194835662842e-01	-5.045469999313354492e-01	4.376734197139739990e-01	2.667143344879150391e-01	-2.790752053260803223e-01	-1.459156572818756104e-01	2.382841408252716064e-01	4.264807999134063721e-01
-6.822013854980468750e-01	3.437667191028594971e-01	4.018595218658447266e-01	-7.839424163103103638e-02	2.925335168838500977e-01	8.220459818840026855e-01	-5.604707598686218262e-01	-4.231693595647811890e-02	8.405919671058654785e-01	-7.386545538902282715e-01
-1.858906894922256470e-01	2.798538208007812500e-01	7.972199469804763794e-03	-4.854069650173187256e-01	1.186977550387382507e-01	5.790130496025085449e-01	-5.279502868652343750e-01	-9.163084626197814941e-01	6.203085184097290039e-01	-8.399558663368225098e-01
-1.480476260185241699e-01	1.524432152509689331e-01	-4.243738651275634766e-01	3.498580455780029297e-01	-2.534345388412475586e-01	4.342359304428100586e-01	3.776506185531616211e-01	-2.394100651144981384e-02	2.838590182363986969e-02	1.354544796049594879e-02
-4.972515627741813660e-02	3.240525722503662109e-01	3.469827473163604736e-01	6.179350614547729492e-01	1.983024179935455322e-01	5.038888454437255859e-01	1.654236316680908203e-01	4.922651052474975586e-01	4.173743128776550293e-01	1.307654082775115967e-01
-1.290313601493835449e-01	9.313581138849258423e-02	3.784863278269767761e-02	-2.415565103292465210e-01	3.809392824769020081e-02	4.139979183673858643e-02	1.019665375351905823e-01	1.276898086071014404e-01	7.758546620607376099e-02	3.479149937629699707e-01
-3.696306645870208740e-01	-1.884742528200149536e-01	4.927182793617248535e-01	3.071677684783935547e-01	-7.475513219833374023e-01	-1.182217523455619812e-01	-6.859461665153503418e-01	-7.543615251779556274e-02	-4.492620527744293213e-01	-2.893717885017395020e-01
2.912281453609466553e-01	2.456983737647533417e-02	4.124190509319305420e-01	-7.172641903162002563e-02	1.939605474472045898e-01	-5.390776321291923523e-03	-2.607167363166809082e-01	4.654552638530731201e-01	1.561550199985504150e-01	-2.625018060207366943e-01
-3.162573575973510742e-01	4.827156662940979004e-01	-1.534941792488098145e-01	4.163820147514343262e-01	1.072447225451469421e-01	-4.491104185581207275e-01	2.481296956539154053e-01	-1.803563982248306274e-01	-2.182348072528839111e-01	-9.808997064828872681e-02
3.376690149307250977e-01	2.059968858957290649e-01	5.591708421707153320e-01	-5.127038955688476562e-01	-4.223531857132911682e-02	2.863313853740692139e-01	-9.584349393844604492e-02	4.058293104171752930e-01	-3.177821934223175049e-01	2.403583973646163940e-01
-3.615890443325042725e-01	4.837992191314697266e-01	-2.077765464782714844e-01	5.021079778671264648e-01	2.174416035413742065e-01	-1.938110589981079102e-01	-2.664335668087005615e-01	3.216866552829742432e-01	2.554421424865722656e-01	-5.388315320014953613e-01
2.103606313467025757e-01	-1.045300737023353577e-01	-1.544778002426028252e-03	-8.548784255981445312e-02	2.433443069458007812e-01	2.176423817873001099e-01	1.791069656610488892e-01	3.996730744838714600e-01	-1.895757578313350677e-02	3.099103271961212158e-01
-2.713428437709808350e-01	4.878371059894561768e-01	-4.329144023358821869e-03	3.423676788806915283e-01	5.955835059285163879e-02	-1.157943904399871826e-01	1.785933971405029297e-01	5.155507326126098633e-01	1.400993615388870239e-01	5.891549214720726013e-02
-9.658897668123245239e-02	-7.293842732906341553e-02	1.651133000850677490e-01	-5.242891311645507812e-01	1.643581241369247437e-01	2.958429455757141113e-01	-3.198099881410598755e-02	4.831170290708541870e-02	1.907386928796768188e-01	2.331834882497787476e-01
-2.099644839763641357e-01	6.410617828369140625e-01	-4.537005722522735596e-02	4.403178021311759949e-02	6.106902360916137695e-01	-1.242900788784027100e-01	4.082813393324613571e-03	5.106390118598937988e-01	2.909189835190773010e-02	1.018854044377803802e-02
-2.003324925899505615e-01	8.778350055217742920e-02	3.553512096405029297e-01	-1.514463871717453003e-01	3.888915479183197021e-01	9.074506163597106934e-02	-9.655536711215972900e-02	-2.906512618064880371e-01	-6.171907782554626465e-01	-1.153097152709960938e-01
-2.062345594167709351e-01	4.662153869867324829e-02	-3.896380215883255005e-02	-1.733524650335311890e-01	2.533713579177856445e-01	-2.364308759570121765e-02	-3.263389766216278076e-01	-2.043517976999282837e-01	-7.390981912612915039e-02	-9.212878346443176270e-02
3.788618743419647217e-01	-7.167545706033706665e-02	6.647877693176269531e-01	4.588558375835418701e-01	5.337954759597778320e-01	7.899986952543258667e-02	2.554505765438079834e-01	-5.491859465837478638e-02	6.284571886062622070e-01	6.874879002571105957e-01
6.107806563377380371e-01	-5.196122527122497559e-01	-1.381136178970336914e-01	-1.794126331806182861e-01	1.899692118167877197e-01	1.590954065322875977e-01	5.579253435134887695e-01	6.591355800628662109e-01	2.730513513088226318e-01	7.141577005386352539e-01
5.887939333915710449e-01	4.386804699897766113e-01	-1.521731019020080566e-01	4.102812111377716064e-01	1.044457685202360153e-02	3.875224292278289795e-01	3.654575943946838379e-01	-2.321064621210098267e-01	9.628185629844665527e-02	4.201604984700679779e-03
1.952066868543624878e-01	-3.929019570350646973e-01	-9.184058010578155518e-02	-4.228468537330627441e-01	3.415953516960144043e-01	3.551423549652099609e-01	5.347247049212455750e-02	-3.017115965485572815e-02	3.718990087509155273e-01	5.359019637107849121e-01
-7.427148520946502686e-03	-4.360235854983329773e-02	2.601746618747711182e-01	-1.649308949708938599e-01	-7.566183209419250488e-01	-5.335074290633201599e-02	-8.384770154953002930e-01	7.093990445137023926e-01	-1.297315657138824463e-01	3.042214512825012207e-01
7.971761375665664673e-02	-1.509795486927032471e-01	1.311651617288589478e-01	-8.515203744173049927e-02	-3.331500887870788574e-01	5.129533410072326660e-01	-1.585747897624969482e-01	-3.616493940353393555e-01	-3.957089781761169434e-01	1.520739942789077759e-01
-6.777188777923583984e-01	3.483721241354942322e-02	2.552578449249267578e-01	6.713058352470397949e-01	2.163142412900924683e-01	-1.865666508674621582e-01	-4.456951618194580078e-01	-1.796122789382934570e-01	-1.033384725451469421e-01	-1.811672151088714600e-01
3.772590458393096924e-01	-3.575300276279449463e-01	1.895979791879653931e-01	5.866205692291259766e-01	7.038705945014953613e-01	-4.865684211254119873e-01	6.302912235260009766e-01	9.667698293924331665e-02	8.532609343528747559e-01	2.959277033805847168e-01
-1.201351433992385864e-01	4.603261053562164307e-01	-2.510256767272949219e-01	5.253258347511291504e-02	-2.810184657573699951e-01	1.558942198753356934e-01	-1.332910917699337006e-02	-7.705769538879394531e-01	3.561604917049407959e-01	-1.427542120218276978e-01
3.823048993945121765e-02	-1.775308102369308472e-01	-4.091285765171051025e-01	-5.096531510353088379e-01	5.049195885658264160e-01	-1.585693843662738800e-02	4.944711327552795410e-01	3.663920164108276367e-01	-9.752585738897323608e-02	2.912982106208801270e-01
-1.295821964740753174e-01	1.596925593912601471e-02	-7.610333617776632309e-03	-2.722840607166290283e-01	-2.226294577121734619e-01	8.342449367046356201e-02	-2.013849616050720215e-01	7.067072391510009766e-02	-2.097945958375930786e-01	6.578081101179122925e-02
-6.569976806640625000e-01	6.510311365127563477e-01	-5.249961018562316895e-01	-3.954708576202392578e-01	3.106386065483093262e-01	-1.989377439022064209e-01	5.116333961486816406e-01	2.452044188976287842e-01	5.839419364929199219e-01	7.625432610511779785e-01
2.828582227230072021e-01	-2.446393519639968872e-01	-3.517703115940093994e-01	-1.457721889019012451e-01	3.573185503482818604e-01	1.809874475002288818e-01	2.544126510620117188e-01	3.738084733486175537e-01	3.525671362876892090e-02	2.841498255729675293e-01
5.745321512222290039e-01	-7.819009572267532349e-02	-3.853234052658081055e-01	-2.399678975343704224e-01	-7.674421370029449463e-02	-2.933521270751953125e-01	8.306822180747985840e-02	3.066642880439758301e-01	1.593618094921112061e-02	4.319018125534057617e-01
1.487751305103302002e-01	2.492768019437789917e-01	-3.598645329475402832e-01	2.094585448503494263e-01	-1.908335387706756592e-01	-9.777583181858062744e-03	1.026036664843559265e-01	2.913692891597747803e-01	5.003726575523614883e-03	-6.431927531957626343e-02
3.094927072525024414e-01	5.368310213088989258e-01	4.788160324096679688e-01	-1.245114356279373169e-01	-2.825343310832977295e-01	2.200043350458145142e-01	1.337792575359344482e-01	2.032142132520675659e-01	4.592666923999786377e-01	2.563028335571289062e-01
5.237730741500854492e-01	-8.224086463451385498e-02	-6.033711135387420654e-02	-4.812145233154296875e-01	7.092884182929992676e-01	5.821981430053710938e-01	-6.232212781906127930e-01	-2.140486091375350952e-01	-3.637066185474395752e-01	6.256044507026672363e-01
5.102985724806785583e-02	-7.505784034729003906e-01	-5.459434166550636292e-02	4.311882555484771729e-01	7.566816806793212891e-01	6.308390498161315918e-01	-8.286877870559692383e-01	7.476141452789306641e-01	5.865159630775451660e-01	-2.647409439086914062e-01
2.937760055065155029e-01	-3.736431002616882324e-01	1.686001420021057129e-01	-4.424322247505187988e-01	-2.578914165496826172e-01	4.294959008693695068e-01	-3.561656177043914795e-01	3.503092229366302490e-01	-2.845140397548675537e-01	2.475456744432449341e-01
-4.498313181102275848e-03	3.846821188926696777e-01	-3.287557065486907959e-01	-1.096434444189071655e-01	1.138496249914169312e-01	-1.475272513926029205e-02	-8.312798291444778442e-02	5.082567334175109863e-01	1.457364559173583984e-01	-1.592250168323516846e-01
6.118152141571044922e-01	6.807388365268707275e-02	2.525978088378906250e-01	5.956450700759887695e-01	1.428654342889785767e-01	3.818594217300415039e-01	3.654285669326782227e-01	6.185936182737350464e-02	3.611713051795959473e-01	-1.609327197074890137e-01
1.201001033186912537e-01	4.238510727882385254e-01	1.561022400856018066e-01	5.687588453292846680e-01	1.598034501075744629e-01	7.490121126174926758e-01	-4.056475162506103516e-01	4.989051222801208496e-01	-4.814807176589965820e-01	2.492293715476989746e-01
-2.732428908348083496e-01	5.072717666625976562e-01	6.304007768630981445e-01	-8.131175041198730469e-01	4.545025229454040527e-01	7.398427128791809082e-01	3.398419022560119629e-01	1.397468298673629761e-01	7.551018595695495605e-01	-4.897014200687408447e-01
-2.138604372739791870e-01	9.605631232261657715e-02	6.126865148544311523e-01	3.190237879753112793e-01	4.708785116672515869e-01	5.382594466209411621e-01	-5.891522765159606934e-01	-3.722128570079803467e-01	4.217429459095001221e-01	1.066003739833831787e-01
3.320584595203399658e-01	-4.680382609367370605e-01	-4.436307847499847412e-01	1.769623160362243652e-01	-4.874035418033599854e-01	4.409654736518859863e-01	-2.209956943988800049e-02	4.954036176204681396e-01	-4.419263005256652832e-01	-5.390084814280271530e-03
-1.424860954284667969e-01	-8.124202489852905273e-02	3.949089720845222473e-02	3.021926283836364746e-01	-1.189721524715423584e-01	-3.075395226478576660e-01	-3.285163342952728271e-01	-1.615190654993057251e-01	-4.500069320201873779e-01	-3.588946759700775146e-01
3.232977986335754395e-01	-4.840688705444335938e-01	-5.769998431205749512e-01	4.716887176036834717e-01	7.311931252479553223e-01	-3.112191259860992432e-01	1.430757492780685425e-01	4.525563120841979980e-01	1.881429851055145264e-01	-5.365623831748962402e-01
-2.283695787191390991e-01	3.492450341582298279e-02	4.917202517390251160e-02	-1.352404803037643433e-01	-9.821132570505142212e-02	-8.541087061166763306e-02	-7.403076440095901489e-02	-8.352158218622207642e-02	-2.726056575775146484e-01	1.423204392194747925e-01
-1.758174300193786621e-01	2.396568097174167633e-02	-1.283523440361022949e-01	-1.517408490180969238e-01	4.036821424961090088e-02	-1.524327546358108521e-01	2.025821618735790253e-02	-7.527440041303634644e-02	-1.206311807036399841e-01	-4.408940300345420837e-02
-5.299549698829650879e-01	-6.385519504547119141e-01	1.524152308702468872e-01	-1.230550333857536316e-01	-5.802177190780639648e-01	2.218962013721466064e-01	1.251905262470245361e-01	-8.540361188352108002e-03	1.457823067903518677e-01	-1.624452471733093262e-01
-7.470242679119110107e-02	1.716006249189376831e-01	5.118200778961181641e-01	-3.689042031764984131e-01	9.354668855667114258e-02	-4.116376116871833801e-02	-2.049120664596557617e-01	-5.287287235260009766e-01	4.061528444290161133e-01	2.933595180511474609e-01
-2.624525316059589386e-02	-1.877425909042358398e-01	-3.973564803600311279e-01	-4.108701646327972412e-01	-2.144528329372406006e-01	3.891244828701019287e-01	2.029865831136703491e-01	3.010916709899902344e-01	-3.373631462454795837e-02	-1.526409834623336792e-01
-1.169934645295143127e-01	7.245971262454986572e-02	5.447067692875862122e-02	-6.959187239408493042e-02	-4.461057186126708984e-01	2.106808871030807495e-01	5.159686207771301270e-01	-1.716230511665344238e-01	-1.463919579982757568e-01	-1.080445498228073120e-01
-2.122332155704498291e-01	5.121685862541198730e-01	6.167244911193847656e-02	1.585419178009033203e-01	5.082283616065979004e-01	-5.300198793411254883e-01	5.816105604171752930e-01	4.966220259666442871e-01	5.921631455421447754e-01	4.469110071659088135e-01
-1.435283198952674866e-02	-4.368623793125152588e-01	9.346192330121994019e-02	1.261644363403320312e-01	3.045552968978881836e-01	1.428182870149612427e-01	2.658891677856445312e-01	-7.061264663934707642e-02	5.671794414520263672e-01	2.473682910203933716e-01
-2.208126783370971680e-01	4.145939052104949951e-01	-6.341939326375722885e-03	4.808329641819000244e-01	-3.801942169666290283e-01	-5.810599327087402344e-01	-1.570371836423873901e-01	2.671599984169006348e-01	7.474000751972198486e-02	-7.279107570648193359e-01
7.347403168678283691e-01	-6.421843171119689941e-01	-8.641646243631839752e-03	8.865836262702941895e-02	-5.826248526573181152e-01	-4.156696796417236328e-02	1.258238852024078369e-01	7.201552987098693848e-01	-5.923686921596527100e-02	5.688706412911415100e-02
3.739628791809082031e-01	-4.719334244728088379e-01	6.644976735115051270e-01	-2.343357801437377930e-01	3.902405500411987305e-01	-1.798280179500579834e-01	-6.189694404602050781e-01	-3.482236564159393311e-01	6.398508548736572266e-01	-5.366612598299980164e-02
2.483125925064086914e-01	2.701075971126556396e-01	-1.374477986246347427e-02	5.012269616127014160e-01	-2.923599779605865479e-01	-2.205423861742019653e-01	-8.606097102165222168e-02	-4.201838374137878418e-02	-1.285945028066635132e-01	-3.592944741249084473e-01
2.473492771387100220e-01	-3.731824830174446106e-02	6.860896944999694824e-02	3.030081987380981445e-01	-6.249086931347846985e-02	-1.773262172937393188e-01	8.883844316005706787e-02	-1.756805926561355591e-01	-3.102287352085113525e-01	-7.204258441925048828e-02
-2.041490972042083740e-01	-4.587784409523010254e-01	7.348172068595886230e-01	-3.558836281299591064e-01	2.420959770679473877e-01	1.910714954137802124e-01	-6.271927356719970703e-01	-6.719988584518432617e-01	-5.828786492347717285e-01	-5.245446562767028809e-01
5.330013632774353027e-01	-5.888156890869140625e-01	3.329520225524902344e-01	2.016108781099319458e-01	-4.044801592826843262e-01	-4.418602883815765381e-01	5.062431097030639648e-01	-5.488390326499938965e-01	-1.629439890384674072e-01	6.521165370941162109e-01
4.246244207024574280e-02	-4.009175598621368408e-01	4.298647344112396240e-01	-4.462208226323127747e-02	9.339586645364761353e-02	3.953844308853149414e-01	-4.282756447792053223e-01	3.430750370025634766e-01	-1.071574464440345764e-01	4.943217635154724121e-01
-5.890712141990661621e-02	1.032519564032554626e-01	-4.179211556911468506e-01	4.056902527809143066e-01	7.168333232402801514e-02	-5.232759565114974976e-02	2.252383828163146973e-01	-2.610073089599609375e-01	-2.691796049475669861e-02	-8.823189139366149902e-02
-2.325709760189056396e-01	-9.541565179824829102e-02	1.048154979944229126e-01	4.894695281982421875e-01	-4.148873686790466309e-02	-4.479538500308990479e-01	-3.249946981668472290e-02	-2.343606948852539062e-01	1.806289106607437134e-01	-1.099299192428588867e-01
-9.296675771474838257e-02	-1.263884305953979492e-01	-2.026535272598266602e-01	-2.369062751531600952e-01	1.796388253569602966e-02	7.837986201047897339e-02	6.042797118425369263e-02	1.257866472005844116e-01	4.789029806852340698e-02	1.486376672983169556e-01
-3.918978944420814514e-02	-8.371558189392089844e-01	-3.789663687348365784e-02	-1.439209282398223877e-01	-2.983814179897308350e-01	-3.453875184059143066e-01	1.040452048182487488e-01	3.126369044184684753e-02	4.032256007194519043e-01	3.311055004596710205e-01
-1.933197230100631714e-01	1.386163234710693359e-01	-9.026060998439788818e-02	-6.218419075012207031e-01	-6.039085797965526581e-03	1.668681651353836060e-01	-3.056259639561176300e-02	5.927283167839050293e-01	-3.023156523704528809e-01	8.539956808090209961e-01
-1.052979350090026855e+00	-1.242955327033996582e+00	3.350418806076049805e-01	-1.232479095458984375e+00	2.596102356910705566e-01	-1.489183783531188965e+00	-1.436177611351013184e+00	-6.192206740379333496e-01	-8.535648584365844727e-01	2.590880870819091797e+00
-3.945633471012115479e-01	-7.994006872177124023e-01	6.949333846569061279e-02	-5.589486360549926758e-01	-4.878123998641967773e-01	-4.929557740688323975e-01	-3.754716217517852783e-01	-6.988568305969238281e-01	4.112088084220886230e-01	-2.211880311369895935e-02
1.934173703193664551e-01	-6.603188514709472656e-01	-1.535579115152359009e-01	4.809939563274383545e-01	-3.906113505363464355e-01	2.101167589426040649e-01	-1.436733733862638474e-02	-4.971017688512802124e-02	1.855975538492202759e-01	-3.775933682918548584e-01
-3.528554141521453857e-01	5.959988385438919067e-02	1.328935921192169189e-01	-3.694371283054351807e-01	5.338330939412117004e-02	1.848616451025009155e-01	-3.398696780204772949e-01	-2.878229022026062012e-01	-4.594025313854217529e-01	-4.233979880809783936e-01
-4.517537653446197510e-01	5.087592005729675293e-01	1.982659548521041870e-01	-5.300111174583435059e-01	-8.762129396200180054e-02	-5.378431826829910278e-02	-1.815070211887359619e-01	-3.917906433343887329e-02	-7.093144953250885010e-02	4.424525797367095947e-01
-6.035525798797607422e-01	2.424086481332778931e-01	2.399673014879226685e-01	-3.326760530471801758e-01	-3.576745986938476562e-01	3.746385499835014343e-02	-3.547287881374359131e-01	-1.885396093130111694e-01	-7.892554998397827148e-02	7.305305451154708862e-03
-7.204507291316986084e-02	2.122442238032817841e-02	3.845470771193504333e-02	4.389482736587524414e-01	-2.337390556931495667e-02	-1.737086102366447449e-02	-1.607427299022674561e-01	-7.142335176467895508e-02	-3.461414016783237457e-04	-2.107591629028320312e-01
8.422006666660308838e-02	-1.888519898056983948e-02	5.820508673787117004e-02	1.607239544391632080e-01	-9.522859007120132446e-02	8.104912936687469482e-02	-7.922007888555526733e-02	-1.709634810686111450e-01	-2.734532654285430908e-01	3.739077225327491760e-02
2.887581884860992432e-01	-2.266021668910980225e-01	2.164081037044525146e-01	4.685184359550476074e-01	-1.981678418815135956e-02	-5.180864408612251282e-02	1.320782303810119629e-01	-1.201892271637916565e-01	1.114947572350502014e-01	-2.723879814147949219e-01
3.397408127784729004e-01	-1.992508023977279663e-01	2.571097314357757568e-01	6.303697824478149414e-01	-3.347723186016082764e-01	5.358642339706420898e-01	-4.965565800666809082e-01	4.242568016052246094e-01	-5.821000933647155762e-01	-8.023993968963623047e-01
2.012800276279449463e-01	-3.524212837219238281e-01	-5.209004282951354980e-01	-2.896321415901184082e-01	-4.589593410491943359e-01	7.531682495027780533e-03	9.804287552833557129e-02	4.208920896053314209e-01	-4.868069663643836975e-02	1.264833360910415649e-01
5.984172970056533813e-02	1.615282744169235229e-01	-3.590979427099227905e-02	-2.830605581402778625e-02	4.956467822194099426e-02	-1.352573037147521973e-01	2.334339767694473267e-01	2.152525484561920166e-01	2.293278872966766357e-01	1.717212982475757599e-02
-6.484242677688598633e-01	-8.759565651416778564e-03	1.983309686183929443e-01	6.231364607810974121e-01	3.246881663799285889e-01	-4.185091853141784668e-01	4.036287218332290649e-02	-1.369398683309555054e-01	7.096264362335205078e-01	-6.116185784339904785e-01
-2.572000622749328613e-01	-8.851913735270500183e-03	-2.086540609598159790e-01	1.592303365468978882e-01	1.613423228263854980e-01	-1.468652393668889999e-02	-2.539061903953552246e-01	1.717849820852279663e-01	-1.497059464454650879e-01	3.248922526836395264e-01
-4.640184938907623291e-01	-2.341699041426181793e-02	-3.756314888596534729e-02	2.868497967720031738e-01	-6.504739820957183838e-02	-2.443048804998397827e-01	-2.704122364521026611e-01	-2.804977595806121826e-01	-2.888024151325225830e-01	1.002649068832397461e-01
-1.598580330610275269e-01	5.723066926002502441e-01	6.050067543983459473e-01	6.366412043571472168e-01	-3.593224585056304932e-01	1.656194329261779785e-01	2.565131783485412598e-01	6.345106959342956543e-01	-5.901275277137756348e-01	1.301645338535308838e-01
-9.137506484985351562e-01	-1.385353207588195801e+00	-5.297505259513854980e-01	4.152763783931732178e-01	-1.259382843971252441e+00	9.809293746948242188e-01	7.676909565925598145e-01	-6.882679462432861328e-01	3.164997696876525879e-01	-8.352022767066955566e-01
-1.029604077339172363e+00	-1.356835007667541504e+00	4.006063044071197510e-01	-4.279614388942718506e-01	-1.843054652214050293e+00	1.153588056564331055e+00	6.902965307235717773e-01	-1.151012539863586426e+00	8.956401348114013672e-01	-1.511301159858703613e+00
-1.109758839011192322e-01	2.218088507652282715e-01	-2.241113036870956421e-01	5.703872814774513245e-02	-4.808559417724609375e-01	3.089835941791534424e-01	9.350052475929260254e-02	3.257575631141662598e-01	5.488467812538146973e-01	4.859466850757598877e-01
-1.325070708990097046e-01	4.721385538578033447e-01	-2.288761585950851440e-01	3.738552331924438477e-01	7.239911556243896484e-01	-4.962730109691619873e-01	1.885978132486343384e-01	2.685059309005737305e-01	3.392512500286102295e-01	1.378441005945205688e-01
-4.215840399265289307e-01	-4.676280319690704346e-01	1.187532022595405579e-01	2.023671716451644897e-01	-1.300561055541038513e-02	-4.885174632072448730e-01	7.793261110782623291e-02	-6.533542871475219727e-01	2.840721309185028076e-01	1.463194936513900757e-01
4.096903800964355469e-01	2.528684437274932861e-01	4.371390044689178467e-01	2.328599840402603149e-01	-5.874850600957870483e-02	-3.506776690483093262e-01	-5.307403206825256348e-02	1.497779637575149536e-01	-1.867517679929733276e-01	-1.597144156694412231e-01
-3.374220132827758789e-01	1.119679287075996399e-01	-7.593935728073120117e-02	7.614244520664215088e-02	-1.674242913722991943e-01	-2.841958701610565186e-01	-1.223981678485870361e-01	-1.372964233160018921e-01	-9.628742188215255737e-02	-1.805956810712814331e-01
-7.499820739030838013e-02	-2.344930022954940796e-01	-2.126955538988113403e-01	-5.420006513595581055e-01	-6.278311014175415039e-01	3.742242157459259033e-01	-5.967486500740051270e-01	2.802053689956665039e-01	-3.846222758293151855e-01	2.317583560943603516e-01
-2.590951621532440186e-01	3.049112558364868164e-01	-2.920454442501068115e-01	1.862509995698928833e-01	-1.934242993593215942e-01	2.646431624889373779e-01	7.733668386936187744e-02	-2.174686491489410400e-01	-1.134706810116767883e-01	-1.061271056532859802e-01
-3.181279823184013367e-02	-4.226590692996978760e-01	-4.850703477859497070e-01	-3.681405782699584961e-01	-5.434102416038513184e-01	-5.856048464775085449e-01	2.628997564315795898e-01	2.415631860494613647e-01	-1.100205853581428528e-01	-6.266705989837646484e-01
-2.358094453811645508e-01	-1.091485545039176941e-01	2.568721175193786621e-01	3.785402774810791016e-01	-5.399623513221740723e-01	1.562823206186294556e-01	-2.578567862510681152e-01	-2.730218172073364258e-01	-3.334918022155761719e-01	-2.294469773769378662e-01
1.983320862054824829e-01	2.063371427357196808e-02	2.539917454123497009e-02	4.926574230194091797e-01	-4.157353937625885010e-01	-3.138095736503601074e-01	-4.751043319702148438e-01	-3.586008250713348389e-01	-1.697548478841781616e-01	-6.306958198547363281e-01
-2.261287299916148186e-04	-2.213582694530487061e-01	-5.219123959541320801e-01	6.260687112808227539e-01	4.075104594230651855e-01	-6.877236366271972656e-01	1.394128203392028809e-01	4.433278441429138184e-01	1.866278797388076782e-01	-4.463374614715576172e-01
-1.672978699207305908e-01	1.028417274355888367e-01	2.932272851467132568e-01	3.418579101562500000e-01	-5.262326821684837341e-02	-1.462241169065237045e-02	-5.898644924163818359e-01	6.710851192474365234e-02	-9.968037903308868408e-02	-5.805565118789672852e-01
-2.350509911775588989e-01	-1.279895156621932983e-01	-3.478191196918487549e-01	3.395396471023559570e-01	-3.899206817150115967e-01	-1.724822074174880981e-01	3.436222672462463379e-02	5.257301777601242065e-02	-1.073779985308647156e-01	-3.228430151939392090e-01
-3.378888666629791260e-01	-1.145517379045486450e-01	-1.791795939207077026e-01	-1.006107032299041748e-01	4.163211584091186523e-01	-2.524934709072113037e-01	8.918291330337524414e-02	-2.136410772800445557e-01	1.408314853906631470e-01	1.146186590194702148e-01
-3.107560575008392334e-01	-5.092332884669303894e-02	5.855524912476539612e-02	3.180814385414123535e-01	-6.199603676795959473e-01	1.895631849765777588e-02	-6.056256890296936035e-01	-3.515354916453361511e-02	-6.649693250656127930e-01	-3.436677157878875732e-01
-2.180179953575134277e-01	-1.069697812199592590e-01	-2.554767429828643799e-01	1.262844800949096680e-01	2.252195030450820923e-01	-6.522376835346221924e-02	7.396474480628967285e-02	7.644399255514144897e-02	6.432107090950012207e-02	1.112976148724555969e-01
4.950302243232727051e-01	-4.759652912616729736e-02	-9.222692996263504028e-02	-6.949450373649597168e-01	-1.453860700130462646e-01	1.948763057589530945e-02	-1.276476234197616577e-01	8.042364120483398438e-01	1.004880517721176147e-01	-1.525043845176696777e-01
6.156832575798034668e-01	-3.144680559635162354e-01	-1.436137109994888306e-01	1.871599107980728149e-01	4.369283840060234070e-02	4.424677193164825439e-01	-2.237977683544158936e-01	3.708612322807312012e-01	-6.147919893264770508e-01	3.511133491992950439e-01
-9.318758547306060791e-02	5.334719419479370117e-01	6.785469055175781250e-01	-5.282110720872879028e-02	-7.894263416528701782e-02	-4.541459977626800537e-01	-2.677659094333648682e-01	-6.255181431770324707e-01	-9.081090986728668213e-02	1.728882193565368652e-01
1.986876577138900757e-01	-3.094763159751892090e-01	2.069114148616790771e-01	4.306602478027343750e-01	1.377983950078487396e-02	-2.881360650062561035e-01	-1.029465943574905396e-01	5.590627901256084442e-03	1.060115620493888855e-01	-4.678385853767395020e-01
7.763432860374450684e-01	2.174118459224700928e-01	-3.598207533359527588e-01	-3.402265012264251709e-01	-8.463950753211975098e-01	-7.771654725074768066e-01	-3.009034991264343262e-01	7.778127193450927734e-01	-6.528716087341308594e-01	1.218913942575454712e-01
-1.076385498046875000e+00	-2.546129226684570312e-01	-6.891560554504394531e-01	3.016490340232849121e-01	5.161004066467285156e-01	-1.443398147821426392e-01	-2.939946949481964111e-01	-7.019994854927062988e-01	-4.940124452114105225e-01	4.729950726032257080e-01
-2.410760819911956787e-01	-4.526945352554321289e-01	-7.693429361097514629e-04	1.374390572309494019e-01	-3.442522287368774414e-01	-2.867482900619506836e-01	1.855798512697219849e-01	-5.838039517402648926e-01	1.763262450695037842e-01	2.105842828750610352e-01
-7.061367630958557129e-01	-3.947954177856445312e-01	-1.048045381903648376e-01	-8.545980453491210938e-01	-9.716390967369079590e-01	2.213824838399887085e-01	-6.102292537689208984e-01	-4.330074787139892578e-02	-3.542156815528869629e-01	5.982337594032287598e-01
-6.996257901191711426e-01	-2.749761007726192474e-02	-2.827566266059875488e-01	-4.624111652374267578e-01	-3.355291783809661865e-01	-3.027981817722320557e-01	-8.349991589784622192e-02	-3.115148246288299561e-01	8.179060369729995728e-02	1.651118844747543335e-01
-3.509947657585144043e-01	-8.544688671827316284e-02	-3.089854121208190918e-01	-7.450674176216125488e-01	1.045280992984771729e-01	3.016898930072784424e-01	-2.973471879959106445e-01	-3.791561126708984375e-01	1.708967089653015137e-01	3.636927008628845215e-01
-1.224871054291725159e-01	1.272610127925872803e-01	-2.136467248201370239e-01	-1.158413887023925781e-01	5.417120177298784256e-03	-1.793961822986602783e-01	1.533179581165313721e-01	-1.101634427905082703e-01	-1.300554275512695312e-01	1.784164756536483765e-01
4.453911185264587402e-01	-2.448781132698059082e-01	-7.086313962936401367e-01	-6.109340116381645203e-03	-4.115257561206817627e-01	2.045917212963104248e-01	5.386630073189735413e-02	3.715001419186592102e-02	2.105471789836883545e-01	-5.019379034638404846e-02
-1.743023544549942017e-01	-1.161793991923332214e-01	-2.023192793130874634e-01	4.447948038578033447e-01	-6.567358225584030151e-02	-3.072318732738494873e-01	-3.746771812438964844e-01	-3.887114673852920532e-02	-6.530717015266418457e-02	-5.827265381813049316e-01
-4.241482354700565338e-03	1.364833675324916840e-03	-1.702131927013397217e-01	2.364581525325775146e-01	1.505893617868423462e-01	-1.021359488368034363e-01	3.840366005897521973e-01	-1.327580362558364868e-01	5.138853564858436584e-02	-9.105841815471649170e-02
-6.204596757888793945e-01	4.060079455375671387e-01	-7.605707049369812012e-01	2.396445274353027344e-01	-4.098266959190368652e-01	-4.761505126953125000e-01	4.114900529384613037e-01	-8.068759441375732422e-01	-1.308558434247970581e-01	-2.475901991128921509e-01
-8.650395274162292480e-02	4.483072459697723389e-02	2.051407238468527794e-03	1.095668077468872070e-01	-1.675017923116683960e-01	-1.440939456224441528e-01	8.432199805974960327e-02	-2.650325298309326172e-01	-1.103139519691467285e-01	6.017145514488220215e-02
-1.405032426118850708e-01	-4.549166262149810791e-01	-6.017755270004272461e-01	-4.135589599609375000e-01	3.214441537857055664e-01	-2.356526814401149750e-02	1.037612482905387878e-01	2.881462872028350830e-01	4.011794030666351318e-01	2.749796807765960693e-01
-5.356174111366271973e-01	-3.449753522872924805e-01	2.098823785781860352e-01	4.851139485836029053e-01	3.914838135242462158e-01	-2.067876309156417847e-01	-3.503895103931427002e-01	-3.089181482791900635e-01	3.076949715614318848e-01	3.262785673141479492e-01
1.694145649671554565e-01	1.741737574338912964e-01	-5.578156188130378723e-02	3.522154688835144043e-01	-3.073893189430236816e-01	1.524674296379089355e-01	2.542816698551177979e-01	-3.180909156799316406e-01	-4.550523161888122559e-01	5.768788233399391174e-02
-1.463942527770996094e-01	2.001117765903472900e-01	9.510252624750137329e-03	9.964095801115036011e-02	-4.388161934912204742e-03	-2.061004936695098877e-02	-8.837282657623291016e-02	1.164725795388221741e-02	-5.605234578251838684e-02	-8.339698612689971924e-02
3.736239969730377197e-01	7.833442091941833496e-02	1.869405955076217651e-01	2.585571445524692535e-02	9.428723901510238647e-02	-5.654739961028099060e-02	5.980332568287849426e-02	5.655160173773765564e-02	1.869078278541564941e-01	-1.741344630718231201e-01
-5.536050200462341309e-01	4.412341713905334473e-01	5.848229527473449707e-01	4.689632058143615723e-01	5.060379579663276672e-02	-2.361202389001846313e-01	-3.177026808261871338e-01	-6.618649959564208984e-01	2.779999673366546631e-01	4.046298861503601074e-01
-1.216101497411727905e-01	1.064510941505432129e-01	1.638126075267791748e-01	7.541061192750930786e-02	-3.595838546752929688e-01	2.154657691717147827e-01	1.907419860363006592e-01	-5.223155617713928223e-01	-1.419229209423065186e-01	3.445411026477813721e-01
2.998582422733306885e-01	-2.636010944843292236e-01	-2.273146659135818481e-01	-1.864674389362335205e-01	7.025482654571533203e-01	5.382673144340515137e-01	2.600237727165222168e-01	-7.217986136674880981e-02	2.033826708793640137e-02	2.713928520679473877e-01
6.122367382049560547e-01	8.343196511268615723e-01	-8.339435607194900513e-02	7.368759512901306152e-01	5.890643596649169922e-01	-6.579993963241577148e-01	-4.682299494743347168e-01	5.664015412330627441e-01	-5.757189989089965820e-01	1.915078014135360718e-01
-5.022982358932495117e-01	1.309534627944231033e-02	-5.077446103096008301e-01	-7.368381023406982422e-01	-2.625292241573333740e-01	1.864970028400421143e-01	-4.788211286067962646e-01	1.279124915599822998e-01	5.780948325991630554e-02	-2.543283998966217041e-01
-2.602417171001434326e-01	-4.558663368225097656e-01	-6.654416322708129883e-01	-6.015797853469848633e-01	-1.904713958501815796e-01	4.956882894039154053e-01	3.186291456222534180e-01	1.214332804083824158e-01	-2.736356556415557861e-01	2.500259876251220703e-01
-4.774362146854400635e-01	-9.755656123161315918e-02	-3.517532944679260254e-01	-2.385694980621337891e-01	-1.562578231096267700e-01	-1.889956891536712646e-01	-6.127229705452919006e-02	4.204149544239044189e-02	-2.488167434930801392e-01	-5.690676569938659668e-01
-1.585801094770431519e-01	-1.053484156727790833e-01	9.904780983924865723e-02	-2.718490362167358398e-01	-4.987144172191619873e-01	2.568854093551635742e-01	-3.289468586444854736e-01	-1.814057081937789917e-01	-6.031899526715278625e-02	2.966393530368804932e-01
-6.260934472084045410e-02	-1.252586245536804199e-01	3.671110793948173523e-02	2.811332941055297852e-01	-2.933867871761322021e-01	1.130547523498535156e-01	-5.567630752921104431e-02	-1.423980575054883957e-02	-2.141456007957458496e-01	-1.910614818334579468e-01
-3.598263263702392578e-01	-2.164424657821655273e-01	-4.858970046043395996e-01	-3.364859521389007568e-01	-3.043907284736633301e-01	3.693705424666404724e-02	-2.296709865331649780e-01	-2.988727688789367676e-01	-1.915514916181564331e-01	1.417201459407806396e-01
1.603154838085174561e-01	-1.086107492446899414e-01	-4.231335222721099854e-02	-5.696818977594375610e-02	-1.030112579464912415e-01	-1.275597512722015381e-01	-3.955985605716705322e-01	2.428176254034042358e-02	-2.362835854291915894e-01	-2.796455025672912598e-01
-5.902450159192085266e-02	2.562879025936126709e-01	2.573993504047393799e-01	-1.013460103422403336e-02	-4.524016976356506348e-01	-8.358787745237350464e-02	-3.214341029524803162e-02	2.104975283145904541e-01	-3.903197050094604492e-01	-2.434214577078819275e-02
3.235003352165222168e-01	2.979104220867156982e-01	1.149260625243186951e-02	3.362491428852081299e-01	3.963057696819305420e-01	-4.277200698852539062e-01	2.008267939090728760e-01	-2.993141114711761475e-01	-2.288300842046737671e-01	-1.361257284879684448e-01
-3.952968120574951172e-01	2.724711000919342041e-01	-2.029389441013336182e-01	2.197789847850799561e-01	4.310523867607116699e-01	-4.739433228969573975e-01	2.967245578765869141e-01	-3.069200515747070312e-01	1.673757880926132202e-01	-1.197994053363800049e-01
-7.404018938541412354e-02	5.790829062461853027e-01	5.275255441665649414e-01	3.987673223018646240e-01	1.572603583335876465e-01	-2.941808998584747314e-01	-1.836872398853302002e-01	-5.144847184419631958e-02	2.311148941516876221e-01	-4.267516136169433594e-01
-1.466747224330902100e-01	-4.828142225742340088e-01	-2.819779142737388611e-02	-4.885078966617584229e-01	-2.239787019789218903e-03	6.525047421455383301e-01	-4.940228760242462158e-01	-4.952153861522674561e-01	2.779986560344696045e-01	-4.863334894180297852e-01
-2.576584517955780029e-01	3.065191507339477539e-01	-3.667153716087341309e-01	-6.333955377340316772e-02	9.943438321352005005e-02	-2.073067575693130493e-01	-6.975284218788146973e-02	3.011865317821502686e-01	-7.336658239364624023e-02	-1.343091428279876709e-01
1.362805217504501343e-01	-4.397277534008026123e-01	4.146748781204223633e-01	9.303678274154663086e-01	-1.992820501327514648e-01	1.300696879625320435e-01	5.131115913391113281e-01	-5.719678103923797607e-02	3.726355433464050293e-01	-4.038551822304725647e-02
3.426185250282287598e-02	3.408436477184295654e-02	-9.787544608116149902e-02	-4.333159923553466797e-01	2.095577865839004517e-01	2.814514376223087311e-02	9.672954678535461426e-02	2.659904360771179199e-01	-1.702764071524143219e-02	1.674680560827255249e-01
5.291052907705307007e-02	-1.961703784763813019e-02	-2.546914853155612946e-02	-4.164074733853340149e-02	-5.061572417616844177e-02	4.535968601703643799e-02	-8.893014455679804087e-05	-1.029673032462596893e-02	1.979254931211471558e-02	5.447966977953910828e-03
1.387738734483718872e-01	-1.268847882747650146e-01	-1.740848422050476074e-01	-3.400347828865051270e-01	1.468970179557800293e-01	2.108713090419769287e-01	3.933100700378417969e-01	-1.940802335739135742e-01	2.251184284687042236e-01	2.505588233470916748e-01
-4.328333735466003418e-01	-3.787956535816192627e-01	-9.671757370233535767e-02	-4.798336923122406006e-01	3.358087837696075439e-01	8.344417810440063477e-01	-5.119331479072570801e-01	-5.408793091773986816e-01	-3.556331992149353027e-01	1.009271591901779175e-01
4.953696429729461670e-01	4.531150460243225098e-01	1.741932779550552368e-01	-1.744799315929412842e-01	-6.700783222913742065e-02	-5.677556991577148438e-02	8.078218102455139160e-01	-6.489430665969848633e-01	2.739030718803405762e-01	-5.874170064926147461e-01
-6.133037209510803223e-01	-5.425612330436706543e-01	-3.801966309547424316e-01	-6.697742342948913574e-01	-4.193284809589385986e-01	6.542577743530273438e-01	3.402577042579650879e-01	-5.733695626258850098e-01	-3.010742664337158203e-01	2.211151272058486938e-01
-1.327988952398300171e-01	-5.721898749470710754e-02	-1.500132977962493896e-01	-7.096404433250427246e-01	3.480591177940368652e-01	3.138119280338287354e-01	-3.270010948181152344e-01	3.239016830921173096e-01	3.933937847614288330e-02	4.203200042247772217e-01
-1.114507094025611877e-01	2.013040520250797272e-02	-2.429414987564086914e-01	2.655777037143707275e-01	5.015338659286499023e-01	-7.278116792440414429e-02	2.226622551679611206e-01	2.772682607173919678e-01	8.869644999504089355e-02	-1.575860753655433655e-02
-8.982178568840026855e-01	-9.083044528961181641e-01	1.269957125186920166e-01	-8.193781971931457520e-01	8.005119562149047852e-01	6.240795850753784180e-01	-8.210287094116210938e-01	-2.917193174362182617e-01	-3.376512825489044189e-01	2.328899353742599487e-01
-1.383099853992462158e-01	-9.044872596859931946e-03	6.019684672355651855e-02	5.302229523658752441e-01	3.752231001853942871e-01	-5.410805717110633850e-02	-2.470520734786987305e-01	-2.385678440332412720e-01	3.799461722373962402e-01	-1.914986670017242432e-01
-1.467784494161605835e-01	-3.139058826491236687e-03	4.792525246739387512e-02	-1.579795777797698975e-01	-8.517513424158096313e-02	-1.534789800643920898e-01	-2.389895170927047729e-01	4.690424352884292603e-02	-1.170264557003974915e-01	-1.508204638957977295e-01
-6.282781958580017090e-01	-4.473545849323272705e-01	-8.744879364967346191e-01	4.114777967333793640e-02	1.097285151481628418e-01	6.971554756164550781e-01	1.944296807050704956e-01	4.424301385879516602e-01	9.709425568580627441e-01	-2.842338085174560547e-01
-2.594072818756103516e-01	-4.465701431035995483e-02	-4.439514577388763428e-01	5.319483205676078796e-02	1.751850694417953491e-01	3.156725317239761353e-02	4.367182403802871704e-02	-6.651684641838073730e-02	2.431838065385818481e-01	-5.254323780536651611e-02
1.858858466148376465e-01	3.924853801727294922e-01	-4.746025204658508301e-01	1.944760233163833618e-01	2.362993508577346802e-01	-1.841855943202972412e-01	2.521686814725399017e-02	7.786450982093811035e-01	-5.763964056968688965e-01	-6.960175186395645142e-02
-4.246507287025451660e-01	4.305163323879241943e-01	7.500311732292175293e-01	6.124371290206909180e-01	4.487128257751464844e-01	-4.168509542942047119e-01	1.348571032285690308e-01	-3.825722932815551758e-01	5.720095038414001465e-01	1.560650914907455444e-01
-3.003476262092590332e-01	3.247833549976348877e-01	3.311799373477697372e-04	8.301095664501190186e-02	4.321216642856597900e-01	-4.580202698707580566e-01	-3.882109522819519043e-01	3.511471673846244812e-02	-2.938014864921569824e-01	-8.436767756938934326e-02
2.964006662368774414e-01	8.323343843221664429e-02	-1.914988905191421509e-01	7.424230873584747314e-02	4.772741496562957764e-01	-2.531655430793762207e-01	-1.066829264163970947e-01	4.037548005580902100e-01	-1.056746169924736023e-01	2.114918678998947144e-01
-5.507898926734924316e-01	-4.711867272853851318e-01	6.228816509246826172e-02	-2.770349085330963135e-01	4.579901993274688721e-01	5.764510631561279297e-01	5.973125696182250977e-01	-2.913173139095306396e-01	6.634530425071716309e-01	7.809881567955017090e-01
-3.751237988471984863e-01	1.008096635341644287e-01	-3.696314394474029541e-01	1.888258159160614014e-01	9.448280930519104004e-02	-2.135836929082870483e-01	2.114618271589279175e-01	3.638620078563690186e-01	4.958439618349075317e-02	8.509099483489990234e-02
2.862446904182434082e-01	1.184213832020759583e-01	2.724596858024597168e-01	-4.985219538211822510e-01	1.722510904073715210e-01	-3.835759162902832031e-01	1.217126920819282532e-01	-3.035387992858886719e-01	2.253812737762928009e-02	-6.409227848052978516e-01
2.083214074373245239e-01	6.611072421073913574e-01	-4.455875456333160400e-01	-1.675671815872192383e+00	5.944532752037048340e-01	-1.547206997871398926e+00	1.659022808074951172e+00	-7.763280272483825684e-01	-3.477699756622314453e-01	-1.845360517501831055e+00
-8.511417359113693237e-02	2.549425065517425537e-01	-3.499687612056732178e-01	-3.957047760486602783e-01	-2.461918741464614868e-01	2.188422679901123047e-01	1.642795652151107788e-01	1.352091729640960693e-01	-4.427103996276855469e-01	2.343303710222244263e-01
1.378356665372848511e-01	-4.785160124301910400e-01	-1.676434129476547241e-01	-5.095410943031311035e-01	-3.268722295761108398e-01	5.673725008964538574e-01	-5.232737585902214050e-02	-2.564291059970855713e-01	-7.689924836158752441e-01	3.595589101314544678e-01
3.562165498733520508e-01	1.757259368896484375e-01	3.330186009407043457e-02	-3.429343104362487793e-01	3.278651535511016846e-01	7.550485730171203613e-01	-3.108911216259002686e-01	-6.285928487777709961e-01	-8.188761770725250244e-02	-3.667809069156646729e-01
-1.053677052259445190e-01	-1.212810501456260681e-01	-2.468570917844772339e-01	-2.926710247993469238e-01	-2.678677141666412354e-01	1.178055815398693085e-02	-1.312546133995056152e-01	-2.362083494663238525e-01	-4.263366386294364929e-02	2.661779522895812988e-02
-1.077604740858078003e-01	4.554635658860206604e-02	2.180995941162109375e-01	2.367560118436813354e-01	-3.957242071628570557e-01	-1.484600007534027100e-01	-2.077302634716033936e-01	8.847249299287796021e-02	-1.598624140024185181e-01	-3.168101906776428223e-01
5.387473106384277344e-01	-2.243767306208610535e-02	-4.054033458232879639e-01	1.099737808108329773e-01	-3.700860589742660522e-02	2.690094411373138428e-01	1.868503391742706299e-01	5.939906835556030273e-01	-7.763551548123359680e-03	-1.673804521560668945e-01
4.304165840148925781e-01	-8.615338802337646484e-02	8.043694496154785156e-02	-6.532116532325744629e-01	-5.876897573471069336e-01	3.478048443794250488e-01	7.928014546632766724e-02	3.385294079780578613e-01	-6.697830557823181152e-01	7.419740557670593262e-01
5.035749077796936035e-01	8.922448381781578064e-03	5.284286141395568848e-01	3.129541575908660889e-01	-1.229736283421516418e-01	3.346361815929412842e-01	-5.547599792480468750e-01	-3.177529275417327881e-01	2.797633111476898193e-01	-1.370341032743453979e-01
2.065931111574172974e-01	4.924089834094047546e-02	3.410750031471252441e-01	-3.244444727897644043e-01	6.542640328407287598e-01	2.119068503379821777e-01	-7.369176745414733887e-01	-2.025580257177352905e-01	-1.171561032533645630e-01	-1.159670576453208923e-01
-3.299546539783477783e-01	-2.545614838600158691e-01	-4.464198648929595947e-01	-4.372486472129821777e-01	5.472390651702880859e-01	1.510839462280273438e-01	-5.919008851051330566e-01	-5.460216999053955078e-01	6.515156477689743042e-02	4.918506741523742676e-01
5.226751565933227539e-01	-4.445827305316925049e-01	-8.816450834274291992e-01	-1.004380226135253906e+00	1.511282086372375488e+00	4.812248051166534424e-01	-8.290048688650131226e-02	-2.308939397335052490e-01	6.972898840904235840e-01	4.374035000801086426e-01
-5.422813892364501953e-01	1.644091904163360596e-01	3.093123137950897217e-01	3.483718335628509521e-01	5.268358588218688965e-01	5.011275410652160645e-01	3.939404785633087158e-01	-5.604615807533264160e-01	4.272717833518981934e-01	9.966082125902175903e-02
-9.506447315216064453e-01	-6.455419063568115234e-01	-8.168259263038635254e-01	-4.070885479450225830e-01	1.309470176696777344e+00	-1.670298129320144653e-01	-6.502797603607177734e-01	7.001403570175170898e-01	1.003291249275207520e+00	-2.720115184783935547e-01
5.429379940032958984e-01	6.801638603210449219e-01	6.557488441467285156e-01	2.039641886949539185e-01	-7.697960734367370605e-02	-8.521152734756469727e-01	-8.605374097824096680e-01	3.658252060413360596e-01	-1.290539145469665527e+00	9.535472840070724487e-03
1.899032890796661377e-01	2.054736465215682983e-01	-7.193219065666198730e-01	2.089066803455352783e-01	-4.806503951549530029e-01	3.835777938365936279e-01	4.973198473453521729e-01	-3.959309756755828857e-01	-6.136950254440307617e-01	-2.482247948646545410e-01
-2.457917481660842896e-02	2.198297232389450073e-01	-1.993809193372726440e-01	3.287706077098846436e-01	4.064187780022621155e-02	-4.622830748558044434e-01	3.958558440208435059e-01	1.137820351868867874e-02	-1.246957257390022278e-01	-3.550343811511993408e-01
-1.247182130813598633e+00	5.793904662132263184e-01	-1.656457066535949707e+00	1.761599898338317871e+00	-1.784586757421493530e-01	-3.237733840942382812e-01	1.014970660209655762e+00	1.628494024276733398e+00	-3.603232502937316895e-01	1.766376614570617676e+00
7.889486849308013916e-02	9.716857224702835083e-02	-3.912963271141052246e-01	-1.030454970896244049e-02	1.237766072154045105e-01	-3.266070485115051270e-01	6.345450878143310547e-01	1.216431334614753723e-01	1.534764096140861511e-02	3.766651079058647156e-02
-3.289275765419006348e-01	7.009896636009216309e-01	1.393427401781082153e-01	2.758677601814270020e-01	4.715214371681213379e-01	-7.235268950462341309e-01	2.900746464729309082e-01	-2.156549543142318726e-01	1.936774700880050659e-03	-6.891632676124572754e-01
5.770813822746276855e-01	-7.725844383239746094e-01	-7.683587074279785156e-01	-1.087293863296508789e+00	3.027967214584350586e-01	1.088049337267875671e-01	-1.888578087091445923e-01	1.420855045318603516e+00	-1.489520221948623657e-01	-7.315035462379455566e-01
7.073503732681274414e-01	-3.017781972885131836e-01	1.341023892164230347e-01	-2.456076741218566895e-01	1.817674934864044189e-01	7.323407530784606934e-01	-2.839432358741760254e-01	5.243039131164550781e-01	1.862351223826408386e-02	-6.513852477073669434e-01
-3.267546594142913818e-01	-3.206247389316558838e-01	5.570984482765197754e-01	-6.138778328895568848e-01	5.254329741001129150e-02	3.430182486772537231e-02	-8.061062097549438477e-01	6.604886651039123535e-01	-3.318207859992980957e-01	-1.975913792848587036e-01
7.443418353796005249e-02	-2.877294719219207764e-01	-3.867906630039215088e-01	1.031377837061882019e-01	4.667460322380065918e-01	6.278378516435623169e-02	5.661949981003999710e-03	-1.816405206918716431e-01	3.572088778018951416e-01	-4.001644905656576157e-03
1.668150067329406738e+00	-1.877166509628295898e+00	2.816793508827686310e-02	1.428656578063964844e+00	2.038559436798095703e+00	-2.963964939117431641e-01	-8.315677642822265625e-01	-1.823189973831176758e+00	1.161287426948547363e+00	4.943265318870544434e-01
7.162511348724365234e-01	5.922068953514099121e-01	8.268216252326965332e-01	9.885600209236145020e-01	1.774284392595291138e-01	1.631494998931884766e+00	-1.157206892967224121e+00	-2.297514975070953369e-01	6.271227002143859863e-01	7.601340413093566895e-01
-4.761571586132049561e-01	5.606305003166198730e-01	1.988399475812911987e-01	1.112265139818191528e-01	8.047356456518173218e-02	2.369184494018554688e-01	-4.923090040683746338e-01	-4.339100420475006104e-01	-6.928814202547073364e-02	-1.981523036956787109e-01
4.166196584701538086e-01	1.106478124856948853e-01	2.213909775018692017e-01	-5.765587463974952698e-02	4.908442199230194092e-01	-1.006500720977783203e-01	-3.276777565479278564e-01	-9.417323023080825806e-02	6.761345267295837402e-01	-1.753280311822891235e-01
6.831320468336343765e-03	-5.696471780538558960e-02	-1.080752685666084290e-01	4.896679818630218506e-01	7.538892030715942383e-01	3.445249795913696289e-02	5.217700004577636719e-01	6.968609690666198730e-01	5.663200616836547852e-01	1.226115897297859192e-01
2.694738209247589111e-01	-5.085301995277404785e-01	-8.988812565803527832e-01	2.418653480708599091e-02	-1.671425104141235352e-01	8.771956562995910645e-01	7.209051847457885742e-01	1.005788326263427734e+00	3.935588300228118896e-01	-6.474550366401672363e-01
-1.530472874641418457e+00	5.916001200675964355e-01	1.510812759399414062e+00	-1.430830836296081543e+00	7.367688417434692383e-02	-1.390495300292968750e+00	-8.893306255340576172e-01	1.875965714454650879e+00	1.971205592155456543e+00	-6.495346426963806152e-01
1.962151229381561279e-01	-1.397392153739929199e-01	1.342737227678298950e-01	-2.017132490873336792e-01	-1.820945590734481812e-01	2.199934720993041992e-01	7.666665315628051758e-02	-5.995779484510421753e-02	-1.940489113330841064e-01	1.063192784786224365e-01
1.870769709348678589e-01	6.424930095672607422e-01	1.395984888076782227e-01	-3.404347226023674011e-02	-4.546937644481658936e-01	2.030670940876007080e-01	7.020832896232604980e-01	-6.811368465423583984e-01	-7.746015787124633789e-01	-1.693308055400848389e-01
9.446776509284973145e-01	6.317214965820312500e-01	7.240028679370880127e-02	-1.298768043518066406e+00	2.865037620067596436e-01	-3.749398887157440186e-02	8.354316353797912598e-01	-4.334683418273925781e-01	-7.625670731067657471e-02	-1.539547145366668701e-01
-4.593041241168975830e-01	2.753391563892364502e-01	-7.450838685035705566e-01	4.701332747936248779e-01	3.398789763450622559e-01	1.632799506187438965e-01	7.272185683250427246e-01	-1.358509510755538940e-01	1.333067715167999268e-01	-4.449055194854736328e-01
1.765591651201248169e-01	8.794931322336196899e-02	-4.319261908531188965e-01	-3.836873546242713928e-02	-3.414291143417358398e-01	2.484566271305084229e-01	3.127244412899017334e-01	3.819725215435028076e-01	-4.685949385166168213e-01	-2.686633169651031494e-01
-3.691180841997265816e-03	4.780144393444061279e-01	6.201418042182922363e-01	-4.189463555812835693e-01	-1.101717472076416016e+00	5.737845301628112793e-01	-2.257846444845199585e-01	-7.956681251525878906e-01	-9.088113307952880859e-01	7.316404581069946289e-01
-4.479488730430603027e-01	4.046553969383239746e-01	-1.321883648633956909e-01	2.861940562725067139e-01	-4.703374952077865601e-02	-1.325051188468933105e-01	4.596542567014694214e-03	-2.442082613706588745e-01	-5.922972783446311951e-02	1.861171722412109375e-01
-3.036442995071411133e-01	-2.294130921363830566e-01	4.054679870605468750e-01	-5.595093965530395508e-01	-5.212850570678710938e-01	1.453026533126831055e-01	2.157748043537139893e-01	-1.197533234953880310e-01	-2.554235160350799561e-01	3.664838969707489014e-01
-1.302461624145507812e-01	-9.687472134828567505e-03	-3.460719287395477295e-01	2.110132575035095215e-01	3.880552649497985840e-01	-5.036482810974121094e-01	-7.845819927752017975e-03	-3.294066786766052246e-01	3.335277140140533447e-01	-3.486505746841430664e-01
3.463383316993713379e-01	9.849219769239425659e-02	1.767880618572235107e-01	1.141889989376068115e-01	-3.196019828319549561e-01	2.992770671844482422e-01	1.782969832420349121e-01	-1.335823982954025269e-01	1.800980567932128906e-01	-3.047341704368591309e-01
-1.413272380828857422e+00	2.831387042999267578e+00	-6.283951997756958008e-01	-3.963937461376190186e-01	1.859196066856384277e+00	2.294077634811401367e+00	2.820768356323242188e-01	-1.662562608718872070e+00	-3.211738467216491699e-01	-1.296939402818679810e-01
5.819244980812072754e-01	6.074464917182922363e-01	-1.204545609652996063e-02	-6.566232442855834961e-01	8.171379566192626953e-01	-2.850298536941409111e-03	6.258079409599304199e-01	6.306419968605041504e-01	2.493602484464645386e-01	6.838172078132629395e-01
-3.835883140563964844e-01	4.932031035423278809e-01	-1.671027988195419312e-01	-2.624062299728393555e-01	-5.823423266410827637e-01	5.062837600708007812e-01	-1.398035138845443726e-01	-2.321621477603912354e-01	-4.235166907310485840e-01	-4.190868437290191650e-01
-6.363211572170257568e-02	9.099360704421997070e-01	1.872693747282028198e-01	-7.214831709861755371e-01	-1.814614981412887573e-01	2.521659433841705322e-01	5.053246617317199707e-01	1.179216150194406509e-02	-5.171758681535720825e-02	6.141139864921569824e-01
9.107981622219085693e-02	-3.305289149284362793e-01	7.961175441741943359e-01	3.627152368426322937e-02	-2.976141571998596191e-01	5.683181285858154297e-01	-2.061090767383575439e-01	-9.761836528778076172e-01	1.021034121513366699e-01	-6.883372068405151367e-01
5.291758105158805847e-02	-5.087988972663879395e-01	1.144072189927101135e-01	4.172285199165344238e-01	5.073577761650085449e-01	-1.213951349258422852e+00	-1.353937864303588867e+00	1.580740809440612793e-01	-1.079260349273681641e+00	-4.358009994029998779e-01
4.293004274368286133e-01	-7.812625765800476074e-01	-2.295338630676269531e+00	1.161359846591949463e-01	1.464006751775741577e-01	8.781783580780029297e-01	-1.355515956878662109e+00	3.457456231117248535e-01	-2.477702379226684570e+00	-9.654078483581542969e-01
-3.348048627376556396e-01	5.628780648112297058e-02	-2.306938767433166504e-01	-8.694676309823989868e-02	6.371347606182098389e-02	-3.293674588203430176e-01	-4.829205274581909180e-01	2.555443048477172852e-01	-3.742941021919250488e-01	-1.880106627941131592e-01
-2.413416206836700439e-01	3.775146603584289551e-01	-4.184175431728363037e-01	3.676960766315460205e-01	-1.462869644165039062e-01	-3.108854591846466064e-01	4.982655942440032959e-01	-4.394944310188293457e-01	4.092396050691604614e-02	4.036629796028137207e-01
2.395219951868057251e-01	-6.486961841583251953e-01	-1.017539739608764648e+00	1.872298419475555420e-01	-8.727582693099975586e-01	-1.057016134262084961e+00	1.307173609733581543e+00	2.755213081836700439e-01	-3.684477508068084717e-01	1.177440643310546875e+00
-1.938845813274383545e-01	-3.726592063903808594e-01	-2.381954938173294067e-01	1.853042542934417725e-01	-1.850188076496124268e-01	-1.771563291549682617e-01	3.142700195312500000e-01	-1.051362156867980957e-01	-8.682990074157714844e-02	2.697461247444152832e-01
-4.065931439399719238e-01	9.728299081325531006e-02	-3.831810504198074341e-02	2.761699557304382324e-01	-6.826974917203187943e-03	-4.539466798305511475e-01	-2.526193857192993164e-01	-1.822516471147537231e-01	-5.639889091253280640e-02	1.412324160337448120e-01
7.205383181571960449e-01	-5.741342902183532715e-01	5.443090200424194336e-01	8.821721188724040985e-03	-4.250250458717346191e-01	-4.141297936439514160e-01	-5.295354723930358887e-01	-7.392533123493194580e-02	1.011057943105697632e-01	-2.047027349472045898e-01
6.267020106315612793e-02	-2.163154482841491699e-01	7.115676533430814743e-03	3.479144871234893799e-01	2.995481491088867188e-01	-5.753631517291069031e-02	2.059203535318374634e-01	-2.086307406425476074e-01	1.145100221037864685e-01	-1.293727904558181763e-01
4.361764192581176758e-01	-1.934979669749736786e-02	5.966942012310028076e-02	-2.737970054149627686e-01	4.420988261699676514e-01	-8.399755507707595825e-02	2.450210750102996826e-01	8.919309824705123901e-02	2.225063294172286987e-01	4.446618258953094482e-01
9.272488206624984741e-02	-1.460050940513610840e-01	-1.131237819790840149e-01	1.046423688530921936e-01	8.116043359041213989e-02	-5.447234213352203369e-02	2.562666833400726318e-01	1.427269913256168365e-02	1.461087763309478760e-01	3.316828608512878418e-02
9.621507488191127777e-03	-3.888397663831710815e-02	-1.388398651033639908e-02	-1.785115748643875122e-01	-1.236886437982320786e-02	7.130415737628936768e-02	1.139828041195869446e-01	-8.853316307067871094e-02	1.385058835148811340e-02	1.193725392222404480e-01
