-1.766401648521423340e+00	-8.233651518821716309e-01	-4.875832200050354004e-01	-1.679120119661092758e-03	-1.076507091522216797e+00	-5.218139290809631348e-01	-4.323190450668334961e-01	1.079171180725097656e+00	1.495709419250488281e+00	-5.699781775474548340e-01
2.027252614498138428e-01	2.173445820808410645e-01	-4.013390466570854187e-02	2.750641703605651855e-01	-1.137355342507362366e-01	2.255942374467849731e-01	-5.758615955710411072e-02	-9.843229502439498901e-02	2.440511621534824371e-02	-8.721711486577987671e-02
1.429921686649322510e-01	2.972015142440795898e-01	-7.095799595117568970e-02	3.745522797107696533e-01	-2.571920864284038544e-02	8.088374882936477661e-02	-1.774128526449203491e-01	4.384817555546760559e-03	1.543905492871999741e-02	-1.177322641015052795e-01
-5.446988344192504883e-01	-3.212099671363830566e-01	-5.590333044528961182e-02	3.994179964065551758e-01	2.320683896541595459e-01	5.559194684028625488e-01	-4.296750575304031372e-02	7.857513427734375000e-01	-7.696723565459251404e-03	1.393645852804183960e-01
-4.246266186237335205e-02	1.287151724100112915e-01	-4.294354096055030823e-02	2.041697353124618530e-01	-3.880732879042625427e-02	1.257939040660858154e-01	-1.210751309990882874e-01	-1.814536601305007935e-01	-1.199917644262313843e-01	-1.821314841508865356e-01
1.411312222480773926e-01	4.832983762025833130e-02	1.025752164423465729e-02	-9.397416375577449799e-03	2.228571474552154541e-01	1.177716702222824097e-01	-1.334482282400131226e-01	-1.144931167364120483e-01	-1.814919114112854004e-01	-3.438805937767028809e-01
1.795290261507034302e-01	-8.180571198463439941e-01	7.818176746368408203e-01	3.262035250663757324e-01	1.538661003112792969e+00	-3.561014831066131592e-01	-2.542491555213928223e-01	3.139165043830871582e-01	2.683793604373931885e-01	8.809690177440643311e-02
3.404349982738494873e-01	1.453607976436614990e-01	5.384126305580139160e-01	-3.946126401424407959e-01	2.796367406845092773e-01	1.467922143638134003e-02	1.644292920827865601e-01	-3.022514283657073975e-01	4.272240400314331055e-01	-2.796182632446289062e-01
6.175950542092323303e-02	2.569698989391326904e-01	9.553036838769912720e-02	2.587397694587707520e-01	1.924995519220829010e-02	1.045717671513557434e-01	-7.115934044122695923e-02	-2.416913062334060669e-01	-1.879103332757949829e-01	-1.339767426252365112e-01
1.030546519905328751e-02	4.085064232349395752e-01	6.535587906837463379e-01	-7.180883884429931641e-01	2.375196665525436401e-01	2.529324293136596680e-01	-5.201508402824401855e-01	4.351359605789184570e-01	-6.018698215484619141e-01	6.896129250526428223e-01
-6.733983755111694336e-01	5.370869487524032593e-02	3.244961500167846680e-01	-6.843313574790954590e-01	-6.440454125404357910e-01	2.464934885501861572e-01	-7.296899557113647461e-01	-1.635637879371643066e-01	1.383384317159652710e-01	-5.709754824638366699e-01
2.662055194377899170e-01	5.830521583557128906e-01	2.537148237228393555e+00	-6.563625931739807129e-01	-1.394025206565856934e+00	1.047874212265014648e+00	2.650468349456787109e-01	-1.541930437088012695e-01	-4.373837113380432129e-01	-6.217285525053739548e-03
-1.800651103258132935e-01	3.772139847278594971e-01	3.927212953567504883e-01	-3.457538485527038574e-01	-1.594825536012649536e-01	3.594028353691101074e-01	-2.162903547286987305e-01	-1.222732365131378174e-01	3.277677297592163086e-01	-1.569705754518508911e-01
-1.596568338572978973e-02	2.490644603967666626e-01	-4.592382349073886871e-03	3.250120878219604492e-01	9.308069199323654175e-02	2.224259376525878906e-01	-3.272314965724945068e-01	-1.755192130804061890e-01	1.707635819911956787e-01	-6.231089681386947632e-02
-4.141219258308410645e-01	8.998653888702392578e-01	1.369618475437164307e-01	-5.321034193038940430e-01	-2.854179143905639648e-01	-9.992217272520065308e-02	1.600881367921829224e-01	1.428160667419433594e-01	-7.470732331275939941e-01	1.970579661428928375e-02
7.554387450218200684e-01	1.099956870079040527e+00	5.480126142501831055e-01	8.527478575706481934e-01	-4.279161095619201660e-01	-5.280279517173767090e-01	-3.321109116077423096e-01	4.130461215972900391e-01	9.452167749404907227e-01	-1.521652042865753174e-01
4.273650646209716797e-01	5.309340730309486389e-02	4.278070032596588135e-01	1.350393332540988922e-02	1.981456428766250610e-01	-2.612187266349792480e-01	-1.702705919742584229e-01	3.100161850452423096e-01	3.727687001228332520e-01	-1.942062824964523315e-01
-2.520356476306915283e-01	-6.276404857635498047e-01	2.910408973693847656e-01	9.064556956291198730e-01	-2.580700814723968506e-01	1.206247210502624512e-01	-3.666848838329315186e-01	-5.575540065765380859e-01	-3.956356272101402283e-02	-9.875074774026870728e-02
-4.330804944038391113e-01	-5.094312429428100586e-01	-4.112800359725952148e-01	-2.983687222003936768e-01	6.231573820114135742e-01	-1.398655176162719727e-01	-3.579637706279754639e-01	8.378540724515914917e-02	3.480861708521842957e-02	3.347247242927551270e-01
-1.132671609520912170e-01	-1.769852638244628906e-01	7.722892761230468750e-01	2.559663653373718262e-01	1.025151133537292480e+00	-4.123851656913757324e-01	1.646775603294372559e-01	-1.953782886266708374e-02	1.538847684860229492e-01	-5.412197858095169067e-02
1.788017988204956055e+00	-1.756960153579711914e+00	2.405309677124023438e-01	-8.473891615867614746e-01	1.223314404487609863e+00	8.005821108818054199e-01	-1.296754777431488037e-01	-5.102364420890808105e-01	7.820394039154052734e-01	-1.192088842391967773e+00
1.230247974395751953e+00	-1.172892212867736816e+00	-1.940384209156036377e-01	-2.224269956350326538e-01	8.964871168136596680e-01	8.450246453285217285e-01	3.752187788486480713e-01	-1.825369834899902344e+00	9.715251326560974121e-01	-1.247635245323181152e+00
5.882411003112792969e-01	-5.480880737304687500e-01	8.318474292755126953e-01	-5.942347049713134766e-01	4.616262912750244141e-01	3.818964958190917969e-02	-5.842280387878417969e-01	-3.754303455352783203e-01	4.391868114471435547e-01	1.275424957275390625e-01
-9.821204841136932373e-02	-2.785504460334777832e-01	1.678378820419311523e+00	8.319616913795471191e-01	2.419728517532348633e+00	-8.128806948661804199e-01	1.563834190368652344e+00	-1.643152713775634766e+00	7.566925883293151855e-01	9.614489674568176270e-01
-2.805708050727844238e-01	-2.645767331123352051e-01	2.545577585697174072e-01	4.090422093868255615e-01	3.592200204730033875e-02	1.442041695117950439e-01	-3.561636209487915039e-01	-3.128813505172729492e-01	1.785283386707305908e-01	7.622133195400238037e-02
1.110376566648483276e-01	4.154253900051116943e-01	3.034225106239318848e-01	-2.551860809326171875e-01	-5.929100140929222107e-02	-3.831495642662048340e-01	2.521177520975470543e-04	-3.625042736530303955e-02	-4.509655386209487915e-02	2.310450226068496704e-01
5.043368339538574219e-01	-4.938419759273529053e-01	-2.267437428236007690e-01	-3.052805960178375244e-01	-2.549676001071929932e-01	3.317408561706542969e-01	-1.536666452884674072e-01	-3.388365209102630615e-01	-9.891639463603496552e-03	-7.475982904434204102e-01
-4.382122159004211426e-01	-1.058082431554794312e-01	-5.499459058046340942e-02	1.193183064460754395e-01	-4.432660937309265137e-01	-1.111217886209487915e-01	-2.660434227436780930e-03	1.981097273528575897e-03	4.235327839851379395e-01	-2.234932184219360352e-01
3.858584165573120117e-01	6.946352720260620117e-01	-1.226888373494148254e-01	3.237639665603637695e-01	-3.834902495145797729e-02	-6.208657026290893555e-01	5.522121787071228027e-01	-5.253358557820320129e-02	1.802245080471038818e-01	4.181405603885650635e-01
-3.213920891284942627e-01	3.026822954416275024e-02	7.378432899713516235e-02	2.232416868209838867e-01	3.496138155460357666e-01	1.319929659366607666e-01	-6.140719056129455566e-01	2.289085239171981812e-01	4.636836349964141846e-01	-1.826664060354232788e-01
-1.107074320316314697e-01	-3.305061757564544678e-01	-9.304205328226089478e-02	3.735675513744354248e-01	1.446304619312286377e-01	3.749373927712440491e-02	-2.270044386386871338e-01	4.594492018222808838e-01	2.276647090911865234e-01	-4.940565824508666992e-01
-4.084554314613342285e-01	2.763277590274810791e-01	2.217643737792968750e+00	1.681033492088317871e+00	-1.776471257209777832e+00	5.617969036102294922e-01	5.359253883361816406e-01	6.306837201118469238e-01	9.930613040924072266e-01	4.697923660278320312e-01
1.414354205131530762e+00	1.102555274963378906e+00	6.460607647895812988e-01	2.065186947584152222e-01	-1.118096828460693359e+00	-2.006160020828247070e+00	-2.330706357955932617e+00	1.883104562759399414e+00	9.985666871070861816e-01	2.067913711071014404e-01
2.479223310947418213e-01	6.548787355422973633e-01	5.011384487152099609e-01	-5.817275494337081909e-02	-2.378390133380889893e-01	-1.552856117486953735e-01	-7.355540394783020020e-01	9.314504861831665039e-01	1.724603623151779175e-01	-3.728632032871246338e-01
9.386731684207916260e-02	3.014674186706542969e-01	-7.640781998634338379e-02	2.123886942863464355e-01	-4.636054858565330505e-02	1.195511221885681152e-01	-7.726529240608215332e-02	-1.062568277120590210e-02	3.901685029268264771e-02	-6.917847692966461182e-02
3.708077222108840942e-02	-8.022797107696533203e-02	1.531894505023956299e-01	1.641981601715087891e-01	4.160905778408050537e-01	3.438273072242736816e-01	-4.584594666957855225e-01	1.874091029167175293e-01	2.271932512521743774e-01	5.339629575610160828e-02
1.654666066169738770e-01	5.008482187986373901e-02	-5.715409517288208008e-01	1.420715153217315674e-01	8.374229073524475098e-02	-2.881677076220512390e-02	2.279001474380493164e-01	-5.088214576244354248e-02	-1.542408913373947144e-01	-2.684337198734283447e-01
1.864613145589828491e-01	1.137308403849601746e-02	8.496601134538650513e-02	2.980050146579742432e-01	1.198978349566459656e-01	-6.021820008754730225e-02	-1.681369729340076447e-02	-1.714295297861099243e-01	1.598448492586612701e-02	-2.974459528923034668e-01
8.317409157752990723e-01	2.816803008317947388e-02	-1.375580579042434692e-01	3.767946660518646240e-01	2.963303029537200928e-01	-5.588508844375610352e-01	4.141378998756408691e-01	-1.014010667800903320e+00	2.183898240327835083e-01	1.084450840950012207e+00
-2.538447856903076172e+00	7.755988240242004395e-01	1.090140104293823242e+00	1.269083261489868164e+00	1.368959784507751465e+00	-1.130741000175476074e+00	1.096483349800109863e+00	-1.136352568864822388e-01	-2.424023747444152832e-01	-2.191693305969238281e+00
3.227224946022033691e-01	-4.253023769706487656e-03	5.663725361227989197e-02	3.877479210495948792e-02	-1.414999365806579590e-01	2.137984633445739746e-01	-5.744847655296325684e-02	-5.149585008621215820e-02	-1.904611475765705109e-02	-7.067757844924926758e-02
-1.238973438739776611e-01	-1.981215327978134155e-01	-1.939104944467544556e-01	4.265097379684448242e-01	1.079759225249290466e-01	1.698138415813446045e-01	-2.154685705900192261e-01	-1.602093875408172607e-01	3.057335019111633301e-01	-4.053246378898620605e-01
3.585815429687500000e-01	9.746694564819335938e-01	-6.187505125999450684e-01	-3.215815424919128418e-01	1.873730719089508057e-01	-2.284287661314010620e-01	-1.043444424867630005e-01	-4.583199694752693176e-02	-5.855303406715393066e-01	4.720081984996795654e-01
2.598393559455871582e-01	1.556522995233535767e-01	-3.551785275340080261e-02	1.952598839998245239e-01	1.951453462243080139e-02	1.721207201480865479e-01	-1.968172378838062286e-02	-7.467970997095108032e-02	-2.857099473476409912e-01	-1.822677403688430786e-01
9.064763784408569336e-01	5.998113751411437988e-01	3.372583687305450439e-01	-8.829975724220275879e-01	1.650136560201644897e-01	-8.401294946670532227e-01	-5.535330772399902344e-01	-4.061741828918457031e-01	7.236819863319396973e-01	-3.503049612045288086e-01
3.059697449207305908e-01	4.152808189392089844e-01	1.410785317420959473e-01	-5.973380208015441895e-01	-2.351741045713424683e-01	-1.528187990188598633e-01	4.084002077579498291e-01	1.170493438839912415e-01	2.918748855590820312e-01	-5.869788527488708496e-01
7.325401902198791504e-01	3.121491968631744385e-01	-2.615200281143188477e-01	-5.131225585937500000e-01	3.239339916035532951e-03	-3.541541993618011475e-01	8.342690765857696533e-02	1.114927455782890320e-01	-2.051771730184555054e-01	-4.282114095985889435e-03
-3.590822219848632812e-01	-1.623811572790145874e-01	-3.565520048141479492e-01	-1.087602019309997559e+00	1.016589924693107605e-01	2.634088993072509766e-01	-6.780272722244262695e-01	-6.111986637115478516e-01	-2.157621234655380249e-01	1.086380556225776672e-01
-3.578357994556427002e-01	8.708639144897460938e-01	8.669206500053405762e-01	5.867001414299011230e-02	6.478826403617858887e-01	-9.446608424186706543e-01	-1.471994817256927490e-01	-8.442537188529968262e-01	-9.440159797668457031e-01	7.565982341766357422e-01
1.874381154775619507e-01	3.244965076446533203e-01	9.205313026905059814e-02	1.754875481128692627e-01	-9.548295289278030396e-02	1.227068006992340088e-01	1.490941792726516724e-01	-2.141378372907638550e-01	4.496752470731735229e-02	-2.156906872987747192e-01
1.490468233823776245e-01	-1.035222113132476807e-01	-9.670833498239517212e-02	-1.179394647479057312e-01	-3.988548815250396729e-01	-2.171429619193077087e-02	6.208108663558959961e-01	-5.208059549331665039e-01	6.281772255897521973e-01	-3.868327736854553223e-01
1.416771769523620605e+00	-1.790040433406829834e-01	-6.272418498992919922e-01	6.567318439483642578e-01	9.382712095975875854e-02	-2.136957049369812012e-01	8.558360934257507324e-01	-1.698797583580017090e+00	1.574815660715103149e-01	7.179459929466247559e-01
7.373338937759399414e-02	1.431863188743591309e+00	6.582758426666259766e-01	-2.151198625564575195e+00	-4.662391915917396545e-02	-2.597855329513549805e-01	-9.977483153343200684e-01	-6.645317077636718750e-01	4.871397912502288818e-01	-4.491880536079406738e-01
1.284976601600646973e-01	1.678177863359451294e-01	-4.472011327743530273e-02	4.937079176306724548e-02	-3.545199707150459290e-02	9.367592632770538330e-02	-3.585852682590484619e-02	-7.641075551509857178e-02	-1.473336219787597656e-01	-2.545380294322967529e-01
2.830225825309753418e-01	-3.002780303359031677e-02	-1.115632504224777222e-01	-4.429469704627990723e-01	5.237120985984802246e-01	-8.021868467330932617e-01	1.300415396690368652e-01	3.035064935684204102e-01	4.774806201457977295e-01	2.229408472776412964e-01
2.663141814991831779e-03	3.964107036590576172e-01	1.986242234706878662e-01	-8.718032836914062500e-01	-3.054249286651611328e-01	8.975428938865661621e-01	3.969383537769317627e-01	-6.171407699584960938e-01	9.860389232635498047e-01	-1.140293255448341370e-01
6.541314125061035156e-01	2.133616060018539429e-01	1.236441582441329956e-01	-2.381202280521392822e-01	-4.925011694431304932e-01	-6.510187387466430664e-01	4.866267442703247070e-01	-4.391693472862243652e-01	4.239639639854431152e-01	3.391514420509338379e-01
2.354863286018371582e-01	3.543982207775115967e-01	1.441858857870101929e-01	1.590656787157058716e-01	-2.208667695522308350e-01	2.276010215282440186e-01	-2.151887416839599609e-01	-2.867543995380401611e-01	3.666845262050628662e-01	-2.852090299129486084e-01
1.845281273126602173e-01	2.655695676803588867e-01	4.552612081170082092e-02	1.576971262693405151e-01	2.380260080099105835e-02	2.131757736206054688e-01	-1.044300273060798645e-01	-9.399731457233428955e-02	-1.369715481996536255e-01	1.447578147053718567e-02
7.519131153821945190e-02	3.286468088626861572e-01	-7.708095014095306396e-02	2.631741464138031006e-01	5.133144557476043701e-02	-3.501060977578163147e-02	1.096158325672149658e-01	-9.635617583990097046e-02	-1.212980225682258606e-01	-1.891220360994338989e-01
-7.464026212692260742e-01	4.867357760667800903e-02	8.169810175895690918e-01	4.833878874778747559e-01	4.959988594055175781e-01	4.668347910046577454e-02	-9.300251603126525879e-01	-3.956364095211029053e-01	-9.692930430173873901e-02	2.426528692245483398e+00
-1.152826189994812012e+00	-8.400338292121887207e-01	1.502016633749008179e-01	1.265835016965866089e-01	1.437401413917541504e+00	9.798252582550048828e-01	-1.243966937065124512e+00	1.206780672073364258e+00	-6.188228726387023926e-01	-1.681407928466796875e+00
-3.354968428611755371e-01	-2.059412896633148193e-01	6.330060362815856934e-01	2.654269933700561523e-01	1.782586276531219482e-01	2.468968629837036133e-01	4.184271022677421570e-02	-3.532182276248931885e-01	6.664407998323440552e-02	-1.626018285751342773e-01
-2.651591598987579346e-01	-1.772492974996566772e-01	2.106863260269165039e-01	1.082624420523643494e-01	-1.176914852112531662e-02	1.622100472450256348e-01	-4.563625454902648926e-01	-6.335012614727020264e-02	2.163843810558319092e-01	-7.479964196681976318e-02
-3.962416648864746094e-01	1.056066393852233887e+00	9.807466715574264526e-02	-7.893108576536178589e-02	1.104676008224487305e+00	-1.155259758234024048e-01	-1.741151332855224609e+00	-1.950447261333465576e-01	6.921229362487792969e-01	8.838565349578857422e-01
1.730548292398452759e-01	1.043351739645004272e-01	-1.747810840606689453e-01	1.236490383744239807e-01	2.503549456596374512e-01	-2.140862494707107544e-02	-1.303903460502624512e-01	-1.210975125432014465e-01	4.686291515827178955e-02	-1.724666543304920197e-02
6.023756265640258789e-01	5.059254765510559082e-01	4.792123734951019287e-01	-4.081383347511291504e-01	5.463166832923889160e-01	-9.881304502487182617e-01	-4.544856026768684387e-02	-2.199922502040863037e-02	-4.396491944789886475e-01	-2.226224541664123535e-01
-5.719687044620513916e-02	2.523849010467529297e-01	-1.191059276461601257e-01	8.838354796171188354e-02	1.623472422361373901e-01	2.132916301488876343e-01	1.180926933884620667e-01	1.249435395002365112e-01	-5.124856159090995789e-02	-2.230406105518341064e-01
-8.731640875339508057e-02	4.407298862934112549e-01	-2.865100800991058350e-01	-2.085937261581420898e-01	2.593466937541961670e-01	5.500087141990661621e-01	-8.499860763549804688e-01	4.657606482505798340e-01	-1.403605937957763672e-01	2.487530410289764404e-01
-2.607597112655639648e-01	5.663443803787231445e-01	7.929014563560485840e-01	-1.636385172605514526e-01	-6.366126537322998047e-01	3.847274482250213623e-01	-8.647952079772949219e-01	-1.550472080707550049e-01	-4.288736879825592041e-01	4.177843332290649414e-01
5.915749669075012207e-01	-2.638675272464752197e-02	4.298426806926727295e-01	-2.970548570156097412e-01	-9.335024952888488770e-01	4.897087514400482178e-01	-9.976405650377273560e-02	-5.037799477577209473e-01	-5.573993921279907227e-01	-6.361342072486877441e-01
-7.672147452831268311e-02	-5.845233201980590820e-01	-4.661146998405456543e-01	-3.143519759178161621e-01	1.056430339813232422e+00	7.094312906265258789e-01	-5.654815435409545898e-01	9.604739546775817871e-01	-1.978067457675933838e-01	-6.436359882354736328e-01
-1.168150231242179871e-01	7.260835170745849609e-02	6.790161132812500000e-02	3.024840950965881348e-01	2.511481940746307373e-01	1.359544396400451660e-01	-5.504348278045654297e-01	-7.579285651445388794e-02	-1.777800768613815308e-01	3.892990648746490479e-01
-5.941783785820007324e-01	-3.083380758762359619e-01	-8.519361019134521484e-01	3.054250180721282959e-01	8.942478299140930176e-01	2.158226668834686279e-01	-8.973376154899597168e-01	3.058730065822601318e-01	-2.685511708259582520e-01	-7.817868888378143311e-02
4.009477198123931885e-01	5.968835949897766113e-01	9.665596485137939453e-02	-4.500452876091003418e-01	2.690325975418090820e-01	3.023736476898193359e-01	2.191920876502990723e-01	-5.739750266075134277e-01	2.445952594280242920e-02	-7.650735378265380859e-01
-7.215184718370437622e-02	1.558973162900656462e-04	-1.124318838119506836e-01	-8.985822200775146484e-01	9.587354660034179688e-01	-6.707860827445983887e-01	5.454746484756469727e-01	-2.169572710990905762e-01	-6.362750530242919922e-01	-4.277338385581970215e-01
-9.501587748527526855e-01	1.791976392269134521e-01	5.238472670316696167e-02	-3.132108747959136963e-01	3.668912053108215332e-01	-1.409548521041870117e+00	-1.069103360176086426e+00	5.674748420715332031e-01	7.939558625221252441e-01	6.196768879890441895e-01
2.623132169246673584e-01	2.739186882972717285e-01	-1.124654412269592285e-01	-2.328609079122543335e-01	2.834997475147247314e-01	-1.807015985250473022e-01	-9.198155254125595093e-02	-2.895184047520160675e-02	-3.830706700682640076e-02	-1.360436826944351196e-01
3.623235598206520081e-02	2.275543957948684692e-01	-2.065104246139526367e-02	2.067331820726394653e-01	-2.096984349191188812e-02	6.429857015609741211e-02	2.762290276587009430e-02	-1.384431719779968262e-01	-4.253576099872589111e-01	-3.100340068340301514e-01
1.128387078642845154e-01	1.729439646005630493e-01	8.885160833597183228e-02	1.339505016803741455e-01	3.624217212200164795e-01	4.960711300373077393e-01	-7.453777194023132324e-01	2.101929672062397003e-02	2.435243129730224609e-01	-5.707469582557678223e-02
-4.782430455088615417e-02	4.010634124279022217e-01	7.750859856605529785e-01	-2.876659929752349854e-01	-6.246408820152282715e-01	-3.103705942630767822e-01	5.606097579002380371e-01	-4.353632926940917969e-01	-2.451377511024475098e-01	8.870514035224914551e-01
-2.531593479216098785e-02	-4.762038961052894592e-02	-5.683499574661254883e-01	6.368448734283447266e-01	2.749615013599395752e-01	-2.221822440624237061e-01	-9.757648408412933350e-02	1.057363077998161316e-01	-5.538965389132499695e-02	-1.197455897927284241e-01
-5.596601963043212891e-01	1.463464051485061646e-01	2.527940273284912109e-01	-7.626289874315261841e-02	4.779576063156127930e-01	-2.384365769103169441e-03	-5.436228588223457336e-02	1.176941916346549988e-01	-4.692574739456176758e-01	-4.352853894233703613e-01
2.661661803722381592e-01	4.156273901462554932e-01	-2.413290366530418396e-02	-1.367067396640777588e-01	-4.782027378678321838e-02	1.715146750211715698e-01	-1.342665106058120728e-01	-5.954418703913688660e-02	7.402417715638875961e-03	-1.953713409602642059e-02
9.444307088851928711e-01	-2.147133648395538330e-01	8.446253538131713867e-01	-9.582700729370117188e-01	7.436737418174743652e-02	7.670739293098449707e-02	4.489394649863243103e-02	4.841538667678833008e-01	-2.305728048086166382e-01	-2.516140043735504150e-01
1.469878107309341431e-01	1.537307817488908768e-02	-8.928987383842468262e-02	5.359401702880859375e-01	2.238664627075195312e-01	1.067471653223037720e-01	4.332314059138298035e-02	-1.784251928329467773e-01	-2.606596350669860840e-01	-2.367126196622848511e-01
5.270501971244812012e-02	-3.191258013248443604e-01	-2.005833536386489868e-01	2.961788177490234375e-01	2.613460123538970947e-01	4.218141138553619385e-01	-5.516692996025085449e-01	-1.345046460628509521e-01	1.775200068950653076e-01	-2.524723485112190247e-02
1.533649861812591553e-01	3.799013197422027588e-01	-3.601900860667228699e-02	6.574063003063201904e-02	-2.782239913940429688e-01	2.520938217639923096e-01	1.310878694057464600e-01	-2.448106110095977783e-01	-1.436927169561386108e-01	-2.330282777547836304e-01
3.429739922285079956e-02	1.306443363428115845e-01	-1.296366751194000244e-01	1.338891386985778809e-01	1.404136866331100464e-01	1.320505738258361816e-01	-3.073449246585369110e-02	7.389690726995468140e-02	-2.580146864056587219e-02	-9.208969026803970337e-02
4.599525928497314453e-01	-5.354318618774414062e-01	-2.477403730154037476e-02	-8.138084411621093750e-01	4.895281493663787842e-01	8.614220423623919487e-04	7.061381936073303223e-01	7.000014781951904297e-01	-7.151380181312561035e-01	-1.502386629581451416e-01
-1.822479069232940674e-01	-2.694782055914402008e-02	-1.490810662508010864e-01	5.037860870361328125e-01	-2.298665046691894531e-01	1.285762190818786621e-01	2.308174967765808105e-01	-1.087493002414703369e-01	-3.274038434028625488e-01	-3.383659571409225464e-02
3.954247534275054932e-01	1.417464613914489746e-01	-2.025316208600997925e-01	1.459186673164367676e-01	-4.441651329398155212e-02	2.222897484898567200e-02	1.421437114477157593e-01	-2.836281657218933105e-01	3.905118256807327271e-02	-7.888934761285781860e-02
-3.376482129096984863e-01	-6.453672647476196289e-01	-6.563534736633300781e-01	6.695629954338073730e-01	-7.017021179199218750e-01	-6.165385842323303223e-01	5.496612191200256348e-01	-1.672685444355010986e-01	6.909188032150268555e-01	6.089858412742614746e-01
-1.303256489336490631e-02	-7.991694845259189606e-03	-8.981841802597045898e-02	5.585336685180664062e-01	-3.489712178707122803e-01	3.138154745101928711e-01	5.200085788965225220e-02	-3.573029860854148865e-02	8.387997746467590332e-02	2.391139566898345947e-01
7.731115072965621948e-02	-1.234181076288223267e-01	-5.797738432884216309e-01	-5.063498616218566895e-01	-4.076436161994934082e-01	-5.813484191894531250e-01	8.484641313552856445e-01	-3.312998414039611816e-01	6.700255870819091797e-01	1.291727870702743530e-01
-9.582962840795516968e-02	6.345140933990478516e-01	1.323372870683670044e-01	-3.414450585842132568e-01	1.198578476905822754e-01	-6.705591082572937012e-02	4.269411563873291016e-01	-8.634609729051589966e-02	2.236367911100387573e-01	8.485402911901473999e-02
4.557511806488037109e-01	4.278603494167327881e-01	-3.290562890470027924e-03	-1.613563448190689087e-01	-4.494590759277343750e-01	-1.018563136458396912e-01	-6.870864629745483398e-01	-6.146712899208068848e-01	1.358996927738189697e-01	3.670902550220489502e-01
-1.838398426771163940e-01	-5.265848636627197266e-01	5.388453602790832520e-01	3.316144943237304688e-01	-4.808656573295593262e-01	5.264989137649536133e-01	4.097696244716644287e-01	-2.655630707740783691e-01	3.927314281463623047e-01	1.659660637378692627e-01
-4.957083761692047119e-01	-3.951340913772583008e-01	-2.029115408658981323e-01	-1.299141347408294678e-01	2.631148397922515869e-01	4.490887224674224854e-01	-1.380863189697265625e-01	-3.610144853591918945e-01	-2.329296022653579712e-01	-2.913775444030761719e-01
1.645134091377258301e-01	2.753553912043571472e-03	-8.827129751443862915e-02	1.808729916810989380e-01	6.123229488730430603e-02	1.623766273260116577e-01	-2.027079835534095764e-02	-1.016615629196166992e-01	-1.958599984645843506e-01	-1.600471287965774536e-01
2.602245099842548370e-02	-1.040445342659950256e-01	4.121135771274566650e-01	5.427051186561584473e-01	4.291873574256896973e-01	-5.768623203039169312e-02	2.613066732883453369e-01	3.102852702140808105e-01	4.815587401390075684e-02	-6.044788360595703125e-01
-1.967240720987319946e-01	1.402273029088973999e-01	1.722415089607238770e-01	1.614999920129776001e-01	8.369532972574234009e-02	2.349734306335449219e-02	-6.928265094757080078e-02	-3.308124244213104248e-01	6.431286782026290894e-02	2.600549720227718353e-02
-2.059067189693450928e-01	-2.298978716135025024e-01	-2.011634707450866699e-01	-3.664709627628326416e-02	2.311306297779083252e-01	1.906298249959945679e-01	-1.885833293199539185e-01	1.109993904829025269e-01	2.311396747827529907e-01	-4.408227205276489258e-01
-4.207333326339721680e-01	-2.033437043428421021e-01	5.898919701576232910e-01	2.209171354770660400e-01	5.984115004539489746e-01	4.955687522888183594e-01	-5.520054697990417480e-01	1.601465791463851929e-01	-2.625232040882110596e-01	1.248380094766616821e-01
-3.913103044033050537e-01	-4.967623353004455566e-01	2.434892952442169189e-01	-2.655041515827178955e-01	2.633236050605773926e-01	5.693989396095275879e-01	-1.556238383054733276e-01	-2.964432537555694580e-01	1.834613233804702759e-01	3.375706076622009277e-01
-6.240010261535644531e-04	3.094517067074775696e-02	1.626364886760711670e-01	-9.271109849214553833e-02	1.166038960218429565e-01	7.737710326910018921e-02	1.225685626268386841e-01	-1.826776266098022461e-01	-3.352361917495727539e-01	-5.521571636199951172e-02
-5.796470493078231812e-02	-2.416995465755462646e-01	-1.861159503459930420e-01	-1.382166743278503418e-01	1.408251225948333740e-01	2.393318712711334229e-01	-2.826724350452423096e-01	-2.030753046274185181e-01	1.416881568729877472e-02	-1.215723976492881775e-01
3.695353567600250244e-01	-2.803961932659149170e-01	4.859714806079864502e-01	-4.510403871536254883e-01	-4.373189508914947510e-01	4.642614126205444336e-01	-1.017830446362495422e-01	-6.913158893585205078e-01	-4.000534117221832275e-01	1.825654506683349609e-01
-3.140363693237304688e-01	-4.254800379276275635e-01	1.747481077909469604e-01	6.823627352714538574e-01	-8.461660891771316528e-02	1.553083807229995728e-01	-1.854413896799087524e-01	-3.082434646785259247e-02	-6.601271778345108032e-02	1.428554207086563110e-01
1.973251812160015106e-02	-8.472450375556945801e-01	5.072097182273864746e-01	8.333840370178222656e-01	1.638444215059280396e-01	5.063330531120300293e-01	-9.956584572792053223e-01	-5.063030719757080078e-01	5.896651148796081543e-01	6.138992905616760254e-01
6.451721787452697754e-01	7.276894152164459229e-02	-5.796700119972229004e-01	-3.986560702323913574e-01	-4.253033101558685303e-01	8.260343670845031738e-01	2.533392310142517090e-01	2.399342060089111328e-01	-1.186774745583534241e-01	5.374050736427307129e-01
-4.757270514965057373e-01	-3.960102498531341553e-01	-5.228369832038879395e-01	6.391543149948120117e-02	2.559503316879272461e-01	4.839834272861480713e-01	-1.945767849683761597e-01	5.898899435997009277e-01	-2.728824913501739502e-01	3.285699486732482910e-01
-9.376234561204910278e-02	1.831033825874328613e-01	-1.814837455749511719e-01	2.270347177982330322e-01	2.135900557041168213e-01	-3.259011358022689819e-02	-1.704719811677932739e-01	-2.123052030801773071e-01	-2.150207310914993286e-01	-4.201667010784149170e-02
-1.084827706217765808e-01	1.100048720836639404e-01	-3.816231787204742432e-01	-2.843734323978424072e-01	-7.121661305427551270e-01	-1.681294292211532593e-01	4.690766632556915283e-01	6.955448389053344727e-01	-2.597120106220245361e-01	5.555751919746398926e-01
8.981702476739883423e-02	6.054186448454856873e-02	-1.297780573368072510e-01	3.054202198982238770e-01	8.258315175771713257e-02	1.031765416264533997e-01	-6.610279530286788940e-02	-1.379584223031997681e-01	-1.175693199038505554e-01	-1.175421327352523804e-01
-6.351261138916015625e-01	4.161201715469360352e-01	-6.160903573036193848e-01	-4.464819729328155518e-01	2.551164031028747559e-01	-3.444370627403259277e-01	4.724901169538497925e-02	-6.748948097229003906e-01	5.333666205406188965e-01	4.112691283226013184e-01
-3.949327766895294189e-02	-7.887845486402511597e-02	-1.409709751605987549e-01	3.256110250949859619e-01	-2.051424384117126465e-01	5.396637320518493652e-01	-2.962673306465148926e-01	-9.163410402834415436e-03	-2.753797173500061035e-02	9.396465867757797241e-02
-1.125121489167213440e-02	1.615796834230422974e-01	-1.445322930812835693e-01	1.852992326021194458e-01	4.577162489295005798e-02	8.987776190042495728e-02	-3.187376633286476135e-02	-1.169817075133323669e-01	-1.992428749799728394e-01	-7.231541723012924194e-02
-6.719146668910980225e-02	7.838638871908187866e-02	-3.462139666080474854e-01	-1.260396391153335571e-01	1.781975477933883667e-01	-3.485586047172546387e-01	9.561922401189804077e-02	2.749436795711517334e-01	1.320287436246871948e-01	1.306805014610290527e-01
-6.169123053550720215e-01	-4.583922922611236572e-01	-4.400034546852111816e-01	2.463938444852828979e-01	-3.230390250682830811e-01	7.171486616134643555e-01	-7.787474393844604492e-01	6.135693788528442383e-01	-5.563975572586059570e-01	8.543304353952407837e-02
-6.730163004249334335e-03	1.321787685155868530e-01	-3.813240677118301392e-02	2.991636395454406738e-01	-2.466512843966484070e-02	1.546952426433563232e-01	-6.767970323562622070e-02	6.831941753625869751e-02	-7.568868994712829590e-02	-2.297660559415817261e-01
1.428322941064834595e-01	-1.119702830910682678e-01	-1.436136811971664429e-01	4.583187103271484375e-01	-1.781358718872070312e-01	2.534606158733367920e-01	-1.338112056255340576e-01	1.371548920869827271e-01	2.178539186716079712e-01	-1.471831090748310089e-02
7.464872002601623535e-01	-7.751626968383789062e-01	7.748165726661682129e-01	-7.466345429420471191e-01	1.721941232681274414e-01	2.854656577110290527e-01	3.204270824790000916e-02	7.465236186981201172e-01	-7.759802341461181641e-01	3.305671513080596924e-01
6.951996684074401855e-01	-4.568462371826171875e-01	-3.620405793190002441e-01	5.864791870117187500e-01	2.244279384613037109e-01	-7.133306562900543213e-02	2.710586488246917725e-01	1.009293556213378906e+00	4.658374562859535217e-02	3.232334256172180176e-01
3.145216107368469238e-01	-1.952663213014602661e-01	-1.609926819801330566e-01	3.335592150688171387e-01	-4.134481847286224365e-01	1.949597597122192383e-01	5.690916180610656738e-01	3.606542944908142090e-01	5.920433253049850464e-02	-2.575723826885223389e-01
-1.524057865142822266e+00	-7.789881825447082520e-01	-5.604392290115356445e-01	-1.039266943931579590e+00	-2.204073667526245117e+00	1.199382662773132324e+00	3.857712149620056152e-01	2.230074644088745117e+00	-1.351220846176147461e+00	1.133244156837463379e+00
-1.321269869804382324e-01	-4.980368912220001221e-01	9.469904005527496338e-02	-7.758799195289611816e-02	-5.381722450256347656e-01	1.121543496847152710e-01	2.336917817592620850e-01	5.269088968634605408e-02	1.772858947515487671e-01	1.155255809426307678e-01
-4.904907569289207458e-02	3.032142519950866699e-01	-1.802832365036010742e+00	2.660840749740600586e-02	-1.093428254127502441e+00	-3.082050323486328125e+00	1.089058637619018555e+00	9.141395986080169678e-02	-3.287697136402130127e-01	8.388362824916839600e-02
1.404593288898468018e-01	5.281420946121215820e-01	-6.280484199523925781e-01	-4.760302305221557617e-01	4.989742115139961243e-02	-8.155629783868789673e-02	4.071604609489440918e-01	7.999047636985778809e-02	3.275880217552185059e-01	-5.206491947174072266e-01
4.194321855902671814e-02	8.765207976102828979e-02	-2.439868897199630737e-01	2.003465741872787476e-01	-2.068979889154434204e-01	-4.850304499268531799e-02	-1.339782867580652237e-02	-7.972842454910278320e-02	-6.981143355369567871e-02	-1.965233981609344482e-01
-1.683760732412338257e-01	2.913186550140380859e-01	-2.371067702770233154e-01	3.818938434123992920e-01	-4.932481348514556885e-01	5.701206624507904053e-03	-9.181214869022369385e-02	-1.015174090862274170e-01	-4.103164374828338623e-01	2.860334217548370361e-01
9.021773189306259155e-02	5.717131495475769043e-01	-4.546760618686676025e-01	3.644782900810241699e-01	-3.272849321365356445e-01	-1.395875662565231323e-01	4.854727685451507568e-01	-1.496449410915374756e-01	-1.020937934517860413e-01	-1.875470280647277832e-01
-1.219635456800460815e-01	-2.295285761356353760e-01	-3.629128336906433105e-01	6.848660707473754883e-01	2.974840998649597168e-01	9.766034036874771118e-02	-4.746924042701721191e-01	-6.181803345680236816e-02	4.945364594459533691e-02	1.256178468465805054e-01
-4.897048473358154297e-01	-7.044667005538940430e-01	-8.786172866821289062e-01	-1.805157065391540527e-01	9.399649500846862793e-01	7.389479875564575195e-01	6.875608116388320923e-02	8.887929916381835938e-01	-1.213506683707237244e-01	-6.477128863334655762e-01
1.405018717050552368e-01	4.600702971220016479e-02	6.184685975313186646e-03	2.110482305288314819e-01	-1.553248167037963867e-01	1.048785224556922913e-01	1.012763231992721558e-01	-8.093234151601791382e-03	5.118302255868911743e-02	-1.446986794471740723e-01
3.259289860725402832e-01	-1.846691071987152100e-01	-2.422893494367599487e-01	2.599878013134002686e-01	-3.522286117076873779e-01	-1.410770509392023087e-02	3.234938979148864746e-01	1.884116977453231812e-01	5.914196744561195374e-02	-1.685612648725509644e-01
-2.439082972705364227e-02	2.074110358953475952e-01	4.432513937354087830e-02	-6.252407431602478027e-01	-2.156596630811691284e-02	2.126724272966384888e-01	2.757697701454162598e-01	5.696935057640075684e-01	-2.068461179733276367e-01	5.820204615592956543e-01
6.167817115783691406e-01	2.502287924289703369e-01	-1.344132423400878906e-01	6.633413583040237427e-02	-5.411316156387329102e-01	-6.810097694396972656e-01	1.148263335227966309e+00	4.655152559280395508e-01	-4.060020744800567627e-01	-2.917894423007965088e-01
4.006077647209167480e-01	1.697385162115097046e-01	-1.271531730890274048e-01	8.063762634992599487e-02	-5.590310096740722656e-01	-3.391411602497100830e-01	7.569028735160827637e-01	2.056411206722259521e-01	1.276393830776214600e-01	-3.201460838317871094e-01
1.480812072753906250e+00	-4.611326754093170166e-01	-1.458885669708251953e+00	-7.457176446914672852e-01	-1.222080945968627930e+00	4.927819967269897461e-02	3.872938454151153564e-01	3.979944288730621338e-01	1.763026714324951172e-01	2.070118784904479980e-01
1.363832592964172363e+00	-1.825510263442993164e+00	-7.574605941772460938e-01	2.678426265716552734e+00	7.427694201469421387e-01	1.154999509453773499e-01	9.573086500167846680e-01	3.066522598266601562e+00	-6.197565793991088867e-01	1.227097988128662109e+00
1.075843125581741333e-01	-3.861132264137268066e-02	-1.616156250238418579e-01	1.704665422439575195e-01	-5.707020759582519531e-01	-4.460227489471435547e-01	-1.982494294643402100e-01	4.133192002773284912e-01	-2.742266654968261719e-01	5.094242095947265625e-01
-3.337512910366058350e-02	1.926497817039489746e-01	-1.770748198032379150e-01	3.229032754898071289e-01	-5.516007170081138611e-02	1.190065667033195496e-01	-3.245786726474761963e-01	2.084427773952484131e-01	-1.169165000319480896e-01	2.179176658391952515e-01
-4.949114620685577393e-01	7.182067036628723145e-01	1.247025579214096069e-01	1.988030672073364258e-01	2.728852443397045135e-03	-1.181207001209259033e-01	-3.104188740253448486e-01	-2.589448355138301849e-02	-7.421925663948059082e-01	6.134067848324775696e-02
1.081876829266548157e-01	2.625327408313751221e-01	3.342854231595993042e-02	2.556512951850891113e-01	-4.636861011385917664e-02	1.002553775906562805e-01	3.019488602876663208e-02	-7.494727522134780884e-02	-1.155489459633827209e-01	2.838955726474523544e-03
-1.892418414354324341e-01	5.764345526695251465e-01	-2.341343164443969727e-01	3.379181325435638428e-01	-6.605619788169860840e-01	2.136723101139068604e-01	-1.531058829277753830e-02	-1.860521920025348663e-02	-2.497802972793579102e-01	-1.833913922309875488e-01
3.621784746646881104e-01	5.409849882125854492e-01	-1.043963730335235596e-01	1.440692692995071411e-01	-5.560396909713745117e-01	1.327347755432128906e-01	-1.658741831779479980e-01	-2.932846844196319580e-01	1.792415082454681396e-01	-8.335479348897933960e-02
5.194710493087768555e-01	1.651567965745925903e-01	-7.472777962684631348e-01	-4.108950197696685791e-01	3.320659697055816650e-01	-1.494570225477218628e-01	-6.887923479080200195e-01	-2.087834775447845459e-01	1.382276713848114014e-01	4.161289632320404053e-01
4.837498441338539124e-02	4.977554678916931152e-01	-3.618051409721374512e-01	3.603925183415412903e-02	-3.390758335590362549e-01	-2.587227821350097656e-01	2.236576080322265625e-01	-2.391248196363449097e-02	-1.576510965824127197e-01	7.510724663734436035e-02
6.110045313835144043e-01	-7.994437813758850098e-01	9.146097898483276367e-01	3.436707854270935059e-01	-7.323499917984008789e-01	4.447630420327186584e-02	-4.343513846397399902e-01	-5.756761878728866577e-03	-4.707685708999633789e-01	-4.693360626697540283e-01
-1.517968475818634033e-01	1.872885227203369141e-02	-5.344737768173217773e-01	-1.171351820230484009e-01	6.061201691627502441e-01	-3.714551031589508057e-01	1.296345591545104980e-01	-9.080458432435989380e-02	-7.845497131347656250e-01	1.594060361385345459e-01
-5.230506509542465210e-02	-1.081156730651855469e+00	-5.222094058990478516e-01	-1.115330696105957031e+00	1.439813256263732910e+00	-2.344081699848175049e-01	-7.703495621681213379e-01	6.901894211769104004e-01	-1.361588835716247559e+00	1.161321640014648438e+00
-9.547954797744750977e-01	-9.664322733879089355e-01	-1.568917185068130493e-01	-8.341869115829467773e-01	1.313545256853103638e-01	5.794717073440551758e-01	-1.523985564708709717e-01	-4.626769423484802246e-01	-1.540189385414123535e+00	1.964378952980041504e-01
1.429871842265129089e-02	-1.802008040249347687e-02	-8.219685405492782593e-02	-2.244802564382553101e-01	1.541452258825302124e-01	1.681325137615203857e-01	7.376743853092193604e-02	-1.081578284502029419e-01	-8.969467133283615112e-02	-1.511511504650115967e-01
1.667298525571823120e-01	-2.034216821193695068e-01	-1.353727877140045166e-01	1.476138830184936523e-01	1.308252941817045212e-02	1.963944286108016968e-01	-1.092514488846063614e-02	9.799300134181976318e-02	8.176349848508834839e-02	-1.678057461977005005e-01
4.447876214981079102e-01	2.018513977527618408e-01	-3.167590796947479248e-01	9.667263925075531006e-02	-1.396768242120742798e-01	-5.074379444122314453e-01	5.887572169303894043e-01	3.211102783679962158e-01	1.306788995862007141e-02	-1.203142181038856506e-01
1.583556830883026123e-01	1.326448917388916016e-01	-2.434714287519454956e-01	1.369566023349761963e-01	-2.076231688261032104e-02	-1.791744083166122437e-01	2.623604536056518555e-01	9.347381442785263062e-02	-3.068692237138748169e-02	-4.041385054588317871e-01
2.837791740894317627e-01	-1.015580445528030396e-01	-2.816389799118041992e-01	1.393509060144424438e-01	-9.031327962875366211e-01	1.200694739818572998e-01	1.206227183341979980e+00	6.678194403648376465e-01	-3.297457993030548096e-01	-4.694367647171020508e-01
-7.204587459564208984e-01	-7.957041263580322266e-01	9.185430407524108887e-01	-8.756226301193237305e-02	1.037062108516693115e-01	7.738484144210815430e-01	4.006466269493103027e-01	-2.091657072305679321e-01	-6.797966957092285156e-01	-8.160602450370788574e-01
4.547705948352813721e-01	5.079945549368858337e-02	-8.841205239295959473e-01	1.371514946222305298e-01	5.351823568344116211e-01	-1.312160789966583252e-01	-3.225637972354888916e-01	1.040386676788330078e+00	-2.751700282096862793e-01	-4.151537418365478516e-01
1.057774901390075684e+00	-6.648521423339843750e-01	3.522880077362060547e-01	7.553849220275878906e-01	-3.659701347351074219e-01	-1.027999401092529297e+00	-1.516987085342407227e+00	-4.327516853809356689e-01	-2.102184057235717773e+00	-9.829202890396118164e-01
-2.315402776002883911e-01	4.519233405590057373e-01	-6.481840014457702637e-01	-9.485547244548797607e-02	4.842714369297027588e-01	9.583539962768554688e-01	6.078791022300720215e-01	5.134074091911315918e-01	1.233155965805053711e+00	3.242667317390441895e-01
-1.107503194361925125e-02	1.608672142028808594e-01	-2.392609417438507080e-01	3.124657869338989258e-01	-2.895694039762020111e-02	8.189342170953750610e-02	-2.337878048419952393e-01	-9.493530541658401489e-02	-2.371367765590548515e-03	-1.659054309129714966e-01
1.645886749029159546e-01	-3.684800863265991211e-01	4.236963987350463867e-01	-1.108221244066953659e-02	3.161568641662597656e-01	7.645790576934814453e-01	-3.899164730682969093e-03	4.222604334354400635e-01	-4.962092638015747070e-01	7.117108106613159180e-01
2.911127209663391113e-01	1.215320825576782227e-01	-1.209783926606178284e-01	2.304243892431259155e-01	-6.038895845413208008e-01	2.863837778568267822e-01	3.832059502601623535e-01	-4.454349577426910400e-01	-5.215978622436523438e-01	-2.678356468677520752e-01
1.546934340149164200e-02	5.790416598320007324e-01	-1.456695497035980225e-01	2.739716470241546631e-01	-4.487268030643463135e-01	3.462748229503631592e-02	2.743034958839416504e-01	-4.196539148688316345e-02	-6.370174884796142578e-01	6.147523224353790283e-02
6.982021033763885498e-02	-8.360005915164947510e-02	-7.545776367187500000e-01	-2.421332001686096191e-01	4.950801432132720947e-01	1.746313832700252533e-02	3.577169775962829590e-01	3.223702013492584229e-01	-3.286578059196472168e-01	4.041197001934051514e-01
-5.716360807418823242e-01	-6.406133621931076050e-02	-4.584909081459045410e-01	-1.970001906156539917e-01	1.787107586860656738e-01	-6.055722832679748535e-01	1.805609166622161865e-01	-7.362059354782104492e-01	-1.125482797622680664e+00	6.186002492904663086e-01
-3.256628513336181641e-01	4.464692771434783936e-01	-1.006153225898742676e+00	-5.351817011833190918e-01	7.012941241264343262e-01	-2.898817956447601318e-01	3.493402898311614990e-01	-5.768122673034667969e-01	-5.026997327804565430e-01	1.664031893014907837e-01
-5.656044483184814453e-01	6.042516231536865234e-02	-8.555735349655151367e-01	6.183531600981950760e-03	2.110620588064193726e-01	4.203538894653320312e-01	-1.359131783246994019e-01	2.498331218957901001e-01	1.803764551877975464e-01	8.418784141540527344e-01
3.530046343803405762e-02	-8.956544399261474609e-01	-7.927289605140686035e-01	-2.011564493179321289e+00	1.135374784469604492e+00	5.182055830955505371e-01	-1.549024321138858795e-02	-9.595310688018798828e-02	-1.549108028411865234e+00	1.085408091545104980e+00
-7.490424513816833496e-01	-9.533686637878417969e-01	-8.253403902053833008e-01	-1.079982519149780273e-01	8.594799637794494629e-01	-8.095861077308654785e-01	6.148035526275634766e-01	9.899601340293884277e-02	-1.710771441459655762e+00	2.581912837922573090e-02
-4.051197320222854614e-02	4.502691328525543213e-01	-6.197886466979980469e-01	1.400983333587646484e-01	2.265980541706085205e-01	1.441848874092102051e+00	-1.064797759056091309e+00	-1.575852036476135254e-01	-6.095313429832458496e-01	-3.963850736618041992e-01
1.696480661630630493e-01	8.669558912515640259e-02	-5.207160115242004395e-02	1.501120626926422119e-01	-2.235381398350000381e-04	6.601095944643020630e-02	1.442570332437753677e-02	-1.267040520906448364e-01	-1.193260103464126587e-01	-1.523710042238235474e-01
2.011189162731170654e-01	-2.814835011959075928e-01	-2.152972370386123657e-01	1.996809542179107666e-01	-1.579977422952651978e-01	2.565032243728637695e-01	1.873036623001098633e-01	1.255083829164505005e-01	-4.501758888363838196e-02	-2.147769182920455933e-01
1.265329271554946899e-01	1.916265934705734253e-01	2.466484531760215759e-02	9.188612550497055054e-02	-4.437541589140892029e-02	4.722464978694915771e-01	5.440458655357360840e-02	-1.927707046270370483e-01	7.279372960329055786e-02	5.350523814558982849e-02
-3.693073391914367676e-01	-3.541368842124938965e-01	3.239173293113708496e-01	3.642843961715698242e-01	-2.388963252305984497e-01	-4.619458019733428955e-01	9.928711503744125366e-02	-1.443908959627151489e-01	2.932890355587005615e-01	-3.145180046558380127e-01
4.170075058937072754e-02	-2.447690069675445557e-01	-4.385345280170440674e-01	7.556293904781341553e-02	-2.193198651075363159e-01	2.708933651447296143e-01	-6.503854990005493164e-01	-3.741065263748168945e-01	2.800668478012084961e-01	2.606204897165298462e-02
-3.325433433055877686e-01	-1.542023897171020508e+00	5.197683572769165039e-01	1.966588050127029419e-01	-1.236904621124267578e+00	-1.065785363316535950e-01	4.085854291915893555e-01	-6.479231715202331543e-01	7.561267614364624023e-01	1.966832578182220459e-02
1.249608471989631653e-01	-3.616132140159606934e-01	3.008336126804351807e-01	2.212184220552444458e-01	-4.406588077545166016e-01	4.743104875087738037e-01	-1.478123962879180908e-01	-9.214007109403610229e-02	1.715741157531738281e-01	-7.274468988180160522e-02
8.933058977127075195e-01	1.524817109107971191e+00	9.695631265640258789e-01	3.445102274417877197e-01	8.691331148147583008e-01	1.005142927169799805e+00	-3.149758279323577881e-02	5.677124261856079102e-01	-1.352034091949462891e+00	4.708264172077178955e-01
3.943023681640625000e-01	4.596138373017311096e-02	8.517226576805114746e-02	1.435478180646896362e-01	-1.331903189420700073e-01	-2.614483237266540527e-01	7.188838720321655273e-02	2.777537107467651367e-01	4.591574072837829590e-01	-1.101775676943361759e-03
-4.253855049610137939e-01	-1.489856243133544922e-01	-1.114811301231384277e+00	6.202734708786010742e-01	-3.993847072124481201e-01	-3.285033702850341797e-01	-6.803894042968750000e-01	-7.517818212509155273e-01	5.503761172294616699e-01	-5.830945968627929688e-01
1.366934776306152344e-01	3.296792209148406982e-01	-2.250465750694274902e-01	2.554108798503875732e-01	2.644343972206115723e-01	8.839386515319347382e-03	-2.721909880638122559e-01	-4.567610844969749451e-02	-6.095704622566699982e-03	1.660319715738296509e-01
-3.795142173767089844e-01	-6.991553306579589844e-01	9.432282298803329468e-02	-7.579861283302307129e-01	8.921667337417602539e-01	-1.433610916137695312e-01	3.615751564502716064e-01	4.631567597389221191e-01	5.327554941177368164e-01	-6.498359441757202148e-01
1.369076073169708252e-01	1.523806154727935791e-01	-1.155375465750694275e-01	3.483783006668090820e-01	3.353508561849594116e-02	8.698645979166030884e-02	-2.499973401427268982e-02	-1.580094248056411743e-01	-5.783565714955329895e-02	-2.429866194725036621e-01
2.864774502813816071e-02	3.629286885261535645e-01	-8.459622263908386230e-01	-1.759814918041229248e-01	5.214740037918090820e-01	1.113456934690475464e-01	-1.058453992009162903e-01	-4.201775491237640381e-01	-6.046574115753173828e-01	-2.386225461959838867e-01
7.066764831542968750e-01	3.358907401561737061e-01	-1.212216019630432129e+00	-5.848878026008605957e-01	1.342728018760681152e+00	-7.151520252227783203e-01	6.816546618938446045e-02	1.276033073663711548e-01	-6.114124059677124023e-01	-7.736681103706359863e-01
4.816178083419799805e-01	1.876383125782012939e-01	-4.810095727443695068e-01	-3.038076758384704590e-01	-4.214710742235183716e-02	-4.637295603752136230e-01	6.261219382286071777e-01	-3.341462016105651855e-01	1.556100100278854370e-01	-9.909629821777343750e-01
-2.047829389572143555e+00	7.394190430641174316e-01	-7.750720977783203125e-01	-8.528676629066467285e-01	-8.293442428112030029e-02	1.317746043205261230e+00	7.496681809425354004e-01	-2.267106294631958008e+00	-1.178219437599182129e+00	9.819946289062500000e-01
1.365795433521270752e-01	-7.366229593753814697e-02	-1.875396817922592163e-01	-3.873503506183624268e-01	2.515163421630859375e-01	3.500398397445678711e-01	1.385375261306762695e-01	-3.373544216156005859e-01	-4.241326749324798584e-01	-2.060196697711944580e-01
4.357465207576751709e-01	-1.601115763187408447e-01	-5.650874972343444824e-01	-5.477950572967529297e-01	4.255186319351196289e-01	3.643779456615447998e-01	-3.505723774433135986e-01	-5.552536249160766602e-01	-3.240204155445098877e-01	-4.649317562580108643e-01
-7.469491362571716309e-01	-1.005236387252807617e+00	-1.831946894526481628e-02	1.924081206321716309e+00	-8.922736644744873047e-01	1.036848425865173340e+00	7.313693165779113770e-01	-4.067101776599884033e-01	-7.929739952087402344e-01	-9.565374813973903656e-03
4.692220687866210938e-01	-3.079648595303297043e-03	9.394507855176925659e-02	-2.591117918491363525e-01	-5.321145653724670410e-01	6.520181298255920410e-01	1.149325489997863770e+00	-1.882365345954895020e-01	-4.536021053791046143e-01	-1.022320866584777832e+00
-1.076317206025123596e-01	-1.153164878487586975e-01	8.074220418930053711e-01	1.363461166620254517e-01	-1.024906784296035767e-01	-2.166004180908203125e-01	1.987911164760589600e-01	4.983897209167480469e-01	-2.092929035425186157e-01	7.599648088216781616e-03
1.394870597869157791e-02	2.044202387332916260e-02	-1.088619977235794067e-01	2.736579179763793945e-01	8.850722759962081909e-02	4.482794553041458130e-02	-1.242848560214042664e-01	-1.103229522705078125e-01	-2.414541095495223999e-01	-2.462391406297683716e-01
-4.205912649631500244e-01	-1.211854338645935059e+00	1.532823562622070312e+00	6.248989105224609375e-01	-7.831428050994873047e-01	1.732257962226867676e+00	-1.051361441612243652e+00	-1.118867278099060059e+00	9.502950906753540039e-01	-5.363388359546661377e-02
2.050745487213134766e-02	1.016443744301795959e-01	-1.078789085149765015e-01	2.866218388080596924e-01	-9.120914340019226074e-02	1.534721851348876953e-01	-1.126146242022514343e-01	-1.853998154401779175e-01	-5.655659362673759460e-02	-1.180644705891609192e-01
2.358590215444564819e-01	3.448737263679504395e-01	-3.493365943431854248e-01	1.963884681463241577e-01	1.384928375482559204e-01	2.200040370225906372e-01	-7.860350608825683594e-02	-2.787091769278049469e-02	1.311336159706115723e-01	-1.053171753883361816e-01
3.077600300312042236e-01	-1.353486329317092896e-01	-4.976502358913421631e-01	-2.678839862346649170e-01	-7.812236547470092773e-01	-8.886296302080154419e-02	2.138887196779251099e-01	-3.110885322093963623e-01	7.281953096389770508e-01	-1.178316101431846619e-01
