7.287996262311935425e-02	-4.667755961418151855e-01	-8.086786270141601562e-01	-2.202635109424591064e-01	-6.252778768539428711e-01	-7.611416578292846680e-01	-3.502106294035911560e-02	-9.514556527137756348e-01	2.429764568805694580e-01	-3.910139203071594238e-01
3.751884400844573975e-01	-5.185823142528533936e-02	-1.912392079830169678e-01	-3.286319375038146973e-01	1.227031424641609192e-01	2.432651370763778687e-01	-3.316856026649475098e-01	2.317183017730712891e-01	-7.486059516668319702e-02	-1.632698476314544678e-01
-4.139827191829681396e-01	-4.001775681972503662e-01	5.208986401557922363e-01	1.917004212737083435e-02	-5.028760433197021484e-01	3.939626812934875488e-01	4.067149162292480469e-01	-9.617569297552108765e-02	9.989076852798461914e-02	2.969620004296302795e-02
5.712402611970901489e-02	-1.282526645809412003e-02	1.678777933120727539e-01	-1.673737764358520508e-01	-1.553057581186294556e-01	-1.215803809463977814e-02	-7.775571197271347046e-02	-7.474672794342041016e-02	9.329242259263992310e-02	-1.492910832166671753e-01
3.193933963775634766e-01	-3.842232823371887207e-01	-1.516872458159923553e-02	-9.921208024024963379e-02	4.522914811968803406e-02	1.018221974372863770e-01	3.439686298370361328e-01	9.258958697319030762e-02	-3.155543208122253418e-01	-4.314581751823425293e-01
-3.528535366058349609e-01	-5.718035623431205750e-02	3.964376635849475861e-03	-5.111112594604492188e-01	-1.377624422311782837e-01	3.917911648750305176e-01	1.054606512188911438e-01	-1.664760559797286987e-01	-6.981840729713439941e-02	-9.659881889820098877e-02
-1.214407756924629211e-01	-2.214299142360687256e-01	3.054116480052471161e-02	2.144427299499511719e-01	2.334452420473098755e-01	7.097936235368251801e-03	2.509106397628784180e-01	-1.550604254007339478e-01	-1.492698490619659424e-01	-7.283129543066024780e-02
1.495871543884277344e-01	-3.210889399051666260e-01	4.647102206945419312e-03	-2.486107870936393738e-02	5.456796288490295410e-01	3.069877624511718750e-01	6.496945023536682129e-02	2.819154560565948486e-01	-2.811610102653503418e-01	-9.803997725248336792e-02
4.564091861248016357e-01	4.385644793510437012e-01	3.685088157653808594e-01	-5.558618530631065369e-02	8.056738972663879395e-01	-4.169738888740539551e-01	5.720730870962142944e-02	3.760784566402435303e-01	1.765522174537181854e-04	1.212837989442050457e-03
3.939857482910156250e-01	-4.054782986640930176e-01	-1.562597453594207764e-01	5.259770154953002930e-02	5.499855279922485352e-01	3.215022683143615723e-01	2.601622939109802246e-01	-6.891798973083496094e-01	-2.110599428415298462e-01	9.341130405664443970e-02
4.128589034080505371e-01	-2.433775737881660461e-02	-2.700947523117065430e-01	2.958066202700138092e-02	3.786293268203735352e-01	4.597583711147308350e-01	-2.592294104397296906e-02	-3.056730628013610840e-01	-1.679143458604812622e-01	-8.797059208154678345e-02
5.628933385014533997e-02	6.705079227685928345e-02	1.125187575817108154e-01	-3.896037489175796509e-02	2.930689752101898193e-01	2.784196138381958008e-01	-7.895559072494506836e-02	-4.765816926956176758e-01	-4.179605096578598022e-02	-3.175830468535423279e-02
1.173471137881278992e-01	-1.026403997093439102e-02	3.783834576606750488e-01	-2.875389158725738525e-01	2.342601418495178223e-01	1.408905237913131714e-01	-1.160369738936424255e-01	-1.622339636087417603e-01	5.346938595175743103e-02	-1.471479237079620361e-01
5.383018851280212402e-01	1.732003688812255859e-01	4.542662575840950012e-02	-2.974362112581729889e-02	-1.686059683561325073e-02	8.325724005699157715e-01	3.011243939399719238e-01	-2.873684279620647430e-03	-1.430464386940002441e-01	-1.020238995552062988e-01
-5.128650665283203125e-01	4.110662043094635010e-01	9.486560821533203125e-01	-3.720158040523529053e-01	1.215406179428100586e+00	1.326517224311828613e+00	-3.384225666522979736e-01	8.294382095336914062e-01	-4.009160697460174561e-01	-1.097341924905776978e-01
1.507826894521713257e-01	-3.472082614898681641e-01	3.788524568080902100e-01	-3.014465570449829102e-01	-4.602601230144500732e-01	-1.212831884622573853e-01	-1.668863743543624878e-01	-6.168903112411499023e-01	9.833847731351852417e-02	-6.446694135665893555e-01
5.012854337692260742e-01	2.401150017976760864e-01	5.987817794084548950e-02	-6.359724402427673340e-01	1.553108915686607361e-02	4.835733398795127869e-02	-5.171488523483276367e-01	2.092086374759674072e-01	-1.233503371477127075e-01	-2.863473892211914062e-01
-5.483757853507995605e-01	-5.291616320610046387e-01	1.428842544555664062e-01	1.520298719406127930e-01	-1.202992722392082214e-01	3.518070280551910400e-01	3.691190481185913086e-01	1.868430338799953461e-02	-2.352086454629898071e-01	-3.363750874996185303e-01
-6.246490776538848877e-02	5.032923817634582520e-02	5.164742469787597656e-01	-3.639386296272277832e-01	-1.897237002849578857e-01	7.290153503417968750e-01	3.441739082336425781e-01	-2.306587696075439453e-01	-2.371338754892349243e-01	-4.172400236129760742e-01
3.484342396259307861e-01	-1.236668825149536133e-01	1.028211861848831177e-01	-3.484233617782592773e-01	-6.274098157882690430e-02	3.776737451553344727e-01	-6.685831397771835327e-02	4.309874400496482849e-02	-2.593369483947753906e-01	-1.850092113018035889e-01
-1.217220872640609741e-01	-1.115182787179946899e-01	3.370400667190551758e-01	2.195216566324234009e-01	3.123621046543121338e-01	-5.076572895050048828e-01	-2.564711868762969971e-01	2.347147464752197266e-02	-3.174538016319274902e-01	-1.101484969258308411e-01
2.786937952041625977e-01	-4.359845519065856934e-01	8.706428855657577515e-02	5.817176699638366699e-01	5.017749071121215820e-01	4.989578425884246826e-01	2.313866615295410156e-01	2.914542332291603088e-02	-4.421579837799072266e-01	5.606591105461120605e-01
5.652329325675964355e-01	-1.184497922658920288e-01	2.370144426822662354e-01	4.993880093097686768e-01	1.201666146516799927e-01	9.984432160854339600e-02	5.115140676498413086e-01	7.556463778018951416e-02	-1.680407524108886719e-01	4.215129464864730835e-02
3.747076690196990967e-01	7.539024204015731812e-02	3.010791540145874023e-01	2.712710499763488770e-01	-4.870324134826660156e-01	1.020866795442998409e-03	2.226174175739288330e-01	-5.208811908960342407e-02	2.279163300991058350e-01	3.593796789646148682e-01
-1.805653097108006477e-03	1.383494585752487183e-01	4.809706807136535645e-01	3.772680088877677917e-02	1.391994208097457886e-01	-8.998835086822509766e-02	-1.072592139244079590e-01	2.724241651594638824e-02	-4.631883278489112854e-02	-1.447747349739074707e-01
5.506989955902099609e-01	2.990061938762664795e-01	2.623921036720275879e-01	6.952438503503799438e-02	4.153432697057723999e-02	-1.506591439247131348e-01	3.575721755623817444e-02	-1.040224805474281311e-01	-2.056348174810409546e-01	3.354779779911041260e-01
-4.228498935699462891e-01	1.401004493236541748e-01	7.078287005424499512e-01	-2.500448524951934814e-01	2.824482023715972900e-01	-2.765955626964569092e-01	-2.789316512644290924e-02	-7.429926842451095581e-02	1.349716782569885254e-01	-1.708755455911159515e-02
2.699433453381061554e-02	-3.073345124721527100e-01	7.936035096645355225e-02	2.624401748180389404e-01	6.489331126213073730e-01	-3.933765888214111328e-01	-3.547255098819732666e-01	-1.641178429126739502e-01	-5.167182087898254395e-01	-1.155260950326919556e-01
3.294193744659423828e-01	-4.230517148971557617e-01	1.961384415626525879e-01	-4.086745381355285645e-01	7.612100243568420410e-01	-1.616255193948745728e-01	-3.120034001767635345e-02	-1.010084390640258789e+00	-2.703074514865875244e-01	3.719283342361450195e-01
1.373936086893081665e-01	6.059792637825012207e-02	1.926619261503219604e-01	4.532555863261222839e-02	-1.160150542855262756e-01	7.601792365312576294e-02	3.581926226615905762e-02	-3.683111369609832764e-01	4.831058531999588013e-02	1.418104022741317749e-01
6.575204133987426758e-01	2.979908287525177002e-01	2.320784479379653931e-01	-4.213243424892425537e-01	7.427677512168884277e-01	-1.517556607723236084e-01	-6.301317811012268066e-01	-2.790852487087249756e-01	1.692833006381988525e-01	-4.220149517059326172e-01
8.133805990219116211e-01	-1.420911103487014771e-01	-6.681261211633682251e-02	5.398115888237953186e-02	1.872383952140808105e-01	4.507349729537963867e-01	2.003496736288070679e-01	-6.393478512763977051e-01	-1.865909248590469360e-01	6.229789182543754578e-02
4.279815852642059326e-01	-1.695065349340438843e-01	-2.874450385570526123e-01	-2.710566222667694092e-01	-4.258860349655151367e-01	-1.898682266473770142e-01	-2.351506352424621582e-01	-6.981655359268188477e-01	-1.948496401309967041e-01	7.003637403249740601e-02
5.591037869453430176e-01	-6.699415445327758789e-01	-4.322513341903686523e-01	-5.279303193092346191e-01	1.666861772537231445e-02	9.648959040641784668e-01	4.640766680240631104e-01	3.703759610652923584e-02	1.647225916385650635e-01	-2.472522705793380737e-01
9.331132173538208008e-01	-1.357539836317300797e-02	8.073673397302627563e-02	-9.518194198608398438e-01	-4.150722920894622803e-01	3.870201408863067627e-01	-1.799556165933609009e-01	9.850987407844513655e-05	-7.915640622377395630e-02	-3.182991445064544678e-01
4.676231741905212402e-02	3.321970105171203613e-01	6.494280695915222168e-02	-5.292367935180664062e-01	-3.591740429401397705e-01	-1.624267101287841797e-01	5.482428893446922302e-02	1.912259012460708618e-01	1.382421981543302536e-02	1.231602206826210022e-01
-1.670491397380828857e-01	-2.535791099071502686e-01	1.060909479856491089e-01	-5.420463681221008301e-01	-2.225235402584075928e-01	3.647473454475402832e-01	-4.175160080194473267e-02	-4.439671523869037628e-03	5.881287530064582825e-02	-8.448401093482971191e-01
-1.415068358182907104e-01	-2.814405262470245361e-01	-2.104394137859344482e-01	-6.665022373199462891e-01	-8.040824532508850098e-02	1.877738535404205322e-01	-3.988065421581268311e-01	1.387321054935455322e-01	-2.582254409790039062e-01	-5.215480923652648926e-01
-5.663556605577468872e-02	-2.549469769001007080e-01	-3.199264779686927795e-02	-2.338265776634216309e-01	-1.210124492645263672e-01	9.593269973993301392e-02	1.760222464799880981e-01	8.244112879037857056e-02	-6.900017708539962769e-02	-2.170456945896148682e-01
1.069612056016921997e-01	3.365741074085235596e-01	-9.713736176490783691e-02	3.713250458240509033e-01	-2.048286199569702148e-01	1.441661268472671509e-01	-1.953246444463729858e-01	-2.983299791812896729e-01	-3.642621636390686035e-01	-3.121066652238368988e-02
7.085577845573425293e-01	3.046197593212127686e-01	7.533600330352783203e-01	7.207696437835693359e-01	8.566394448280334473e-01	-3.339460790157318115e-01	-1.122895851731300354e-01	-2.794666290283203125e-01	-5.847399234771728516e-01	-5.358427762985229492e-02
9.067476540803909302e-02	-2.932864427566528320e-01	2.785473465919494629e-01	3.789303451776504517e-02	-7.285231351852416992e-02	-5.688843131065368652e-01	-2.437869906425476074e-01	-4.916159808635711670e-02	4.838636144995689392e-02	1.902532577514648438e-01
-5.456089377403259277e-01	-1.747734397649765015e-01	2.015658020973205566e-01	-4.356823861598968506e-02	-1.732594370841979980e-01	-1.398253589868545532e-01	-3.961562365293502808e-02	-6.312527507543563843e-02	-6.210561841726303101e-02	-1.760210990905761719e-01
-3.539814352989196777e-01	-4.809594452381134033e-01	4.428554177284240723e-01	1.111753508448600769e-01	1.261554285883903503e-02	-2.647888660430908203e-01	4.369144886732101440e-02	-2.417834997177124023e-01	-1.473682075738906860e-01	9.895297698676586151e-03
1.383433341979980469e-01	-1.672284752130508423e-01	-1.159955635666847229e-01	1.827563345432281494e-01	-1.097326502203941345e-01	-2.531375735998153687e-02	4.103893414139747620e-02	-3.587545361369848251e-03	1.452624052762985229e-02	1.560943871736526489e-01
-7.698298897594213486e-03	-1.311325877904891968e-01	3.419381380081176758e-01	2.715426683425903320e-01	9.729700535535812378e-02	-2.837441563606262207e-01	-3.742248415946960449e-01	-1.967356204986572266e-01	-5.923753976821899414e-01	3.282492160797119141e-01
3.657113611698150635e-01	4.092490375041961670e-01	7.194371223449707031e-01	-1.628731004893779755e-02	3.647466376423835754e-02	-4.098465144634246826e-01	-7.598574757575988770e-01	-2.975610494613647461e-01	3.968351781368255615e-01	4.513648152351379395e-01
-2.057636827230453491e-01	-6.049565672874450684e-01	-5.429835915565490723e-01	-1.277043670415878296e-01	2.352987825870513916e-01	-2.630905807018280029e-01	2.905350551009178162e-02	-8.062076568603515625e-01	-6.500353813171386719e-01	-2.430015057325363159e-01
-2.465455383062362671e-01	3.172232583165168762e-02	7.327585667371749878e-02	-2.329289466142654419e-01	-8.259444683790206909e-02	1.167822778224945068e-01	7.746140658855438232e-02	6.545471400022506714e-02	-5.395727232098579407e-02	-1.326068937778472900e-01
2.217416465282440186e-01	6.488134711980819702e-02	2.304618358612060547e-01	-2.967002987861633301e-01	-3.300960958003997803e-01	5.789090394973754883e-01	-3.302116096019744873e-01	-5.271659493446350098e-01	-2.932622134685516357e-01	8.669227361679077148e-01
6.926848888397216797e-01	2.040900439023971558e-01	9.849727898836135864e-02	-2.148776128888130188e-02	2.401059716939926147e-01	2.607818245887756348e-01	-1.100908592343330383e-01	-7.925136089324951172e-01	1.957060247659683228e-01	3.592623174190521240e-01
5.632058382034301758e-01	1.410075724124908447e-01	6.896401047706604004e-01	2.167180329561233521e-01	9.761902689933776855e-02	2.898219414055347443e-02	2.313397675752639771e-01	-3.100496530532836914e-01	-1.550108194351196289e-01	3.558021187782287598e-01
6.499828398227691650e-02	8.524500578641891479e-02	-1.672197878360748291e-01	-4.963269233703613281e-01	1.340043246746063232e-01	3.841824233531951904e-01	-3.377847373485565186e-01	-4.625162780284881592e-01	-7.221135497093200684e-02	-1.433141380548477173e-01
-4.853134751319885254e-01	-1.346320658922195435e-01	1.700665950775146484e-01	-2.515480816364288330e-01	-3.154479563236236572e-01	-9.457561373710632324e-02	-8.728180080652236938e-02	4.734171181917190552e-02	-6.306584179401397705e-02	-1.615808010101318359e-01
6.096355989575386047e-02	6.727451086044311523e-02	1.592878252267837524e-01	-3.473175764083862305e-01	-2.032272219657897949e-01	2.486527338624000549e-02	-1.785572916269302368e-01	-1.134284734725952148e-01	-2.113286778330802917e-02	3.771172463893890381e-02
5.946154594421386719e-01	-5.529289841651916504e-01	2.179919481277465820e-01	-1.659506931900978088e-02	-1.162280365824699402e-01	-2.156898528337478638e-01	7.687847018241882324e-01	8.511310815811157227e-02	4.324982166290283203e-01	2.924259901046752930e-01
8.084592223167419434e-01	2.708831429481506348e-01	-1.437486857175827026e-01	-6.261533498764038086e-01	-4.952532351016998291e-01	5.455194711685180664e-01	1.613993197679519653e-01	1.845372915267944336e-01	2.601912058889865875e-02	2.189755737781524658e-01
-9.550823271274566650e-02	2.704974412918090820e-01	3.679604232311248779e-01	-5.399047732353210449e-01	-5.541877150535583496e-01	8.816588670015335083e-02	-1.190878152847290039e-01	2.141563892364501953e-01	2.658861875534057617e-01	-2.994300723075866699e-01
2.062880098819732666e-01	-2.487601041793823242e-01	-2.921324074268341064e-01	-6.029253005981445312e-01	-3.577177226543426514e-01	1.866346001625061035e-01	9.471563249826431274e-02	9.885807335376739502e-02	-1.171320769935846329e-02	-2.249784022569656372e-01
2.563026845455169678e-01	-1.908107697963714600e-01	-2.282100617885589600e-01	-6.014552116394042969e-01	-3.618735969066619873e-01	1.665956974029541016e-01	-3.256936073303222656e-01	1.501089632511138916e-01	-1.965470761060714722e-01	-1.580683141946792603e-01
-6.469666957855224609e-01	9.488007053732872009e-03	1.312692165374755859e-01	-6.682232022285461426e-01	-4.083879292011260986e-01	-7.475246191024780273e-01	7.236122488975524902e-01	7.209026813507080078e-01	9.455500543117523193e-02	-2.549807727336883545e-01
2.180452495813369751e-01	2.500649988651275635e-01	4.442355632781982422e-01	4.001080095767974854e-01	1.894065365195274353e-02	9.430213272571563721e-02	-1.042270511388778687e-01	-6.912575364112854004e-01	-4.444486796855926514e-01	3.035924136638641357e-01
-1.792666763067245483e-01	-1.227748915553092957e-01	1.652646362781524658e-01	-1.756032854318618774e-01	-1.996397078037261963e-01	-1.907533407211303711e-01	-4.215460270643234253e-03	2.718614339828491211e-01	1.058036312460899353e-01	6.982392072677612305e-02
1.718475669622421265e-01	-3.716500699520111084e-01	7.192863821983337402e-01	2.876556515693664551e-01	-5.495854616165161133e-01	-2.535490691661834717e-01	2.045233249664306641e-01	-2.665505409240722656e-01	8.313113451004028320e-02	4.051617085933685303e-01
-1.358839571475982666e-01	2.329058013856410980e-02	5.796829462051391602e-01	-2.152765691280364990e-01	1.719314604997634888e-01	-5.703465938568115234e-01	-2.947154045104980469e-01	3.957903757691383362e-02	-4.527968168258666992e-01	5.494198203086853027e-01
1.174762398004531860e-01	-2.451422512531280518e-01	3.543521463871002197e-01	1.018936336040496826e-01	-1.726199239492416382e-01	-5.795218795537948608e-02	4.994919523596763611e-02	2.921278178691864014e-01	-8.800867944955825806e-02	5.718341842293739319e-02
5.596366524696350098e-01	-5.384606719017028809e-01	4.517396166920661926e-02	5.873618647456169128e-02	-3.265049755573272705e-01	3.517681732773780823e-02	-1.877605170011520386e-02	-2.102333009243011475e-01	-3.088358417153358459e-02	1.814673244953155518e-01
-1.996418535709381104e-01	-4.992789328098297119e-01	2.429893910884857178e-01	-1.957461982965469360e-01	-4.011322259902954102e-01	1.494536399841308594e-01	-1.338082104921340942e-01	-1.492801159620285034e-01	-1.373433042317628860e-05	1.833580881357192993e-01
2.947935089468955994e-02	-3.134420514106750488e-01	1.040637254714965820e+00	2.825715839862823486e-01	-3.145889937877655029e-01	-2.810694277286529541e-01	-6.804748177528381348e-01	5.663986131548881531e-02	-5.257894396781921387e-01	2.764924764633178711e-01
3.067781627178192139e-01	-5.862572789192199707e-01	5.443132519721984863e-01	-1.274194940924644470e-02	-1.550133526325225830e-01	-1.326249837875366211e-01	-5.391354858875274658e-02	-2.329550981521606445e-01	-2.067628353834152222e-01	6.488791704177856445e-01
-1.221954673528671265e-01	1.678267568349838257e-01	1.009177491068840027e-01	9.419756382703781128e-02	-1.436530798673629761e-01	-2.440953627228736877e-03	-7.636240124702453613e-02	-2.427669465541839600e-01	1.401692330837249756e-01	-1.510972231626510620e-01
5.012600421905517578e-01	-3.954006731510162354e-01	-1.665643304586410522e-01	-1.328910887241363525e-01	3.695465028285980225e-01	4.106200039386749268e-01	-1.224561110138893127e-01	-5.486063193529844284e-03	-3.060298860073089600e-01	7.518859505653381348e-01
2.486957013607025146e-01	-1.742736846208572388e-01	-4.341124370694160461e-02	9.498912096023559570e-02	2.712493203580379486e-02	2.762150764465332031e-01	-1.787260025739669800e-01	-5.436086058616638184e-01	-1.355391144752502441e-01	5.596791505813598633e-01
8.160621523857116699e-01	-1.302441358566284180e-01	-3.561037480831146240e-01	4.414481520652770996e-01	-1.429942995309829712e-01	6.928789615631103516e-01	4.584283828735351562e-01	-8.024291396141052246e-01	-4.969283044338226318e-01	2.992171049118041992e-01
2.642075419425964355e-01	-8.697819709777832031e-02	-2.910509109497070312e-01	-7.764497399330139160e-02	5.987033620476722717e-02	2.914884090423583984e-01	3.704753816127777100e-01	-7.153356820344924927e-02	-1.492303162813186646e-01	-4.523455351591110229e-02
4.081335850059986115e-03	-3.223691135644912720e-02	-6.631936430931091309e-01	-6.338393092155456543e-01	2.764300405979156494e-01	8.149315714836120605e-01	1.823084056377410889e-01	-4.807516336441040039e-01	-6.508566141128540039e-01	-8.785182982683181763e-02
-5.393743515014648438e-03	-2.094679772853851318e-01	-6.944818422198295593e-03	-4.936030507087707520e-01	8.652638643980026245e-02	6.939957290887832642e-02	-1.974513977766036987e-01	-7.498417794704437256e-02	-2.802352607250213623e-01	-7.597602903842926025e-02
3.443685472011566162e-01	-4.799254536628723145e-01	-2.631519176065921783e-02	-1.132711887359619141e+00	6.507036089897155762e-02	-3.380950689315795898e-01	-1.771458089351654053e-01	3.465626016259193420e-02	-6.991708278656005859e-01	-2.248979806900024414e-01
-4.598973095417022705e-01	-2.768476903438568115e-01	-5.809837579727172852e-01	-5.393341779708862305e-01	-2.087599933147430420e-01	1.625289320945739746e-01	-6.465444713830947876e-02	-3.658547624945640564e-02	1.287492811679840088e-01	-2.607493102550506592e-01
-2.616046369075775146e-01	-2.017653435468673706e-01	-1.591387093067169189e-01	-7.008368968963623047e-01	-4.669640958309173584e-01	1.854042410850524902e-01	1.400167346000671387e-01	2.087466865777969360e-01	1.426297873258590698e-01	-2.577417790889739990e-01
-3.415167927742004395e-01	-2.960326671600341797e-01	2.889254391193389893e-01	-1.046100929379463196e-01	-4.596944451332092285e-01	-4.641606938093900681e-03	5.326206237077713013e-02	2.126764953136444092e-01	-5.695126950740814209e-02	-3.591259717941284180e-01
-1.413227766752243042e-01	-4.507328383624553680e-03	-3.617997169494628906e-01	-2.243832349777221680e-01	5.890817940235137939e-02	2.279020473361015320e-02	6.517381221055984497e-02	1.650859117507934570e-01	-1.205397099256515503e-01	2.609596215188503265e-02
7.957804948091506958e-02	-3.718909025192260742e-01	-2.649810016155242920e-01	-4.364202916622161865e-01	-3.042398579418659210e-02	-1.193911135196685791e-01	-5.054989829659461975e-02	3.419041335582733154e-01	-1.869734227657318115e-01	1.760261803865432739e-01
1.238625645637512207e-01	-4.172462224960327148e-01	3.462919890880584717e-01	4.995628818869590759e-02	-1.464153528213500977e-01	-3.173140287399291992e-01	2.928097546100616455e-01	1.413612663745880127e-01	-3.175248801708221436e-01	1.768032610416412354e-01
8.104681968688964844e-02	-4.026259481906890869e-02	5.715519785881042480e-01	-3.242376446723937988e-01	-3.697573840618133545e-01	-3.651255071163177490e-01	-3.128933310508728027e-01	-1.082085296511650085e-01	1.782583594322204590e-01	6.304542422294616699e-01
-4.809349030256271362e-02	-2.303107678890228271e-01	5.681402608752250671e-02	1.328654587268829346e-01	-2.826839983463287354e-01	-4.393890872597694397e-02	-2.379313707351684570e-01	-6.287018209695816040e-02	-2.915785014629364014e-01	1.620571911334991455e-01
4.232282340526580811e-01	-4.830555021762847900e-01	1.341298818588256836e-01	-1.894934177398681641e-01	1.437412798404693604e-01	-4.091599881649017334e-01	1.706122159957885742e-01	-1.661970280110836029e-02	-3.964505791664123535e-01	5.609166026115417480e-01
-7.048761248588562012e-01	-6.111274939030408859e-03	1.394708752632141113e-01	-5.930783227086067200e-03	-7.175903022289276123e-02	-2.932744920253753662e-01	-5.739715099334716797e-01	-3.854928612709045410e-01	7.078733444213867188e-01	-2.848679721355438232e-01
-3.362861275672912598e-01	-8.464984893798828125e-01	8.668562769889831543e-01	-3.200091719627380371e-01	1.093942224979400635e-01	-8.643296957015991211e-01	-2.908005714416503906e-01	-1.781581342220306396e-01	2.283376902341842651e-01	5.225643515586853027e-01
2.246994823217391968e-01	-4.856485873460769653e-02	2.337205410003662109e-01	-2.643048465251922607e-01	2.847266495227813721e-01	-3.859072625637054443e-01	-4.379335343837738037e-01	7.056498527526855469e-02	-2.558799088001251221e-01	3.983171284198760986e-01
6.486657261848449707e-01	-1.711741238832473755e-01	3.032715320587158203e-01	-1.893893182277679443e-01	-4.561815410852432251e-02	-3.651817739009857178e-01	3.842690587043762207e-01	-3.539265990257263184e-01	-2.725069820880889893e-01	7.131927609443664551e-01
-1.821046173572540283e-01	-1.388432383537292480e-01	6.957210898399353027e-01	-6.014500185847282410e-02	-2.542169690132141113e-01	-3.528004139661788940e-02	-1.278039366006851196e-01	2.999670207500457764e-01	-7.200790196657180786e-02	1.755247265100479126e-01
-5.134188532829284668e-01	-1.947137564420700073e-01	8.824594616889953613e-01	6.941823661327362061e-02	-6.396686192601919174e-03	1.003445684909820557e-02	-4.846721887588500977e-02	-6.528174281120300293e-01	-6.377636641263961792e-02	3.801679015159606934e-01
-4.132035374641418457e-01	2.642290294170379639e-01	8.764698505401611328e-01	-5.646326541900634766e-01	-3.419979214668273926e-01	6.451656818389892578e-01	-8.685892447829246521e-03	1.898499876260757446e-01	-5.957145094871520996e-01	4.054657518863677979e-01
-5.100613236427307129e-01	-2.315960824489593506e-01	-2.765454649925231934e-01	-4.539936184883117676e-01	4.080159068107604980e-01	4.623558521270751953e-01	-4.189516305923461914e-01	2.437574565410614014e-01	-6.867112517356872559e-01	5.411815047264099121e-01
2.077806890010833740e-01	-5.538159012794494629e-01	2.538963854312896729e-01	-5.097309350967407227e-01	-1.530304253101348877e-01	2.489490248262882233e-02	-3.688994646072387695e-01	-3.141767904162406921e-02	-1.951172947883605957e-01	1.938907951116561890e-01
1.927661709487438202e-02	-2.655701637268066406e-01	-1.340924203395843506e-01	-1.960880607366561890e-01	2.828888893127441406e-01	2.045660912990570068e-01	3.413431346416473389e-02	-1.543927378952503204e-02	-4.509193301200866699e-01	-8.334985375404357910e-02
1.674607545137405396e-01	-7.562700510025024414e-01	-1.587771810591220856e-02	-5.019658803939819336e-01	-7.619767785072326660e-01	6.076233983039855957e-01	-6.703189015388488770e-01	3.547274172306060791e-01	-5.205807685852050781e-01	1.626058518886566162e-01
1.796219684183597565e-02	-4.334255754947662354e-01	2.152391970157623291e-01	-3.828920125961303711e-01	-5.597794651985168457e-01	-3.576537966728210449e-02	3.286197483539581299e-01	4.233117401599884033e-01	-3.782204091548919678e-01	1.851228624582290649e-02
-2.053532749414443970e-01	2.094269171357154846e-02	1.266251057386398315e-01	-2.816080749034881592e-01	6.588226184248924255e-03	-1.528957188129425049e-01	-1.822897791862487793e-01	2.119882851839065552e-01	-1.906549781560897827e-01	-2.706196159124374390e-02
2.492748796939849854e-01	-5.298139452934265137e-01	-2.499775774776935577e-02	-4.475449919700622559e-01	-3.411813974380493164e-01	-3.985820412635803223e-01	1.042564734816551208e-01	6.881979703903198242e-01	-2.129340022802352905e-01	3.576405048370361328e-01
3.250497877597808838e-01	-5.608450770378112793e-01	-5.507427453994750977e-01	7.978737354278564453e-02	-1.345811486244201660e-01	6.354054212570190430e-01	4.206542968750000000e-01	7.675933837890625000e-02	8.159282803535461426e-02	-1.008605659008026123e-01
-3.454986512660980225e-01	-2.898641228675842285e-01	1.574974060058593750e-01	-6.228492036461830139e-02	-3.838265314698219299e-02	1.800532490015029907e-01	2.002903521060943604e-01	-2.060380727052688599e-01	-2.255691587924957275e-01	8.219467848539352417e-02
2.661069035530090332e-01	1.320171356201171875e-01	6.265002489089965820e-02	-5.812785625457763672e-01	-3.781769275665283203e-01	-2.044748514890670776e-02	-1.708039455115795135e-02	5.402825474739074707e-01	3.485972583293914795e-01	6.520804762840270996e-01
4.030950665473937988e-01	-3.150353133678436279e-01	4.231148064136505127e-01	-2.981317937374114990e-01	-3.731010556221008301e-01	1.611348241567611694e-01	-3.442285060882568359e-01	7.082518339157104492e-01	-4.662236198782920837e-02	6.180310249328613281e-01
3.023426532745361328e-01	2.370177656412124634e-01	1.488311737775802612e-01	-2.614764496684074402e-02	9.455943852663040161e-02	2.471701353788375854e-01	4.198603332042694092e-01	2.224859148263931274e-01	-1.586616784334182739e-01	4.959976673126220703e-01
2.361520081758499146e-01	-3.425673842430114746e-01	-5.663111805915832520e-02	-7.485302537679672241e-02	6.804998964071273804e-02	-1.357015073299407959e-01	-2.295127362012863159e-01	4.957403242588043213e-01	-6.922850012779235840e-01	6.344224214553833008e-01
9.253377467393875122e-02	-5.856143832206726074e-01	-3.311202302575111389e-02	-8.603658527135848999e-03	8.463482558727264404e-02	2.729234993457794189e-01	3.372233510017395020e-01	-4.209209382534027100e-01	-5.091279745101928711e-01	5.719850659370422363e-01
-8.303378522396087646e-02	-5.405162572860717773e-01	-1.296311318874359131e-01	1.762655526399612427e-01	-1.365606784820556641e-01	6.406148076057434082e-01	2.527358233928680420e-01	-4.322153031826019287e-01	-4.838611483573913574e-01	5.562067031860351562e-01
-2.015736103057861328e-01	-1.614794950000941753e-03	-3.421679139137268066e-02	-8.663462847471237183e-02	-7.366634905338287354e-02	2.216265201568603516e-01	-5.983193870633840561e-03	6.300002336502075195e-02	5.538823455572128296e-02	3.764271363615989685e-02
-3.696011006832122803e-01	-3.387910723686218262e-01	3.846145868301391602e-01	-8.299769461154937744e-02	-4.217498898506164551e-01	1.068108230829238892e-01	2.674452662467956543e-01	-2.495494298636913300e-02	1.198418885469436646e-01	4.173706099390983582e-02
3.319426178932189941e-01	-5.301632285118103027e-01	3.838223814964294434e-01	-2.752005159854888916e-01	-5.990790128707885742e-01	-4.807358682155609131e-01	5.352079272270202637e-01	8.677461147308349609e-01	-5.313874483108520508e-01	3.793293535709381104e-01
1.527283340692520142e-01	2.021991014480590820e-01	-1.078189630061388016e-02	-5.125781893730163574e-01	-2.958695590496063232e-01	-2.739145457744598389e-01	1.991997510194778442e-01	-3.966393768787384033e-01	5.619777441024780273e-01	4.570629298686981201e-01
-5.644060969352722168e-01	1.267554610967636108e-01	-2.128355503082275391e-01	-5.661829710006713867e-01	2.911052405834197998e-01	1.990434080362319946e-01	-4.784625172615051270e-01	9.497224539518356323e-02	-2.482064515352249146e-01	3.670103847980499268e-01
2.396860718727111816e-01	-9.627268463373184204e-02	-2.360023409128189087e-01	-4.893404245376586914e-02	-3.902512192726135254e-01	-2.958329580724239349e-02	1.579767018556594849e-01	1.934950947761535645e-01	-2.319259792566299438e-01	4.767929911613464355e-01
6.200504675507545471e-02	2.713468670845031738e-01	8.725192397832870483e-02	-2.450433820486068726e-01	-2.520966529846191406e-01	1.884810510091483593e-03	1.166938617825508118e-01	1.483262181282043457e-01	-9.605376049876213074e-03	-1.012167613953351974e-02
-1.838229745626449585e-01	2.189142853021621704e-01	1.548086106777191162e-01	-1.730523407459259033e-01	-1.686126589775085449e-01	3.603874356485903263e-04	-1.298365592956542969e-01	-8.419179171323776245e-02	1.075808554887771606e-01	-4.165266752243041992e-01
3.925352692604064941e-01	-1.672546267509460449e-01	-2.078708559274673462e-01	9.395013004541397095e-02	-5.640529394149780273e-01	5.557467341423034668e-01	4.594588875770568848e-01	4.685914516448974609e-01	-1.685836166143417358e-01	2.300318181514739990e-01
3.184373974800109863e-01	-4.025574326515197754e-01	-1.105518341064453125e-01	4.606808722019195557e-02	-6.105530261993408203e-01	-4.412898719310760498e-01	3.925719857215881348e-01	-3.090989887714385986e-01	2.672599256038665771e-01	2.213753759860992432e-01
-9.372223168611526489e-02	-1.777538508176803589e-01	8.178212642669677734e-01	7.462953329086303711e-01	-1.104787945747375488e+00	6.810082197189331055e-01	5.850767493247985840e-01	6.088455319404602051e-01	3.952535986900329590e-01	2.140766084194183350e-01
-7.840185761451721191e-01	-8.920527249574661255e-02	3.287115693092346191e-01	1.873550564050674438e-01	-7.228745818138122559e-01	-8.355686664581298828e-01	3.245453834533691406e-01	9.210854768753051758e-01	2.261433564126491547e-02	4.576662480831146240e-01
-2.968545854091644287e-01	1.870986670255661011e-01	4.010407626628875732e-02	-2.014106139540672302e-02	2.550238072872161865e-01	-1.009271889925003052e-01	-1.935691982507705688e-01	1.382662951946258545e-01	-4.150809645652770996e-01	-1.522895842790603638e-01
-5.223146080970764160e-01	-4.132129848003387451e-01	2.599316835403442383e-01	2.366207391023635864e-01	1.638777903281152248e-04	-3.540602326393127441e-01	4.335368424654006958e-02	-5.563795194029808044e-02	3.602650761604309082e-02	2.528958320617675781e-01
-1.825413554906845093e-01	-3.826454877853393555e-01	-1.367693543434143066e-01	1.884135454893112183e-01	-1.666224300861358643e-01	3.664011061191558838e-01	9.155305474996566772e-02	1.584346890449523926e-01	8.808413147926330566e-02	3.264783620834350586e-01
1.195690482854843140e-01	-2.678746283054351807e-01	-1.808830201625823975e-01	-2.230409905314445496e-02	-5.019237101078033447e-02	-2.512875199317932129e-01	8.412020206451416016e-01	5.074120759963989258e-01	-3.639833629131317139e-02	7.514326572418212891e-01
-2.994492650032043457e-01	-1.059561409056186676e-02	-5.387734249234199524e-02	-1.371659040451049805e-01	-2.111584544181823730e-01	8.549639582633972168e-02	1.475480850785970688e-02	-4.149562120437622070e-02	9.829143993556499481e-03	-1.659550964832305908e-01
-6.167353987693786621e-01	2.188650369644165039e-01	7.663208246231079102e-02	-8.449659496545791626e-02	-1.206206828355789185e-01	3.719051182270050049e-02	-1.567708998918533325e-01	4.073018580675125122e-02	-1.401797235012054443e-01	-3.843418657779693604e-01
-1.648226231336593628e-01	1.120941042900085449e-01	1.565503478050231934e-01	-4.775091633200645447e-02	-2.468768656253814697e-01	-3.735680878162384033e-02	3.186888992786407471e-01	-2.412162125110626221e-01	2.313002794981002808e-01	2.510847151279449463e-01
5.283474177122116089e-02	-8.467102050781250000e-02	3.551937937736511230e-01	3.276407420635223389e-01	1.231656037271022797e-02	-4.106047451496124268e-01	2.535613775253295898e-01	6.872829794883728027e-02	-3.858561217784881592e-01	1.054073870182037354e-01
-1.982886046171188354e-01	-3.983030617237091064e-01	3.269529342651367188e-01	1.456954330205917358e-01	-3.192148804664611816e-01	-3.922823965549468994e-01	-7.637410610914230347e-02	-4.254877865314483643e-01	-6.666186451911926270e-01	5.222027301788330078e-01
2.791063487529754639e-02	1.752176433801651001e-01	1.710126735270023346e-02	1.986940205097198486e-01	9.632809460163116455e-02	-4.582012444734573364e-02	-2.072557210922241211e-01	-5.444564856588840485e-03	-2.323370277881622314e-01	1.510352790355682373e-01
-7.213010787963867188e-01	4.860619604587554932e-01	-2.648453712463378906e-01	1.832063943147659302e-01	2.057610154151916504e-01	-1.524669080972671509e-01	-1.159151494503021240e-01	-2.455710768699645996e-01	-2.151072919368743896e-01	-8.559744805097579956e-02
-9.417520761489868164e-01	4.436944797635078430e-02	5.049037933349609375e-02	3.578489646315574646e-02	-4.624745547771453857e-01	-3.912478983402252197e-01	-1.318875402212142944e-01	-1.155167073011398315e-02	2.619994580745697021e-01	1.823663362301886082e-03
-7.896399497985839844e-01	2.900403141975402832e-01	-4.420987069606781006e-01	2.396751642227172852e-01	-3.661779314279556274e-02	2.004684954881668091e-01	-6.213444471359252930e-02	-1.171332225203514099e-01	-8.490337431430816650e-02	1.228257361799478531e-02
-7.071710228919982910e-01	6.179923415184020996e-01	2.365842759609222412e-01	-8.561959117650985718e-02	4.322594404220581055e-01	4.663105309009552002e-02	-6.503878533840179443e-02	8.435680270195007324e-01	3.797023296356201172e-01	-3.511508107185363770e-01
-1.250387579202651978e-01	7.434644103050231934e-01	-9.673774242401123047e-01	-2.305660843849182129e-01	-2.512679994106292725e-01	-3.484078943729400635e-01	-5.372220873832702637e-01	7.062481045722961426e-01	-3.153916895389556885e-01	4.475360214710235596e-01
2.808576822280883789e-01	3.468883633613586426e-01	-1.058182120323181152e+00	-6.699403524398803711e-01	-4.942830204963684082e-01	4.829433262348175049e-01	3.421795368194580078e-01	1.048311591148376465e+00	-4.709413349628448486e-01	8.729217052459716797e-01
8.507976680994033813e-02	-4.655967056751251221e-01	-1.426668614149093628e-01	5.451526045799255371e-01	4.994037747383117676e-01	-2.650057673454284668e-01	8.231232166290283203e-01	9.332813620567321777e-01	2.087291181087493896e-01	1.463256031274795532e-01
-1.612979918718338013e-01	1.321823298931121826e-01	6.795756053179502487e-03	-2.299960516393184662e-02	-3.806974887847900391e-01	3.554829955101013184e-01	-1.808078140020370483e-01	-2.093588560819625854e-01	4.393244981765747070e-01	3.475497663021087646e-02
-6.057434082031250000e-01	3.474417924880981445e-01	-4.602366983890533447e-01	4.291432201862335205e-01	1.883457899093627930e-01	1.238805204629898071e-01	3.922404050827026367e-01	1.351408213376998901e-01	-1.372914165258407593e-01	3.934020400047302246e-01
-1.543501624837517738e-03	7.807009220123291016e-01	-5.014805793762207031e-01	6.068485379219055176e-01	-1.811575740575790405e-01	3.646710515022277832e-01	-2.377769164741039276e-02	-2.618929445743560791e-01	-4.519637227058410645e-01	5.000170469284057617e-01
-5.371030569076538086e-01	4.729865193367004395e-01	1.521589905023574829e-01	-3.577361702919006348e-01	-1.019578613340854645e-02	-7.660647481679916382e-02	-2.476841360330581665e-01	8.714753389358520508e-02	1.166945323348045349e-01	-8.144561201333999634e-02
6.486123800277709961e-02	-3.707857057452201843e-02	-1.122483909130096436e-01	3.643038570880889893e-01	-1.416492648422718048e-02	1.887342780828475952e-01	5.826148390769958496e-01	1.729583442211151123e-01	-5.524365305900573730e-01	9.477905631065368652e-01
-2.884089648723602295e-01	4.364110827445983887e-01	-4.627351090312004089e-02	1.605022251605987549e-01	-2.630977146327495575e-02	4.536205828189849854e-01	2.127407938241958618e-01	6.466198712587356567e-02	3.531463742256164551e-01	1.404514461755752563e-01
-3.356299549341201782e-02	2.386166751384735107e-01	-5.360574722290039062e-01	5.439823865890502930e-01	-1.984676122665405273e-01	5.891189351677894592e-02	5.032779574394226074e-01	-4.902289211750030518e-01	-2.018578117713332176e-03	2.305412888526916504e-01
1.092231199145317078e-01	5.294163227081298828e-01	-4.099706709384918213e-01	2.565753459930419922e-01	1.643729861825704575e-03	2.483033984899520874e-01	6.695161014795303345e-02	2.264304552227258682e-03	-1.542166769504547119e-01	2.038351446390151978e-01
1.937627941370010376e-01	-4.167946577072143555e-01	2.613057494163513184e-01	-1.402590572834014893e-01	-4.641978144645690918e-01	-6.175901293754577637e-01	7.032590508460998535e-01	2.180364578962326050e-01	9.175921231508255005e-02	7.818562388420104980e-01
-6.396775841712951660e-01	-1.127619147300720215e-01	-6.244986653327941895e-01	1.856048554182052612e-01	2.976461648941040039e-01	1.402823179960250854e-01	3.953674733638763428e-01	-5.563041567802429199e-02	-2.339000701904296875e-01	2.138244360685348511e-01
-3.601188063621520996e-01	3.256860673427581787e-01	-1.801822483539581299e-01	1.995481699705123901e-01	-4.658354073762893677e-02	1.532151829451322556e-02	-8.957806974649429321e-02	-5.547497421503067017e-02	9.523783624172210693e-02	1.851456053555011749e-02
-4.485222697257995605e-01	5.458452105522155762e-01	5.251987278461456299e-02	1.238774806261062622e-01	-2.465281188488006592e-01	-8.826907724142074585e-02	-4.711558669805526733e-02	-1.626215380383655429e-04	8.125229179859161377e-02	-9.682353585958480835e-02
-1.149174496531486511e-01	2.770575284957885742e-01	-1.172314137220382690e-01	2.447117865085601807e-02	-7.971547544002532959e-02	2.540553808212280273e-01	1.482608765363693237e-01	-1.556639820337295532e-01	6.401211023330688477e-02	-3.056831359863281250e-01
-2.131014876067638397e-02	4.141543209552764893e-01	-2.281728535890579224e-01	4.534036219120025635e-01	1.791964918375015259e-01	1.896181106567382812e-01	5.472821593284606934e-01	-1.063692495226860046e-01	1.210009306669235229e-02	9.115142375230789185e-02
1.421357095241546631e-01	4.033772647380828857e-02	-1.914040148258209229e-01	1.373902112245559692e-01	-1.477383822202682495e-01	-3.597169741988182068e-02	2.199061810970306396e-01	7.678577303886413574e-02	1.379594765603542328e-02	2.247762866318225861e-02
-5.375154614448547363e-01	-4.709710776805877686e-01	-1.388408541679382324e-01	-1.578736752271652222e-01	7.831109762191772461e-01	2.608560919761657715e-01	-2.762760519981384277e-01	3.532133400440216064e-01	-3.111289441585540771e-01	4.963579475879669189e-01
-3.128034174442291260e-01	-1.428611427545547485e-01	-5.047343373298645020e-01	1.741057038307189941e-01	1.829885132610797882e-02	1.707293242216110229e-01	-4.421875476837158203e-01	6.721433997154235840e-01	2.405944466590881348e-01	4.810508340597152710e-02
5.422371625900268555e-01	7.503212094306945801e-01	-6.287417411804199219e-01	2.164756506681442261e-01	-3.412889838218688965e-01	-1.716230660676956177e-01	-2.063800990581512451e-01	1.286104768514633179e-01	9.181612730026245117e-02	2.378263175487518311e-01
4.342290461063385010e-01	4.900198876857757568e-01	-5.320993661880493164e-01	-1.860720664262771606e-01	-9.446464478969573975e-02	1.491811722517013550e-01	2.784698009490966797e-01	-4.873859882354736328e-02	-1.311893910169601440e-01	2.633222043514251709e-01
-2.541615813970565796e-02	4.646050631999969482e-01	2.046175748109817505e-01	5.042841434478759766e-01	2.560198903083801270e-01	-2.440132498741149902e-01	-3.436434641480445862e-02	3.963932096958160400e-01	1.405679732561111450e-01	5.860266089439392090e-01
-1.031001806259155273e+00	-1.117243021726608276e-01	-7.846690416336059570e-01	-3.115976750850677490e-01	-4.175362586975097656e-01	6.600176692008972168e-01	5.975083708763122559e-01	2.205798178911209106e-01	6.134070158004760742e-01	3.288587331771850586e-01
-4.392131865024566650e-01	2.171948552131652832e-01	-4.160581529140472412e-01	2.389227747917175293e-01	-3.605636954307556152e-02	5.638014897704124451e-02	9.521423280239105225e-02	4.045464396476745605e-01	3.402545303106307983e-02	2.366562783718109131e-01
1.116574853658676147e-01	9.940749406814575195e-02	-1.069332599639892578e+00	7.840676307678222656e-01	-2.234772741794586182e-01	4.425802230834960938e-01	8.440158367156982422e-01	1.859034895896911621e-01	1.212351992726325989e-01	7.957441210746765137e-01
1.775687634944915771e-01	5.372064113616943359e-01	-3.021539747714996338e-01	4.615576267242431641e-01	2.440753392875194550e-02	4.733872115612030029e-01	3.071810603141784668e-01	1.821539849042892456e-01	-5.153900012373924255e-02	2.718240618705749512e-01
-9.258422851562500000e-01	-3.222891688346862793e-01	-7.806925177574157715e-01	1.593444198369979858e-01	5.348216891288757324e-01	3.407568857073783875e-02	2.669605016708374023e-01	5.642428398132324219e-01	-2.901706099510192871e-01	6.384772658348083496e-01
-6.042831763625144958e-02	3.530803024768829346e-01	-2.659574151039123535e-01	-6.790989637374877930e-02	9.300904721021652222e-02	2.031653672456741333e-01	-7.075735926628112793e-02	4.573310166597366333e-02	-1.754329055547714233e-01	-5.935996025800704956e-02
-3.569739460945129395e-01	4.126470386981964111e-01	5.593622103333473206e-02	4.329257011413574219e-01	1.126661375164985657e-01	-4.766937792301177979e-01	2.198086678981781006e-01	-7.244026660919189453e-02	-1.098277643322944641e-01	5.135438442230224609e-01
1.462914235889911652e-02	7.688646763563156128e-02	-6.193870902061462402e-01	5.947200655937194824e-01	-4.808277636766433716e-02	2.752042375504970551e-02	-1.387623548507690430e-01	-2.632938921451568604e-01	-2.230798751115798950e-01	6.136537194252014160e-01
-2.369961589574813843e-01	4.399714171886444092e-01	1.393720041960477829e-02	6.030663102865219116e-02	2.297740802168846130e-02	3.209489583969116211e-02	-6.222214922308921814e-02	-1.210538074374198914e-01	-1.039775237441062927e-01	-3.768351674079895020e-01
1.135320961475372314e-01	2.999759316444396973e-01	5.489486828446388245e-02	9.297273159027099609e-01	-7.225803732872009277e-01	-4.303941726684570312e-01	-1.897443979978561401e-01	2.781259417533874512e-01	-1.731054931879043579e-01	5.445908904075622559e-01
-2.329457364976406097e-02	5.493595600128173828e-01	-2.185635417699813843e-01	5.143710412085056305e-03	-9.122410416603088379e-02	1.773056685924530029e-01	1.387701183557510376e-01	-2.037681788206100464e-01	1.672589480876922607e-01	-1.262880861759185791e-01
-1.134578585624694824e-01	1.742480248212814331e-01	-3.687405288219451904e-01	2.063747197389602661e-01	3.300354182720184326e-01	-2.605507969856262207e-01	-2.976873517036437988e-01	4.744723737239837646e-01	-1.787068098783493042e-01	5.445082858204841614e-02
-6.247074604034423828e-01	2.788555026054382324e-01	1.018841117620468140e-01	5.324283242225646973e-01	1.327191889286041260e-01	-2.122485935688018799e-01	-7.037498950958251953e-01	-3.734686970710754395e-01	7.007061243057250977e-01	4.696864187717437744e-01
-2.723526954650878906e-02	-9.764531999826431274e-02	-6.235349550843238831e-02	1.655747741460800171e-02	4.637362062931060791e-02	-2.628126442432403564e-01	-1.593665033578872681e-01	3.435986042022705078e-01	-1.405832171440124512e-01	-2.616835832595825195e-01
-1.378760933876037598e-01	3.563083708286285400e-01	3.597927093505859375e-02	-2.997651696205139160e-02	1.162599772214889526e-02	2.372995764017105103e-02	1.088614389300346375e-02	3.740363568067550659e-02	8.470433764159679413e-03	-2.048877924680709839e-01
2.850075066089630127e-01	7.501576095819473267e-02	-1.027283787727355957e+00	5.597031116485595703e-01	-5.314630270004272461e-01	-1.302477717399597168e-01	6.752958893775939941e-01	-1.479801833629608154e-01	2.165951877832412720e-01	3.684312701225280762e-01
-6.040791869163513184e-01	1.651889085769653320e-01	2.097283117473125458e-02	1.018697991967201233e-01	-3.027308285236358643e-01	-2.469571679830551147e-01	3.330510556697845459e-01	8.257356286048889160e-01	1.814189106225967407e-01	5.160104036331176758e-01
-4.899738729000091553e-02	2.713505625724792480e-01	-2.428270131349563599e-01	5.617125630378723145e-01	2.599354982376098633e-01	5.618467330932617188e-01	5.717240571975708008e-01	-1.296876072883605957e-01	3.408590257167816162e-01	2.918797135353088379e-01
1.990535110235214233e-01	1.202454566955566406e+00	-3.910009562969207764e-01	4.896408692002296448e-02	-5.906792879104614258e-01	-9.759014844894409180e-01	-8.631351590156555176e-02	-7.171149551868438721e-02	2.438628971576690674e-01	-1.848074346780776978e-01
2.513220310211181641e-01	5.896351933479309082e-01	6.386451125144958496e-01	6.437757015228271484e-01	5.066872835159301758e-01	-6.276516318321228027e-01	2.205375581979751587e-01	-7.626223564147949219e-02	6.655217409133911133e-01	6.260796189308166504e-01
-3.220876753330230713e-01	3.435311019420623779e-01	-8.303625583648681641e-01	2.604562640190124512e-01	-7.026451081037521362e-02	-2.108750194311141968e-01	6.190627217292785645e-01	8.257140219211578369e-02	6.722211837768554688e-01	5.782790184020996094e-01
2.166468203067779541e-01	6.587862968444824219e-01	-9.284424781799316406e-01	6.565225720405578613e-01	3.178200423717498779e-01	4.917787015438079834e-01	-1.898642927408218384e-01	-2.368380725383758545e-01	-3.483884334564208984e-01	8.297196626663208008e-01
5.458771809935569763e-02	3.733178973197937012e-01	-6.510554552078247070e-01	5.662621855735778809e-01	3.021404705941677094e-02	-1.395946461707353592e-02	1.213151589035987854e-01	2.259237766265869141e-01	1.581846624612808228e-01	2.934892475605010986e-01
-1.018253788352012634e-01	1.619116067886352539e-01	-1.205436214804649353e-01	3.049865067005157471e-01	-3.837216272950172424e-02	3.019513376057147980e-02	2.966745384037494659e-02	6.403480074368417263e-04	1.447603255510330200e-01	1.924894750118255615e-01
2.435429990291595459e-01	4.461004436016082764e-01	1.375879198312759399e-01	1.697018295526504517e-01	3.416888713836669922e-01	-1.283287703990936279e-01	1.907172203063964844e-01	3.819821169599890709e-03	3.456539511680603027e-01	-1.761122420430183411e-02
4.902396202087402344e-01	6.880205869674682617e-01	-6.031529046595096588e-04	2.319796830415725708e-01	8.684371411800384521e-02	-1.193499416112899780e-01	-2.021191120147705078e-01	3.382877111434936523e-01	7.657820731401443481e-02	1.964327245950698853e-01
5.061862468719482422e-01	-3.088431060314178467e-01	3.465954065322875977e-01	1.483383029699325562e-02	1.876908689737319946e-01	-2.860746681690216064e-01	-6.071078777313232422e-01	3.113096654415130615e-01	6.395191550254821777e-01	3.892104923725128174e-01
-2.640532255172729492e-01	2.590768337249755859e-01	-2.857720553874969482e-01	1.077090576291084290e-01	-6.035709008574485779e-02	2.732116580009460449e-01	1.509886085987091064e-01	-3.041590154170989990e-01	8.104656636714935303e-02	-3.188758492469787598e-01
9.765604883432388306e-02	-9.149764478206634521e-02	3.313299417495727539e-01	9.749915450811386108e-02	-2.802318036556243896e-01	-8.199623227119445801e-01	-6.421915292739868164e-01	3.385028243064880371e-01	5.599538087844848633e-01	-1.928679943084716797e-01
3.780840337276458740e-01	2.372496724128723145e-01	-3.251030743122100830e-01	3.983053267002105713e-01	2.236825674772262573e-01	-4.382197558879852295e-01	-4.901182949542999268e-01	2.669821083545684814e-01	2.387370616197586060e-01	2.691047489643096924e-01
5.842069387435913086e-01	6.179955601692199707e-01	-6.354768872261047363e-01	3.516678512096405029e-01	6.883271336555480957e-01	-1.330494433641433716e-01	1.991164535284042358e-01	6.005154848098754883e-01	7.422843575477600098e-01	-2.668856382369995117e-01
-8.348922729492187500e-01	7.693840861320495605e-01	6.620074063539505005e-02	-3.837230503559112549e-01	5.286550521850585938e-01	-2.713783979415893555e-01	-5.980042219161987305e-01	5.985215902328491211e-01	-3.676376342773437500e-01	2.659860253334045410e-01
1.685121059417724609e-01	9.251140803098678589e-02	-3.222294449806213379e-01	-2.707298099994659424e-02	4.656090736389160156e-01	-3.222915232181549072e-01	3.811673521995544434e-01	-2.355444282293319702e-01	-2.579576373100280762e-01	-8.003693073987960815e-02
7.119527459144592285e-01	-1.419094204902648926e-01	3.292598426342010498e-01	7.502937316894531250e-01	-1.854001134634017944e-01	2.635897696018218994e-01	-5.641790628433227539e-01	-5.268555879592895508e-01	1.014881491661071777e+00	-7.556413859128952026e-02
3.651554584503173828e-01	2.367532551288604736e-01	-6.200771927833557129e-01	3.958349525928497314e-01	4.539180696010589600e-01	2.875374853610992432e-01	3.936441540718078613e-01	-6.959681212902069092e-02	-3.838307261466979980e-01	2.494508773088455200e-01
-1.296868771314620972e-01	4.283153712749481201e-01	2.173322886228561401e-01	1.767127364873886108e-01	-8.966174721717834473e-02	1.141614466905593872e-01	1.584762483835220337e-01	-1.657409965991973877e-01	-9.702200442552566528e-02	-2.350702881813049316e-01
-9.537275880575180054e-02	9.942551702260971069e-02	-3.997445702552795410e-01	-1.952463686466217041e-01	2.987332046031951904e-01	-1.471064537763595581e-01	1.142322737723588943e-02	6.247153133153915405e-02	4.042288959026336670e-01	-1.429249197244644165e-01
7.571328282356262207e-01	1.481271386146545410e-01	-9.646446108818054199e-01	2.345412820577621460e-01	-5.236866474151611328e-01	-6.681047081947326660e-01	-2.591588199138641357e-01	6.123188734054565430e-01	2.482200711965560913e-01	4.155299663543701172e-01
-1.042345464229583740e-01	4.017439782619476318e-01	4.192281365394592285e-01	1.982937157154083252e-01	1.064826399087905884e-01	1.270572096109390259e-01	1.629357933998107910e-01	-8.420066908001899719e-03	-1.094772815704345703e-01	-1.579245924949645996e-01
-3.138971328735351562e-01	-4.644526541233062744e-02	-7.057375907897949219e-01	9.026533365249633789e-01	-1.286009848117828369e-01	-6.550434231758117676e-01	-2.621409893035888672e-01	-4.547580778598785400e-01	2.089450061321258545e-01	-4.581821858882904053e-01
-4.633972644805908203e-01	3.416124880313873291e-01	7.613325119018554688e-02	4.544587433338165283e-01	3.636401891708374023e-01	-1.731712818145751953e-01	9.414073079824447632e-02	-5.222033858299255371e-01	-9.757247567176818848e-02	2.419115044176578522e-02
1.633846014738082886e-01	1.566661745309829712e-01	-2.328473478555679321e-01	2.835746295750141144e-02	2.211952507495880127e-01	-7.282454520463943481e-02	-3.991794586181640625e-02	-7.826679944992065430e-02	4.971992596983909607e-02	-2.552626729011535645e-01
8.145219683647155762e-01	1.668725460767745972e-01	3.180302083492279053e-01	6.764280200004577637e-01	-5.348644852638244629e-01	6.082635521888732910e-01	-2.311653345823287964e-01	5.812393035739660263e-03	-5.031732916831970215e-01	6.254581809043884277e-01
4.429069757461547852e-01	-8.659181743860244751e-02	-3.419166207313537598e-01	1.119643077254295349e-01	-1.919231414794921875e-01	3.344981968402862549e-01	-1.053839921951293945e-01	8.713137358427047729e-02	8.612071275711059570e-01	1.495253443717956543e-01
1.296268850564956665e-01	5.990524888038635254e-01	-1.154495254158973694e-01	-1.710858494043350220e-01	-2.228483110666275024e-01	-9.724558889865875244e-02	2.815422713756561279e-01	-1.881853491067886353e-01	-1.168852970004081726e-01	-2.004477530717849731e-01
-2.751404233276844025e-02	-3.198477029800415039e-01	-1.845909655094146729e-01	5.012006759643554688e-01	2.658330276608467102e-02	1.624960154294967651e-01	-2.962637245655059814e-01	2.446956932544708252e-01	1.636732071638107300e-01	-6.260089874267578125e-01
-2.395845055580139160e-01	2.431452721357345581e-01	2.230685204267501831e-01	5.086191743612289429e-02	-1.274663507938385010e-01	-6.780936568975448608e-02	3.843956589698791504e-01	-1.073910444974899292e-01	-4.118035733699798584e-02	-3.227722644805908203e-01
8.470519185066223145e-01	4.816405177116394043e-01	8.989948034286499023e-02	6.050764396786689758e-02	-1.748139858245849609e-01	4.935326874256134033e-01	2.745389640331268311e-01	9.543559551239013672e-01	7.433333992958068848e-01	-2.688003182411193848e-01
-1.644595265388488770e-01	3.077161908149719238e-01	-8.880446553230285645e-01	-6.653568148612976074e-02	1.048605322837829590e+00	4.345238804817199707e-01	1.003425046801567078e-01	2.615358233451843262e-01	2.162040621042251587e-01	-6.172696948051452637e-01
2.792805135250091553e-01	4.393151700496673584e-01	-3.297959268093109131e-01	8.146117441356182098e-03	1.183456256985664368e-01	2.549296915531158447e-01	2.147182822227478027e-01	1.842208579182624817e-02	5.568638909608125687e-03	6.595894694328308105e-02
-2.302413731813430786e-01	1.971788704395294189e-02	1.299743354320526123e-01	-1.176962628960609436e-01	5.191139578819274902e-01	-5.713590979576110840e-01	-8.275827169418334961e-01	6.986792087554931641e-01	4.801144301891326904e-01	-3.266599774360656738e-01
-7.216788828372955322e-02	-4.742776155471801758e-01	-9.388802200555801392e-02	7.288984656333923340e-01	1.515611857175827026e-01	6.599332690238952637e-01	-6.704754829406738281e-01	-1.638750135898590088e-01	-2.242788672447204590e-01	1.223119422793388367e-01
-1.762509047985076904e-01	2.939203083515167236e-01	-1.306108832359313965e-01	4.075137525796890259e-02	-1.080110743641853333e-01	8.092648535966873169e-02	4.240246117115020752e-02	-3.380477130413055420e-01	1.337637454271316528e-01	-6.775140017271041870e-02
4.793716967105865479e-02	3.293842822313308716e-02	-1.825157203711569309e-03	-3.149224519729614258e-01	7.410057634115219116e-02	5.751280114054679871e-02	-2.824566364288330078e-01	3.546276688575744629e-02	3.596574664115905762e-01	-3.699366450309753418e-01
-1.537375710904598236e-02	-1.153040051460266113e+00	5.969654321670532227e-01	7.474532723426818848e-01	8.663617968559265137e-01	-1.258993268013000488e+00	9.550763368606567383e-01	6.236334145069122314e-02	1.312908530235290527e+00	-6.299369335174560547e-01
1.745648235082626343e-01	4.687532186508178711e-01	2.015125378966331482e-02	2.598529458045959473e-01	3.829739391803741455e-01	-1.744035184383392334e-01	1.485169529914855957e-01	-1.513871252536773682e-01	6.317241191864013672e-01	-3.095377683639526367e-01
5.819255709648132324e-01	5.345427989959716797e-01	-9.986709058284759521e-02	3.169611096382141113e-02	1.185492649674415588e-01	-7.728589773178100586e-01	2.618511915206909180e-01	2.739185690879821777e-01	-1.867185533046722412e-02	-5.892521739006042480e-01
-8.777940869331359863e-01	2.008211612701416016e-01	6.263026595115661621e-01	-2.119025141000747681e-01	1.253387778997421265e-01	-4.192341119050979614e-03	-8.290694952011108398e-01	-7.845250964164733887e-01	-3.531979620456695557e-01	-5.010434389114379883e-01
-3.181325271725654602e-03	1.837907135486602783e-01	1.242242567241191864e-02	-9.621151536703109741e-02	1.182742491364479065e-01	-3.319902122020721436e-01	-1.087005287408828735e-01	4.008983075618743896e-02	2.407251298427581787e-01	-7.949297875165939331e-02
-3.158916532993316650e-01	4.223582148551940918e-01	1.600947231054306030e-01	-6.249788403511047363e-02	-2.114730477333068848e-01	-3.711924329400062561e-02	2.104175537824630737e-01	-2.311808802187442780e-02	-2.836326062679290771e-01	-3.541589677333831787e-01
1.111392378807067871e-01	-6.364488005638122559e-01	3.480758666992187500e-01	-5.385749936103820801e-01	6.871362328529357910e-01	-5.288291573524475098e-01	-5.103765130043029785e-01	1.414414495229721069e-01	6.866059899330139160e-01	5.805076956748962402e-01
-3.811725974082946777e-01	3.006578087806701660e-01	1.965559273958206177e-01	5.265982151031494141e-01	-1.232525408267974854e-01	-2.995292842388153076e-01	2.924796342849731445e-01	5.268331170082092285e-01	-5.256836414337158203e-01	-4.929476380348205566e-01
5.599608421325683594e-01	-8.033979535102844238e-01	1.347242742776870728e-01	1.836519688367843628e-01	8.695156872272491455e-02	1.299504488706588745e-01	-1.226854026317596436e-01	2.094831317663192749e-02	4.330973029136657715e-01	2.553686499595642090e-01
-2.754403054714202881e-01	-3.759497404098510742e-01	6.552526354789733887e-01	-1.529027521610260010e-02	1.149353310465812683e-01	-3.691250681877136230e-01	-4.525778591632843018e-01	-8.817450702190399170e-02	1.062999367713928223e+00	-3.762221932411193848e-01
6.236892938613891602e-01	4.711006879806518555e-01	6.315872073173522949e-01	3.468798696994781494e-01	3.623213469982147217e-01	7.991343736648559570e-01	2.748057544231414795e-01	3.221082389354705811e-01	7.943484187126159668e-01	1.400090456008911133e-01
1.119990199804306030e-01	1.715021766722202301e-02	7.865989208221435547e-01	8.067548871040344238e-01	1.852972060441970825e-02	4.391337633132934570e-01	-4.145671427249908447e-01	2.325685322284698486e-01	4.544498622417449951e-01	-4.358787536621093750e-01
-4.581257700920104980e-01	7.380547374486923218e-02	5.608659982681274414e-01	-3.365190699696540833e-02	4.603759050369262695e-01	1.302851587533950806e-01	-3.488917350769042969e-01	4.202019274234771729e-01	4.602935612201690674e-01	-6.100667715072631836e-01
-5.180184841156005859e-01	1.745442897081375122e-01	4.428118839859962463e-02	7.474808096885681152e-01	-4.317108690738677979e-01	7.425725460052490234e-01	-4.133785367012023926e-01	3.504218757152557373e-01	9.219737350940704346e-02	3.329493105411529541e-01
1.561136990785598755e-01	-1.093100085854530334e-01	-2.353478670120239258e-01	3.124755993485450745e-02	9.410019218921661377e-02	7.734704762697219849e-02	-1.503267288208007812e-01	2.566829025745391846e-01	1.338437497615814209e-01	-2.461065500974655151e-01
4.918803274631500244e-02	-5.412941575050354004e-01	-5.518324375152587891e-01	-2.680177567526698112e-03	3.266520798206329346e-01	1.526145040988922119e-01	-3.016457557678222656e-01	4.962763786315917969e-01	6.082831621170043945e-01	-6.735423803329467773e-01
8.927830308675765991e-02	-8.520080149173736572e-02	-6.164662539958953857e-02	-1.988196074962615967e-01	2.264048010110855103e-01	-1.921878904104232788e-01	-3.103881888091564178e-02	1.964646875858306885e-01	1.222887411713600159e-01	-3.247004151344299316e-01
9.591274857521057129e-01	9.188536405563354492e-01	-5.030182003974914551e-01	-1.127972245216369629e+00	6.866145730018615723e-01	-7.966310977935791016e-01	-1.265488743782043457e+00	4.313818216323852539e-01	4.781277775764465332e-01	8.618361353874206543e-01
2.619008719921112061e-01	8.436395972967147827e-02	1.475964579731225967e-02	-3.488470017910003662e-01	3.781450986862182617e-01	-4.609256684780120850e-01	-2.604694962501525879e-01	1.251231431961059570e-01	4.997814893722534180e-01	-2.482853978872299194e-01
-5.694515109062194824e-01	5.774583220481872559e-01	5.570740103721618652e-01	-1.970075070858001709e-01	-1.149284541606903076e-01	-6.222816705703735352e-01	5.337561368942260742e-01	-9.554602503776550293e-01	1.150562167167663574e+00	-1.818915009498596191e-01
-1.480106562376022339e-01	-5.066956281661987305e-01	-6.749240309000015259e-02	-2.864715456962585449e-01	1.881058961153030396e-01	1.745300740003585815e-02	2.042751163244247437e-01	-5.503457188606262207e-01	1.275346636772155762e+00	3.082033805549144745e-02
1.867768913507461548e-01	6.886443495750427246e-01	-5.404362678527832031e-01	7.108355164527893066e-01	5.849177837371826172e-01	-7.585324048995971680e-01	-6.128973960876464844e-01	5.975865572690963745e-02	7.558165490627288818e-02	-8.786280751228332520e-01
-4.599670693278312683e-02	9.650191068649291992e-01	5.123292207717895508e-01	1.399096846580505371e-01	1.840057596564292908e-02	4.720386266708374023e-01	7.379588484764099121e-01	-7.214768230915069580e-02	9.270881414413452148e-01	2.445403337478637695e-01
4.405349791049957275e-01	-2.562339305877685547e-01	-5.502495765686035156e-01	-2.866362929344177246e-01	4.167983829975128174e-01	3.735304772853851318e-01	-4.079395234584808350e-01	1.500087231397628784e-01	1.586525589227676392e-01	-1.519388556480407715e-01
8.732550144195556641e-01	2.884187996387481689e-01	5.238259434700012207e-01	-1.141386508941650391e+00	4.972821474075317383e-01	7.656546235084533691e-01	1.132377982139587402e+00	-2.368614524602890015e-01	2.257105112075805664e+00	3.662008643150329590e-01
2.733281999826431274e-02	-5.711520314216613770e-01	1.778644323348999023e-01	5.268273949623107910e-01	-4.163593053817749023e-02	5.315977931022644043e-01	-2.328844815492630005e-01	-7.118002772331237793e-01	1.137597560882568359e+00	6.590925157070159912e-02
5.939608812332153320e-01	2.067958861589431763e-01	-2.658724784851074219e-01	5.230772122740745544e-02	4.650132358074188232e-01	2.617864906787872314e-01	-9.404372423887252808e-02	-5.007503554224967957e-02	2.676837146282196045e-01	-7.537467032670974731e-02
-1.166600268334150314e-02	-1.165667474269866943e-01	-4.258329868316650391e-01	1.832411885261535645e-01	-3.052247129380702972e-02	7.544584870338439941e-01	-4.426928460597991943e-01	8.304494619369506836e-01	4.065525159239768982e-02	-6.363812088966369629e-01
7.419330626726150513e-02	-2.357545942068099976e-01	1.762868165969848633e-01	8.594657182693481445e-01	-1.527256667613983154e-01	-1.189811155200004578e-01	1.643687337636947632e-01	-4.918121695518493652e-01	5.068266391754150391e-01	-7.936041355133056641e-01
-1.202640235424041748e-01	2.120594531297683716e-01	2.070945352315902710e-01	5.493359565734863281e-01	-2.619758248329162598e-01	-1.797237396240234375e-01	-3.170760571956634521e-01	-1.628842055797576904e-01	-7.168262451887130737e-02	-4.056235551834106445e-01
5.018630027770996094e-01	-1.558144450187683105e+00	-5.578293800354003906e-01	-4.771373271942138672e-01	7.284530997276306152e-01	-1.985044181346893311e-01	-9.284238815307617188e-01	1.400367379188537598e+00	6.649046540260314941e-01	-2.644213289022445679e-02
-4.306050948798656464e-03	1.882520765066146851e-01	-7.945352792739868164e-02	3.662780672311782837e-02	-8.983062207698822021e-02	9.973085671663284302e-02	9.942162036895751953e-02	-9.717848896980285645e-02	-4.290785640478134155e-02	-2.850098907947540283e-01
7.979506999254226685e-02	1.991433501243591309e-01	2.970883548259735107e-01	2.359417676925659180e-01	-2.464802414178848267e-01	-3.654440045356750488e-01	-9.568272531032562256e-02	1.875987499952316284e-01	4.778027534484863281e-01	4.571728706359863281e-01
1.087802767753601074e+00	-4.779335856437683105e-01	-5.137571692466735840e-02	4.498695433139801025e-01	3.582801222801208496e-01	1.517271809279918671e-02	4.948007762432098389e-01	-1.644014008343219757e-02	1.945042610168457031e-01	-2.553825080394744873e-01
-1.282379180192947388e-01	8.530556410551071167e-02	3.027531802654266357e-01	8.821936696767807007e-02	7.972168922424316406e-01	3.229538798332214355e-01	-1.210621446371078491e-01	-2.086619138717651367e-01	1.040641665458679199e+00	3.763599395751953125e-01
-3.773357868194580078e-01	-3.169022202491760254e-01	-1.168386191129684448e-01	-1.318680942058563232e-01	6.312457323074340820e-01	-4.720750078558921814e-02	4.284017086029052734e-01	-6.777712702751159668e-01	7.852662801742553711e-01	-2.556079924106597900e-01
3.391264677047729492e-01	1.487863361835479736e-01	-1.674520075321197510e-01	-3.712216019630432129e-02	4.688732326030731201e-01	-8.564128726720809937e-02	4.893860220909118652e-02	9.169764071702957153e-02	-1.065416634082794189e-01	-2.816547155380249023e-01
5.915737524628639221e-02	3.302744328975677490e-01	-2.342859804630279541e-01	-6.709270179271697998e-02	1.550017595291137695e-01	-1.786390691995620728e-01	2.411674857139587402e-01	-6.603934615850448608e-02	-3.932463824748992920e-01	-3.271433711051940918e-01
-4.906792938709259033e-01	2.789838612079620361e-01	3.711726963520050049e-01	1.969610303640365601e-01	1.179577231407165527e+00	9.325679391622543335e-02	3.108353316783905029e-01	-2.503392696380615234e-01	-3.442907473072409630e-03	-1.260454803705215454e-01
-5.004977434873580933e-02	-2.014667838811874390e-01	5.360597968101501465e-01	8.692506700754165649e-02	3.273976743221282959e-01	-4.387856721878051758e-01	-8.034972101449966431e-02	-9.008520096540451050e-02	6.901205182075500488e-01	-4.438348412513732910e-01
2.467199712991714478e-01	4.390861392021179199e-01	-4.374377727508544922e-01	1.043410897254943848e-01	4.989764690399169922e-01	4.008140265941619873e-01	-3.014756143093109131e-01	3.737244009971618652e-01	-6.306486129760742188e-01	-5.177534744143486023e-02
-6.384246349334716797e-01	-8.903757333755493164e-01	-4.727076590061187744e-01	8.767743110656738281e-01	-3.706632554531097412e-01	1.211518049240112305e+00	-1.889458179473876953e+00	-9.583963155746459961e-01	1.387803554534912109e+00	4.673219621181488037e-01
1.179040595889091492e-01	4.933280944824218750e-01	-6.540455222129821777e-01	-5.488170981407165527e-01	6.960601210594177246e-01	6.872648596763610840e-01	2.755585610866546631e-01	2.573781013488769531e-01	5.514854788780212402e-01	3.380661010742187500e-01
-1.386823356151580811e-01	4.302329123020172119e-01	4.657564163208007812e-01	2.612427473068237305e-01	-1.429768055677413940e-01	3.991149961948394775e-01	1.628052890300750732e-01	3.068496882915496826e-01	-1.619202792644500732e-01	-2.583105564117431641e-01
-1.085277423262596130e-01	-5.459508299827575684e-02	8.816399425268173218e-02	3.817408680915832520e-01	1.554460674524307251e-01	-6.931292414665222168e-01	-2.079609632492065430e-01	-3.694871813058853149e-02	4.993338286876678467e-01	-1.074761897325515747e-01
2.604789137840270996e-01	-3.262166380882263184e-01	2.010546475648880005e-01	-2.950663566589355469e-01	1.207878470420837402e+00	-1.624752134084701538e-01	-1.209981292486190796e-01	-3.543756306171417236e-01	4.047710299491882324e-01	-2.312292754650115967e-01
7.318993210792541504e-01	-2.649462819099426270e-01	-5.141319632530212402e-01	5.097473263740539551e-01	3.209170997142791748e-01	-1.825354844331741333e-01	1.155247092247009277e-01	8.486153483390808105e-01	-6.732179522514343262e-01	-6.988536715507507324e-01
1.242820143699645996e+00	2.113953046500682831e-02	-5.799451470375061035e-01	8.441705107688903809e-01	-6.376966834068298340e-01	1.429385840892791748e-01	-9.719032049179077148e-01	6.170579791069030762e-01	-1.838316023349761963e-01	-1.368301868438720703e+00
1.581897437572479248e-01	-3.055627346038818359e-01	-2.459914237260818481e-01	5.489075183868408203e-02	2.937191128730773926e-01	-2.164167538285255432e-02	-5.395960807800292969e-01	1.200911328196525574e-01	9.267847985029220581e-02	-5.255930423736572266e-01
2.191988974809646606e-01	-3.214488327503204346e-01	3.098417818546295166e-01	4.641192257404327393e-01	4.884227216243743896e-01	3.997536599636077881e-01	3.424876034259796143e-01	2.700755372643470764e-02	-1.147699654102325439e-01	1.942483335733413696e-02
-2.369643747806549072e-01	7.714663445949554443e-02	-2.181313931941986084e-01	-9.607990086078643799e-02	6.975614428520202637e-01	1.759980171918869019e-01	-3.963673114776611328e-01	-7.540838122367858887e-01	-1.640485376119613647e-01	-1.728502847254276276e-02
-2.865329012274742126e-02	-6.826013326644897461e-02	-3.335153460502624512e-01	-2.368689626455307007e-01	3.656654357910156250e-01	4.742874950170516968e-02	-7.003694027662277222e-02	-1.031553447246551514e-01	-2.373149804770946503e-02	-1.126154586672782898e-01
6.406472064554691315e-03	4.809239134192466736e-02	1.136405244469642639e-01	-1.315937340259552002e-01	2.274508923292160034e-01	-3.692101240158081055e-01	2.617315016686916351e-02	-3.098379373550415039e-01	3.105616271495819092e-01	-3.303987681865692139e-01
-4.216684699058532715e-01	2.205989360809326172e-01	-7.118843495845794678e-02	-4.969960749149322510e-01	6.887708306312561035e-01	-1.154517531394958496e-01	1.522375196218490601e-01	-6.526533961296081543e-01	6.823056936264038086e-02	6.518037524074316025e-03
-8.003059029579162598e-02	3.889208734035491943e-01	2.040778547525405884e-01	-1.806366443634033203e-01	-1.637858687900006771e-03	-3.566387593746185303e-01	2.075360901653766632e-02	-6.867509335279464722e-02	-8.418573439121246338e-02	-1.199933290481567383e-01
-1.469980925321578979e-01	6.459131240844726562e-01	5.447972416877746582e-01	-4.299529194831848145e-01	4.151928722858428955e-01	-7.168886661529541016e-01	-2.254353314638137817e-01	8.914570510387420654e-02	8.301166892051696777e-01	-2.633121013641357422e-01
-2.003584504127502441e-01	6.095183268189430237e-02	-1.519390046596527100e-01	-1.210279241204261780e-01	8.086065202951431274e-02	-1.035849656909704208e-02	1.583187282085418701e-01	-3.862942159175872803e-01	1.692041009664535522e-01	-1.398541033267974854e-01
-3.405634313821792603e-02	3.235291242599487305e-01	1.807383447885513306e-01	-9.845894575119018555e-02	-9.962276369333267212e-02	-1.835508346557617188e-01	7.941610366106033325e-02	1.455163955688476562e-01	-1.350028067827224731e-01	-1.517198532819747925e-01
