-4.129632711410522461e-01	-4.932529628276824951e-01	1.544480770826339722e-01	1.805417090654373169e-01	1.607629209756851196e-01	5.101870000362396240e-02	3.035331070423126221e-01	2.634295523166656494e-01	4.130098521709442139e-01	4.112918972969055176e-01
-3.375622928142547607e-01	3.117172122001647949e-01	-5.314681529998779297e-01	-1.641303002834320068e-01	-1.999696344137191772e-01	2.681808471679687500e-01	-5.636492744088172913e-02	5.303227901458740234e-01	4.014723375439643860e-02	2.855645716190338135e-01
3.713160753250122070e-01	-4.392390549182891846e-01	3.012431859970092773e-01	-1.373566873371601105e-02	2.877294123172760010e-01	-4.046758115291595459e-01	-3.376551866531372070e-01	-4.237046092748641968e-02	4.322243332862854004e-01	1.705356687307357788e-01
-4.998565092682838440e-02	-1.625057905912399292e-01	-2.065801061689853668e-02	-2.448215633630752563e-01	-5.057185888290405273e-02	-3.079558350145816803e-02	5.010323598980903625e-02	8.805126547813415527e-01	2.720539867877960205e-01	2.353655844926834106e-01
2.292509227991104126e-01	1.917772591114044189e-01	-1.776843518018722534e-01	2.319418936967849731e-01	4.005102813243865967e-01	4.574734345078468323e-02	-3.920558393001556396e-01	6.421818137168884277e-01	9.740626811981201172e-02	-2.953002750873565674e-01
-3.748843073844909668e-01	-2.101414948701858521e-01	1.487556099891662598e-01	-4.945695996284484863e-01	-8.382043801248073578e-03	1.710613071918487549e-01	-1.177627295255661011e-01	6.107116341590881348e-01	2.606669664382934570e-01	-2.538872659206390381e-01
-4.380535185337066650e-01	-5.637787580490112305e-01	-4.590245485305786133e-01	-2.257969379425048828e-01	-1.946069300174713135e-01	-1.433929204940795898e-01	1.412168741226196289e-01	1.481170058250427246e-01	9.151448309421539307e-02	-3.462450206279754639e-01
-4.955931305885314941e-01	-9.370805323123931885e-02	-1.219960823655128479e-01	-7.571908831596374512e-02	-6.094504594802856445e-01	-1.070560738444328308e-01	1.382149308919906616e-01	5.279721617698669434e-01	4.113732278347015381e-02	2.062734216451644897e-01
-4.797072112560272217e-01	-3.991315662860870361e-01	-3.749795556068420410e-01	1.086417213082313538e-01	-3.498344123363494873e-01	-2.469129860401153564e-01	-1.625075191259384155e-01	3.374350666999816895e-01	3.515878915786743164e-01	-1.045328006148338318e-01
-1.159272119402885437e-01	3.528453409671783447e-01	-1.251374781131744385e-01	5.958946943283081055e-01	-4.361028075218200684e-01	-4.465973004698753357e-02	4.936975538730621338e-01	-1.110281124711036682e-01	-1.170347556471824646e-01	1.713745594024658203e-01
3.025651872158050537e-01	-5.205597877502441406e-01	1.086542159318923950e-01	-1.206276044249534607e-01	-4.841825067996978760e-01	-2.526933252811431885e-01	-1.422880589962005615e-01	1.403921991586685181e-01	4.679458737373352051e-01	-2.321621924638748169e-01
-2.405410408973693848e-01	-4.200327396392822266e-01	-1.133961975574493408e-01	7.616340368986129761e-02	-4.907102584838867188e-01	1.371419578790664673e-01	2.534726262092590332e-01	6.045432090759277344e-01	-4.296565800905227661e-02	-2.363927066326141357e-01
-4.707521200180053711e-01	-6.646047532558441162e-02	-3.848442435264587402e-01	2.974586784839630127e-01	2.161883860826492310e-01	1.114173699170351028e-02	-2.301075905561447144e-01	2.894189953804016113e-01	9.242822974920272827e-02	-5.875979661941528320e-01
-2.695312798023223877e-01	2.279081791639328003e-01	-4.094378650188446045e-01	-2.498257532715797424e-02	-3.149362504482269287e-01	3.832437098026275635e-01	-7.279125601053237915e-02	6.063750386238098145e-01	-2.220389097929000854e-01	-1.969672441482543945e-01
-6.666395813226699829e-02	2.370350658893585205e-01	1.143370419740676880e-01	-3.089618086814880371e-01	-4.305540621280670166e-01	-1.874090880155563354e-01	-6.307225227355957031e-01	1.440055202692747116e-02	-4.428853094577789307e-01	-1.271817386150360107e-01
2.277860641479492188e-01	-7.670883089303970337e-02	-3.230341374874114990e-01	5.830109119415283203e-01	-1.912649124860763550e-01	4.268800318241119385e-01	4.158624634146690369e-02	4.804354906082153320e-01	-2.120796442031860352e-01	4.052306711673736572e-02
2.479221671819686890e-01	-3.065859377384185791e-01	-6.178371608257293701e-02	5.259000658988952637e-01	-5.478248596191406250e-01	3.010775446891784668e-01	-6.271400302648544312e-02	-2.804746665060520172e-02	3.150041997432708740e-01	-2.635233700275421143e-01
1.376964598894119263e-01	-6.670320630073547363e-01	-3.023998439311981201e-01	1.973750442266464233e-01	-3.869933485984802246e-01	3.925029039382934570e-01	-2.446918189525604248e-01	-1.304606348276138306e-01	1.527278721332550049e-01	-4.078177362680435181e-02
3.110355511307716370e-02	-3.341363072395324707e-01	3.798260092735290527e-01	9.483803808689117432e-02	3.637332618236541748e-01	4.045469462871551514e-01	-2.298552095890045166e-01	-2.984381318092346191e-01	5.263943076133728027e-01	-1.384689360857009888e-01
-1.869618743658065796e-01	2.778465151786804199e-01	-3.682753741741180420e-01	-2.216167002916336060e-01	1.734991371631622314e-01	7.516003847122192383e-01	2.111489474773406982e-01	2.766844630241394043e-02	1.230677366256713867e-01	-2.181870490312576294e-01
-1.245716959238052368e-02	-4.706123769283294678e-01	-2.030074410140514374e-02	-1.813092380762100220e-01	-1.820965707302093506e-01	-6.776596307754516602e-01	-3.043690323829650879e-01	2.304342091083526611e-01	3.181236982345581055e-01	7.588590681552886963e-02
-9.467106312513351440e-02	-6.077234148979187012e-01	-2.856960892677307129e-02	-4.286492764949798584e-01	-1.267827153205871582e-01	-3.039631806313991547e-02	1.217870935797691345e-01	3.027535676956176758e-01	-8.136641979217529297e-02	-5.541145801544189453e-01
-6.048936843872070312e-01	-5.270919799804687500e-01	2.509285211563110352e-01	-3.865203857421875000e-01	-1.721912436187267303e-02	6.931347399950027466e-02	-3.102685809135437012e-01	-9.793236851692199707e-02	1.623722910881042480e-02	-1.808105558156967163e-01
-8.006045818328857422e-01	1.029167622327804565e-01	-2.336927205324172974e-01	-3.535781502723693848e-01	1.876130104064941406e-01	1.784229427576065063e-01	1.440882682800292969e-01	-3.162592276930809021e-02	-2.573126554489135742e-01	1.174975335597991943e-01
-3.641900122165679932e-01	1.192594841122627258e-01	-1.947598308324813843e-01	-3.336341977119445801e-01	-6.092697381973266602e-01	-7.470930367708206177e-02	2.157032191753387451e-01	2.983408272266387939e-01	-2.213888168334960938e-01	-3.775717616081237793e-01
-4.663573801517486572e-01	-2.254854142665863037e-01	-1.491051614284515381e-01	-5.436212420463562012e-01	1.336572617292404175e-01	-3.512080013751983643e-01	3.795685768127441406e-01	-2.297450602054595947e-01	2.308934479951858521e-01	-1.501083076000213623e-01
-2.288960218429565430e-01	6.009945180267095566e-03	-4.215601086616516113e-01	-7.171081900596618652e-01	-2.090432345867156982e-01	7.781308144330978394e-02	4.036042690277099609e-01	-1.582762748003005981e-01	6.552088260650634766e-02	-1.166986152529716492e-01
-1.452619582414627075e-01	2.476297169923782349e-01	-4.300892353057861328e-01	4.021973311901092529e-01	-3.608037233352661133e-01	-4.702324867248535156e-01	-3.955621123313903809e-01	-8.293234556913375854e-02	-2.279127538204193115e-01	6.519082188606262207e-02
-2.520296275615692139e-01	-2.543595619499683380e-03	5.701475739479064941e-01	-2.324902117252349854e-01	1.576120257377624512e-01	-7.185270637273788452e-02	4.142117500305175781e-01	-5.392898321151733398e-01	4.988203942775726318e-02	2.499138861894607544e-01
-3.985806107521057129e-01	-1.899807602167129517e-01	-2.258089184761047363e-01	2.874042689800262451e-01	1.869979053735733032e-01	-2.122301757335662842e-01	-9.390522539615631104e-02	3.766346573829650879e-01	-5.084177106618881226e-02	-6.619541049003601074e-01
-1.370384991168975830e-01	-6.666155457496643066e-01	-2.535063922405242920e-01	-1.610572217032313347e-03	2.530103921890258789e-01	-2.157835662364959717e-01	2.660289406776428223e-01	-3.906166553497314453e-01	1.601153016090393066e-01	3.361691236495971680e-01
-4.442154765129089355e-01	-1.993959397077560425e-01	-3.296522423624992371e-02	4.894173145294189453e-01	1.546849161386489868e-01	1.452042609453201294e-01	-2.052727788686752319e-01	5.137357711791992188e-01	-1.055427417159080505e-01	-4.001068770885467529e-01
-1.321074366569519043e-01	4.514140784740447998e-01	-2.945474088191986084e-01	3.066119253635406494e-01	-1.538021583110094070e-02	2.810193300247192383e-01	3.633381426334381104e-01	6.122625470161437988e-01	7.038278877735137939e-02	-8.343663066625595093e-02
-6.038218736648559570e-01	-2.429036647081375122e-01	-4.161272570490837097e-02	4.737108051776885986e-01	-2.986519932746887207e-01	1.953285038471221924e-01	-1.852196902036666870e-01	4.191115871071815491e-02	2.272183820605278015e-02	4.316687583923339844e-01
-5.049896985292434692e-02	3.082610368728637695e-01	1.818109601736068726e-01	4.636285006999969482e-01	1.695451140403747559e-01	2.364223897457122803e-01	-5.320014953613281250e-01	-1.313862949609756470e-01	-7.154200971126556396e-02	-5.141703486442565918e-01
-3.404947519302368164e-01	4.831084907054901123e-01	3.405093550682067871e-01	-2.910797595977783203e-01	2.840947508811950684e-01	-3.476250767707824707e-01	3.224205374717712402e-01	3.006959259510040283e-01	-8.094506710767745972e-02	-2.179842591285705566e-01
-2.662551403045654297e-01	-5.659521371126174927e-02	-2.814203128218650818e-02	-6.106393933296203613e-01	2.969027161598205566e-01	4.171665608882904053e-01	-3.327965140342712402e-01	-1.154990345239639282e-01	4.032503366470336914e-01	-5.787173658609390259e-02
-4.464485347270965576e-01	-8.507438749074935913e-02	-1.569650322198867798e-01	-5.269973874092102051e-01	4.074462652206420898e-01	3.171865344047546387e-01	-3.337918519973754883e-01	-1.186057403683662415e-01	3.086435198783874512e-01	-6.096778064966201782e-02
-1.620943695306777954e-01	-3.613233799114823341e-03	-4.410142004489898682e-01	-7.136123180389404297e-01	-2.470941990613937378e-01	-1.930597126483917236e-01	1.957956701517105103e-01	-3.367851972579956055e-01	1.183105111122131348e-01	-7.675437629222869873e-02
-3.848064541816711426e-01	-1.708227694034576416e-01	-1.382123231887817383e-01	-4.379000067710876465e-01	4.738598465919494629e-01	4.452802836894989014e-01	2.706958912312984467e-02	1.880160421133041382e-01	3.909162282943725586e-01	1.298443228006362915e-02
-1.061827167868614197e-01	-3.759012743830680847e-02	4.767476618289947510e-01	1.638584583997726440e-02	-6.243773549795150757e-02	-1.068910658359527588e-01	2.700363099575042725e-01	2.516053318977355957e-01	-5.930354595184326172e-01	-5.064736008644104004e-01
-2.729335613548755646e-02	-2.134099155664443970e-01	-2.695613801479339600e-01	1.349111199378967285e-01	5.992556214332580566e-01	-3.043740689754486084e-01	-4.978250563144683838e-01	1.173769235610961914e-01	3.817397654056549072e-01	6.134946644306182861e-02
-1.326208561658859253e-01	-5.657278746366500854e-02	-1.504221279174089432e-02	-6.021075844764709473e-01	-3.414661288261413574e-01	3.588115572929382324e-01	1.652658134698867798e-01	4.320914447307586670e-01	4.342189524322748184e-03	-3.963230252265930176e-01
-6.057329177856445312e-01	-3.324341401457786560e-02	-4.716406166553497314e-01	-4.698463678359985352e-01	-2.382951825857162476e-01	2.081581503152847290e-01	2.293570339679718018e-01	-4.107934236526489258e-02	-1.194159910082817078e-01	-1.418279856443405151e-01
-4.981564879417419434e-01	-2.233744561672210693e-01	-9.258113056421279907e-02	-3.949233591556549072e-01	-9.798119962215423584e-02	3.720188438892364502e-01	-7.854027301073074341e-02	3.592740297317504883e-01	3.903573453426361084e-01	-3.190368413925170898e-01
3.013852238655090332e-01	-3.824693858623504639e-01	-4.452777206897735596e-01	2.837707400321960449e-01	5.912122502923011780e-02	-5.679972767829895020e-01	-2.045392841100692749e-01	-5.037963390350341797e-02	2.932576537132263184e-01	-1.661178767681121826e-01
-9.554085135459899902e-02	2.490833699703216553e-01	-6.174882054328918457e-01	-6.409500539302825928e-02	-2.391853481531143188e-01	-9.568387269973754883e-02	3.404335677623748779e-01	1.716502308845520020e-01	3.310400247573852539e-01	-4.712941050529479980e-01
-4.621814489364624023e-01	2.483909428119659424e-01	-2.423400431871414185e-01	1.163083091378211975e-01	-4.303190410137176514e-01	1.379264742136001587e-01	3.595905900001525879e-01	-4.608456790447235107e-01	3.142359256744384766e-01	8.835983276367187500e-02
-2.210319787263870239e-01	-3.653989732265472412e-01	-5.457105860114097595e-02	-5.748813748359680176e-01	1.155308485031127930e-01	3.120854794979095459e-01	-2.866703569889068604e-01	-2.745520509779453278e-02	4.490443170070648193e-01	-2.980647385120391846e-01
-5.835838913917541504e-01	2.867181599140167236e-01	2.003175020217895508e-01	-1.258069463074207306e-02	4.697337150573730469e-01	3.338489234447479248e-01	-1.574761420488357544e-01	-3.512686192989349365e-01	-5.444131791591644287e-02	2.316895574331283569e-01
-2.563008368015289307e-01	-2.751002311706542969e-01	-4.955362901091575623e-02	4.662366509437561035e-01	2.150776796042919159e-02	-9.006288647651672363e-02	-3.127778768539428711e-01	4.133697748184204102e-01	1.980281770229339600e-01	-5.677181482315063477e-01
1.704843193292617798e-01	-2.095141261816024780e-01	6.138232350349426270e-02	1.402531713247299194e-01	3.830973431468009949e-02	-6.364689469337463379e-01	-5.205541849136352539e-01	1.975723057985305786e-01	4.240895509719848633e-01	-8.471322804689407349e-02
-2.220720201730728149e-01	-3.365534842014312744e-01	-4.489679336547851562e-01	1.936787217855453491e-01	2.042639106512069702e-01	1.230500042438507080e-01	-3.770175576210021973e-01	2.587437033653259277e-01	6.256760656833648682e-02	-5.731160044670104980e-01
-3.825799524784088135e-01	-2.752751410007476807e-01	-6.297994852066040039e-01	-5.814332887530326843e-02	-4.015778899192810059e-01	-3.678464293479919434e-01	2.934019826352596283e-02	-1.629862338304519653e-01	-2.317551076412200928e-01	-1.078910101205110550e-02
-8.511706441640853882e-02	-5.035462975502014160e-01	3.643567264080047607e-01	-3.924157619476318359e-01	-2.420218437910079956e-01	3.904236108064651489e-02	-8.123267441987991333e-02	2.586680948734283447e-01	5.338609814643859863e-01	-1.839450746774673462e-01
2.558735311031341553e-01	-5.917971730232238770e-01	2.655721306800842285e-01	-2.071253508329391479e-01	-1.273497045040130615e-01	-2.504297494888305664e-01	-3.540343046188354492e-01	2.838378548622131348e-01	3.947003185749053955e-01	-1.739244312047958374e-01
-1.325635910034179688e-01	4.211787581443786621e-01	4.224159121513366699e-01	1.231157779693603516e-01	-4.398677945137023926e-01	-5.520718917250633240e-02	-4.349268674850463867e-01	-1.907554417848587036e-01	-4.347881674766540527e-01	1.792884804308414459e-02
-4.632900655269622803e-01	-9.389330446720123291e-02	1.543798744678497314e-01	-7.375561445951461792e-02	4.043807685375213623e-01	1.861397176980972290e-01	-3.805641829967498779e-01	-6.318590044975280762e-01	-9.972863830626010895e-03	7.019340246915817261e-02
-1.874888986349105835e-01	1.033693924546241760e-02	2.318973988294601440e-01	-5.888863801956176758e-01	-2.168426811695098877e-01	-2.692184746265411377e-01	-4.061758518218994141e-01	-1.412247121334075928e-01	4.655373394489288330e-01	2.074364274740219116e-01
3.657485246658325195e-01	-1.458085626363754272e-01	6.739336252212524414e-02	-2.113893330097198486e-01	-2.505505084991455078e-01	1.772312372922897339e-01	5.785400271415710449e-01	-9.914024733006954193e-03	1.075919270515441895e-01	-5.959622263908386230e-01
3.226042389869689941e-01	4.079970121383666992e-01	4.049715399742126465e-01	5.008115172386169434e-01	3.586256206035614014e-01	-4.448053240776062012e-02	-1.050675567239522934e-02	-4.692409560084342957e-02	2.383955121040344238e-01	-3.534333705902099609e-01
2.506811618804931641e-01	-4.303617775440216064e-01	1.213933899998664856e-01	-3.585124611854553223e-01	9.591019153594970703e-02	-1.952179074287414551e-01	-4.469701349735260010e-01	3.594534993171691895e-01	4.708410799503326416e-01	1.033968403935432434e-01
-6.050278544425964355e-01	-4.907810688018798828e-01	-3.129533827304840088e-01	-4.160159528255462646e-01	-7.157152891159057617e-02	-2.200877070426940918e-01	1.273582279682159424e-01	-1.332365572452545166e-01	-4.005195945501327515e-02	-1.814625114202499390e-01
4.218927025794982910e-01	-4.026153087615966797e-01	3.885691463947296143e-01	1.038253083825111389e-01	-1.855188012123107910e-01	-3.253026902675628662e-01	-2.521999180316925049e-01	-3.303203880786895752e-01	4.143728613853454590e-01	1.161102280020713806e-01
2.913900613784790039e-01	-3.561929166316986084e-01	-3.721286058425903320e-01	-3.635039031505584717e-01	-4.318620860576629639e-01	-1.816088408231735229e-01	1.981896162033081055e-01	2.232540845870971680e-01	-3.602431416511535645e-01	-2.814613282680511475e-01
3.862249553203582764e-01	-8.317799866199493408e-02	-1.634199544787406921e-02	-5.114349126815795898e-01	2.782658636569976807e-01	1.300677508115768433e-01	-3.697002828121185303e-01	5.894876644015312195e-02	5.565975308418273926e-01	1.943589597940444946e-01
1.255644261837005615e-01	1.109570860862731934e-01	-2.006069570779800415e-01	-5.305681824684143066e-01	4.997224807739257812e-01	3.362450897693634033e-01	-3.866181075572967529e-01	2.789503633975982666e-01	2.146431356668472290e-01	-1.184666156768798828e-01
-1.451834887266159058e-01	2.866876423358917236e-01	-2.326468378305435181e-01	-2.168809026479721069e-01	-4.462691843509674072e-01	-1.009725704789161682e-01	-1.220157966017723083e-01	9.478098154067993164e-02	4.025971591472625732e-01	6.326631307601928711e-01
-3.450876176357269287e-01	2.393547743558883667e-01	-1.105601619929075241e-02	1.439540684223175049e-01	-1.669570505619049072e-01	3.192653656005859375e-01	5.890049338340759277e-01	8.677766472101211548e-02	4.299759492278099060e-02	5.627325773239135742e-01
-9.254231303930282593e-02	4.869777858257293701e-01	1.291918605566024780e-01	-4.428535699844360352e-01	-3.768280446529388428e-01	3.489001095294952393e-02	-3.879167437553405762e-01	-4.561421573162078857e-01	1.518552601337432861e-01	1.290612965822219849e-01
-2.905202805995941162e-01	-3.157307803630828857e-01	2.332358360290527344e-01	-4.014067053794860840e-01	-4.451791942119598389e-01	-3.536178469657897949e-01	-1.813270896673202515e-01	-4.903272166848182678e-02	1.395485103130340576e-01	4.715910553932189941e-01
-3.568268716335296631e-01	-5.402165055274963379e-01	1.191400643438100815e-02	4.352549016475677490e-01	-1.073876619338989258e-01	-4.189380407333374023e-01	-2.132104337215423584e-01	-2.143420279026031494e-01	-2.462050318717956543e-02	-3.349673748016357422e-01
-1.977778971195220947e-01	-2.436861246824264526e-01	-5.062044858932495117e-01	-3.718824088573455811e-01	1.847392320632934570e-01	-1.933208405971527100e-01	-1.472160071134567261e-01	5.445126891136169434e-01	-2.849977016448974609e-01	1.899197697639465332e-01
-1.494451314210891724e-01	-4.806128144264221191e-01	4.514841139316558838e-01	5.389797687530517578e-01	-2.643975317478179932e-01	-2.671380937099456787e-01	3.044725023210048676e-02	-2.673186361789703369e-01	-8.529936522245407104e-02	-1.772263348102569580e-01
-4.573069810867309570e-01	-2.455398440361022949e-01	-2.676892578601837158e-01	-3.684148192405700684e-01	3.742188811302185059e-01	-5.404028296470642090e-01	-2.401943802833557129e-01	-2.902049943804740906e-02	1.801947653293609619e-01	1.062775775790214539e-02
3.627552688121795654e-01	-4.485024213790893555e-01	-3.091138601303100586e-01	-4.285095036029815674e-01	2.108534276485443115e-01	2.254746556282043457e-01	3.823467716574668884e-02	4.707376956939697266e-01	9.829869121313095093e-02	2.450833022594451904e-01
-5.029341578483581543e-01	-1.942210942506790161e-01	3.433139994740486145e-02	-3.810822367668151855e-01	1.435853838920593262e-01	1.113961115479469299e-01	4.361754059791564941e-01	-5.334778428077697754e-01	2.927114255726337433e-02	-2.328146696090698242e-01
-4.688554108142852783e-01	-1.711522787809371948e-01	2.621021866798400879e-01	2.120598554611206055e-01	-4.616868495941162109e-01	5.121995210647583008e-01	2.561176121234893799e-01	3.067788183689117432e-01	1.051326282322406769e-02	4.349141940474510193e-02
2.352342754602432251e-01	-2.156299054622650146e-01	-8.345668762922286987e-02	-6.855060458183288574e-01	-2.123774886131286621e-01	-2.439142763614654541e-01	1.300349831581115723e-01	3.544667959213256836e-01	3.568625450134277344e-01	-2.162866890430450439e-01
3.867470026016235352e-01	-2.253127694129943848e-01	-3.126160800457000732e-01	-4.786740243434906006e-01	-4.435533285140991211e-01	8.974458277225494385e-02	-2.683078050613403320e-01	-2.912591695785522461e-01	3.038527071475982666e-01	-1.373396962881088257e-01
-1.946169286966323853e-01	-7.294648885726928711e-02	-3.567725718021392822e-01	-7.606894373893737793e-01	-1.140407025814056396e-01	1.201563030481338501e-01	2.909744381904602051e-01	-2.165583334863185883e-02	1.928513348102569580e-01	-3.179596960544586182e-01
-3.154308497905731201e-01	-5.068639516830444336e-01	1.508256793022155762e-01	-4.148501157760620117e-01	-3.406505286693572998e-01	-2.044710665941238403e-01	3.721311390399932861e-01	2.223215997219085693e-02	3.269089758396148682e-01	-2.122424840927124023e-01
-3.408263921737670898e-01	2.840987406671047211e-02	2.780494391918182373e-01	2.159041464328765869e-01	-3.842933177947998047e-01	-5.824633240699768066e-01	-2.884772121906280518e-01	2.786232829093933105e-01	1.877338886260986328e-01	-2.757991552352905273e-01
3.749572038650512695e-01	-9.932404011487960815e-02	2.005078494548797607e-01	-5.579952001571655273e-01	3.119170665740966797e-01	2.858166694641113281e-01	-1.304923444986343384e-01	2.008692175149917603e-01	5.036716461181640625e-01	8.907610177993774414e-02
2.347408980131149292e-01	-2.930631041526794434e-01	2.726387977600097656e-01	-5.481141805648803711e-01	3.636683151125907898e-02	-1.238499954342842102e-01	-1.837497353553771973e-01	1.480879485607147217e-01	6.329902410507202148e-01	1.059133186936378479e-01
-4.557661712169647217e-01	-4.541887342929840088e-01	1.962046027183532715e-01	-4.867308437824249268e-01	1.358083635568618774e-01	-9.404852986335754395e-02	2.193218171596527100e-01	-2.466962337493896484e-01	1.001431420445442200e-01	-4.053488671779632568e-01
4.667620956897735596e-01	2.610256969928741455e-01	-2.433416545391082764e-01	3.870511054992675781e-01	1.640915274620056152e-01	-3.101353049278259277e-01	-4.222168922424316406e-01	3.119976520538330078e-01	-1.037297993898391724e-01	-3.090235292911529541e-01
-4.286460876464843750e-01	1.018348038196563721e-01	7.304478436708450317e-02	-6.020834669470787048e-03	-3.238328993320465088e-01	-5.201415419578552246e-01	-4.903545379638671875e-01	-3.971436321735382080e-01	-1.132768392562866211e-01	-1.187564507126808167e-01
2.548733353614807129e-02	-2.668621540069580078e-01	-3.814370334148406982e-01	4.236744046211242676e-01	3.773820102214813232e-01	1.241936534643173218e-01	2.409105300903320312e-01	-4.169782102108001709e-01	-2.392847687005996704e-01	3.951373100280761719e-01
6.733070313930511475e-02	-4.830009341239929199e-01	4.923447966575622559e-01	3.930470943450927734e-01	-3.708025813102722168e-01	-3.498611450195312500e-01	-7.899650186300277710e-02	2.368282377719879150e-01	-2.019427716732025146e-01	4.775953665375709534e-02
3.487722575664520264e-01	-2.047613076865673065e-02	2.142934501171112061e-01	5.315151810646057129e-01	3.550032973289489746e-01	-3.459744453430175781e-01	-1.946223676204681396e-01	-2.343862652778625488e-01	-3.718737065792083740e-01	-2.695887386798858643e-01
2.039331495761871338e-01	1.486148983240127563e-01	4.410995244979858398e-01	1.945064216852188110e-01	-4.500328004360198975e-02	2.793632447719573975e-01	-1.016004309058189392e-01	-4.953855574131011963e-01	-2.690651118755340576e-01	5.438094139099121094e-01
-7.519294321537017822e-02	-2.473492473363876343e-01	3.228853046894073486e-01	5.510598421096801758e-01	4.881899356842041016e-01	-1.292158216238021851e-01	-3.032485544681549072e-01	-4.121154546737670898e-02	-3.466570675373077393e-01	2.374594509601593018e-01
-6.498521193861961365e-03	-4.377101659774780273e-01	-1.642885059118270874e-01	2.315893024206161499e-01	5.383549928665161133e-01	1.091817840933799744e-01	5.715420469641685486e-02	3.802003860473632812e-01	6.802360713481903076e-02	5.230204463005065918e-01
-5.432758927345275879e-01	-2.101236283779144287e-01	-1.483772357460111380e-04	4.217153787612915039e-01	-4.853568077087402344e-01	-1.423566639423370361e-01	3.875388503074645996e-01	-1.647727042436599731e-01	-2.044603973627090454e-01	8.875998854637145996e-02
-7.641290873289108276e-02	-9.820175915956497192e-02	3.109120130538940430e-01	5.928524136543273926e-01	-1.885482966899871826e-01	2.523022890090942383e-01	2.690991461277008057e-01	3.497891128063201904e-01	-1.866602003574371338e-01	-4.555889368057250977e-01
-3.022809922695159912e-01	-3.353722393512725830e-02	-3.864144980907440186e-01	-3.876691758632659912e-01	-2.064694166183471680e-01	1.564725190401077271e-01	4.560628235340118408e-01	-1.330948919057846069e-01	-1.189056709408760071e-01	-5.485785007476806641e-01
2.509767711162567139e-01	-2.100491374731063843e-01	1.048092767596244812e-01	-1.673282384872436523e-01	-4.180067181587219238e-01	1.509455218911170959e-02	-7.078230381011962891e-01	-2.521011233329772949e-01	3.382011055946350098e-01	3.953796403948217630e-04
2.724472582340240479e-01	2.517542243003845215e-01	1.287420541048049927e-01	-1.876741531305015087e-03	-3.647361397743225098e-01	-2.521368861198425293e-01	4.148091673851013184e-01	4.133597314357757568e-01	3.686861395835876465e-01	4.127303659915924072e-01
-2.142572104930877686e-01	-4.469045102596282959e-01	-3.694177791476249695e-02	-5.228130817413330078e-01	1.011004298925399780e-01	3.477517068386077881e-01	2.508958801627159119e-02	4.523090086877346039e-03	4.166555404663085938e-01	-4.174538850784301758e-01
6.532377004623413086e-02	3.425017893314361572e-01	-3.111767768859863281e-02	-2.876578271389007568e-01	-4.166167676448822021e-01	1.378073245286941528e-01	-2.254387736320495605e-01	8.778836578130722046e-03	3.965531587600708008e-01	6.276905536651611328e-01
-3.268481045961380005e-02	-2.482121437788009644e-01	1.223138049244880676e-01	-2.402449995279312134e-01	-4.903500154614448547e-02	-6.062471866607666016e-01	5.279031395912170410e-01	-3.057089447975158691e-01	1.303147375583648682e-01	-3.249345719814300537e-01
-4.143969416618347168e-01	2.080507278442382812e-01	-5.325261950492858887e-01	-4.681454300880432129e-01	-2.261656075716018677e-01	3.096006512641906738e-01	9.562990814447402954e-02	-1.253046002238988876e-02	7.950250804424285889e-02	3.458604812622070312e-01
3.562567234039306641e-01	2.315439283847808838e-02	5.277137756347656250e-01	-3.732930421829223633e-01	1.478484570980072021e-01	2.577271759510040283e-01	-5.345762148499488831e-02	4.555001109838485718e-02	5.891360640525817871e-01	-1.200795248150825500e-01
-5.957998335361480713e-02	-7.722124457359313965e-02	6.487943530082702637e-01	-6.504543125629425049e-02	1.232630535960197449e-01	1.014092117547988892e-01	3.118533194065093994e-01	-9.283322095870971680e-02	-1.479508578777313232e-01	6.419381499290466309e-01
-2.315212935209274292e-01	-2.195924073457717896e-01	5.924792960286140442e-03	-3.921770453453063965e-01	-9.738712012767791748e-02	-5.731438994407653809e-01	4.471459388732910156e-01	1.228133067488670349e-01	2.909792400896549225e-02	4.364534914493560791e-01
-1.038600876927375793e-01	-2.526097893714904785e-01	5.986259579658508301e-01	7.029379904270172119e-02	-2.226408571004867554e-01	3.872824013233184814e-01	9.200556576251983643e-02	3.740985095500946045e-01	2.673421986401081085e-02	4.619753062725067139e-01
-8.866892009973526001e-02	1.407792568206787109e-01	7.154862880706787109e-01	4.243875741958618164e-01	1.755792945623397827e-01	2.141010314226150513e-01	-5.774081498384475708e-02	-3.545511662960052490e-01	-2.484014779329299927e-01	1.135008558630943298e-01
1.722095608711242676e-01	4.938666820526123047e-01	2.649916708469390869e-01	-3.089045584201812744e-01	-2.021286338567733765e-01	-5.027144402265548706e-02	2.893323302268981934e-01	5.347125530242919922e-01	7.038806378841400146e-02	3.779265880584716797e-01
4.022595286369323730e-01	-2.256209999322891235e-01	-2.598642408847808838e-01	-3.058411777019500732e-01	-3.578284978866577148e-01	-2.963520586490631104e-01	3.564311563968658447e-01	6.058714538812637329e-02	5.287522673606872559e-01	-7.425537798553705215e-03
2.996197342872619629e-01	-3.045938014984130859e-01	4.311948269605636597e-02	-3.433108925819396973e-01	-1.872965693473815918e-01	-1.385939680039882660e-02	-1.759330928325653076e-01	5.313546657562255859e-01	4.384604990482330322e-01	3.961299359798431396e-01
4.715840220451354980e-01	5.843828991055488586e-02	2.432927787303924561e-01	1.773424148559570312e-01	6.029215455055236816e-02	3.172550201416015625e-01	-4.447484016418457031e-01	5.717220902442932129e-01	1.332817971706390381e-01	-1.919234842061996460e-01
5.219279974699020386e-02	-9.231802821159362793e-02	1.129248961806297302e-01	5.028907060623168945e-01	2.485589385032653809e-01	-5.246459692716598511e-02	-4.301275014877319336e-01	-2.754160165786743164e-01	1.953044533729553223e-01	5.996336936950683594e-01
-3.474426269531250000e-01	-4.060445725917816162e-01	1.734477281570434570e-01	3.500158488750457764e-01	-3.160991966724395752e-01	2.528490126132965088e-01	-2.623423337936401367e-01	-3.646946847438812256e-01	-4.424276351928710938e-01	-1.992147788405418396e-02
-3.388544023036956787e-01	2.321112155914306641e-01	5.072988867759704590e-01	-1.681396663188934326e-01	1.183011457324028015e-01	2.684153020381927490e-01	-2.272970527410507202e-01	-5.854910016059875488e-01	2.140431851148605347e-01	-1.391360014677047729e-01
8.673190325498580933e-02	-2.624241411685943604e-01	2.143709920346736908e-02	-8.416352272033691406e-01	-5.265205353498458862e-02	2.295612096786499023e-01	2.474274039268493652e-01	-1.918533444404602051e-01	1.016988977789878845e-01	2.257440090179443359e-01
1.517420113086700439e-01	-3.985145986080169678e-01	2.050966322422027588e-01	-4.928676187992095947e-01	1.240804195404052734e-01	-2.326835244894027710e-01	5.319847166538238525e-02	-4.689161181449890137e-01	4.679997563362121582e-01	-1.479980498552322388e-01
2.638177573680877686e-01	-3.858276009559631348e-01	4.985706210136413574e-01	-1.833884716033935547e-01	-1.606976538896560669e-01	-4.943718612194061279e-01	-1.927386075258255005e-01	1.011496260762214661e-01	4.207815527915954590e-01	6.833174079656600952e-02
3.071975111961364746e-01	-4.183656275272369385e-01	1.462006866931915283e-01	1.786403805017471313e-01	5.584424138069152832e-01	-2.192919403314590454e-01	4.830237925052642822e-01	-1.673546731472015381e-01	2.152149081230163574e-01	9.863526374101638794e-02
-1.809272319078445435e-01	-3.073663115501403809e-01	5.824226140975952148e-01	-2.463137805461883545e-01	-2.453760951757431030e-01	3.506756573915481567e-02	7.633960247039794922e-02	2.023738324642181396e-01	1.570888757705688477e-01	-5.831001400947570801e-01
-2.130149006843566895e-01	1.535147726535797119e-01	5.090457201004028320e-01	1.242060214281082153e-01	-2.165804505348205566e-01	4.381861388683319092e-01	1.321685016155242920e-01	-2.909936606884002686e-01	-4.414076805114746094e-01	-3.472782373428344727e-01
1.925675123929977417e-01	-5.708117485046386719e-01	3.904958069324493408e-01	-2.326056659221649170e-01	2.349059134721755981e-01	4.023879021406173706e-02	2.748025059700012207e-01	1.063308566808700562e-01	-5.028639435768127441e-01	-1.844031512737274170e-01
1.792340725660324097e-01	-2.624918222427368164e-01	7.576515078544616699e-01	4.120405763387680054e-02	4.397830739617347717e-02	2.556127905845642090e-01	1.986331939697265625e-01	-9.994483739137649536e-02	3.044634759426116943e-01	-3.373802602291107178e-01
3.599637150764465332e-01	1.398917138576507568e-01	-8.569195866584777832e-02	-2.385833859443664551e-01	-1.341827213764190674e-01	3.655597101897001266e-03	1.717305276542901993e-03	-1.269006878137588501e-01	7.942208647727966309e-01	3.488258421421051025e-01
1.219895705580711365e-01	4.039473533630371094e-01	1.272379010915756226e-01	-2.479561418294906616e-01	1.754863858222961426e-01	-2.663945257663726807e-01	-1.979381442070007324e-01	2.548153139650821686e-02	2.939185202121734619e-01	7.185366749763488770e-01
3.987345397472381592e-01	-1.600305736064910889e-01	4.319705665111541748e-01	-2.235125899314880371e-01	-4.355187341570854187e-02	-1.171126277768053114e-04	4.441828653216362000e-02	3.948144242167472839e-02	4.700456559658050537e-01	5.936943888664245605e-01
1.093268916010856628e-01	-1.140054315328598022e-01	-1.762905567884445190e-01	-6.052241325378417969e-01	1.758586317300796509e-01	-4.529832303524017334e-01	3.016563355922698975e-01	-1.297457665205001831e-01	4.817516207695007324e-01	-4.050578176975250244e-02
2.052775025367736816e-02	6.269077956676483154e-02	6.035863757133483887e-01	4.829109907150268555e-01	-9.676678478717803955e-02	-2.720562815666198730e-01	1.977594345808029175e-01	-3.460227251052856445e-01	-3.662672042846679688e-01	-1.475071907043457031e-01
-1.170492768287658691e-01	-4.506265223026275635e-01	7.701996713876724243e-02	2.934390604496002197e-01	8.746333420276641846e-02	5.914847850799560547e-01	5.052270293235778809e-01	3.458799095824360847e-03	-9.010744839906692505e-02	-2.651543021202087402e-01
7.428493350744247437e-02	-4.849741980433464050e-02	2.794236242771148682e-01	5.422144532203674316e-01	-4.166170954704284668e-01	-3.944739103317260742e-01	-1.711981892585754395e-01	-4.956090450286865234e-01	-1.388831902295351028e-02	-1.254839003086090088e-01
-4.426186978816986084e-01	-2.054512053728103638e-01	1.838232623413205147e-03	-4.635450541973114014e-01	1.196383833885192871e-01	-9.582941234111785889e-02	-6.678576767444610596e-02	-7.158869504928588867e-01	-3.789414092898368835e-02	7.151231169700622559e-02
1.618452221155166626e-01	-2.245824038982391357e-01	-3.963161110877990723e-01	3.942940235137939453e-01	1.053534895181655884e-01	2.891552448272705078e-01	3.210154175758361816e-01	-1.861520856618881226e-01	-3.431106209754943848e-01	5.105841159820556641e-01
-4.074419289827346802e-02	-9.752694517374038696e-02	2.988550066947937012e-01	2.170026004314422607e-01	-1.373345255851745605e-01	-3.459564149379730225e-01	-1.359817236661911011e-01	-6.146493554115295410e-01	-5.226879119873046875e-01	2.106890678405761719e-01
1.204828470945358276e-01	-4.401527941226959229e-01	2.255576997995376587e-01	-1.412437558174133301e-01	1.292286813259124756e-01	-7.372326850891113281e-01	-8.869512006640434265e-03	-3.681213855743408203e-01	1.462756395339965820e-01	-6.101337447762489319e-02
3.476164042949676514e-01	4.430202841758728027e-01	1.377740502357482910e-01	-3.225021958351135254e-01	-5.639003962278366089e-02	-5.620436072349548340e-01	-2.491210401058197021e-02	-1.478564292192459106e-01	4.802519455552101135e-03	-4.672561883926391602e-01
2.180549800395965576e-01	2.626907825469970703e-01	5.786794424057006836e-01	3.370067849755287170e-02	-9.007133543491363525e-03	1.766619086265563965e-01	-2.565343081951141357e-01	-1.140528768301010132e-01	-4.542928040027618408e-01	4.805720746517181396e-01
5.723829865455627441e-01	-3.606572449207305908e-01	-4.983612895011901855e-02	3.152898252010345459e-01	-7.424318045377731323e-02	-9.373748302459716797e-02	-2.414952069520950317e-01	4.519316256046295166e-01	2.871799468994140625e-01	-2.847445011138916016e-01
4.596332609653472900e-01	-5.165876448154449463e-02	4.345939159393310547e-01	-6.015954166650772095e-02	4.752220809459686279e-01	4.584857821464538574e-01	-2.114566415548324585e-01	1.999743729829788208e-01	2.836155705153942108e-02	2.683737576007843018e-01
-2.485043853521347046e-01	2.887375354766845703e-01	2.797901332378387451e-01	1.325083225965499878e-01	-5.052781105041503906e-01	1.484766602516174316e-01	9.547014534473419189e-02	-2.982041537761688232e-01	5.268352627754211426e-01	-3.257116973400115967e-01
-2.682080864906311035e-01	2.729219496250152588e-01	-6.747673451900482178e-02	-8.823806792497634888e-02	-2.003594636917114258e-01	7.968111336231231689e-02	3.491831123828887939e-01	-1.136954948306083679e-01	-1.615267693996429443e-01	7.961152791976928711e-01
-2.123619467020034790e-01	2.614684104919433594e-01	-3.310877978801727295e-01	1.505040675401687622e-01	-5.234501957893371582e-01	-3.763158023357391357e-01	1.486385762691497803e-01	-3.727176487445831299e-01	3.664946854114532471e-01	2.081397026777267456e-01
3.229198157787322998e-01	-6.929081678390502930e-02	2.461392730474472046e-01	-6.131834983825683594e-01	-2.699160277843475342e-01	-1.378029882907867432e-01	3.941765725612640381e-01	-2.932401299476623535e-01	-1.591319292783737183e-01	3.095332086086273193e-01
4.109890460968017578e-01	-5.414206162095069885e-02	-3.423184156417846680e-01	-2.256130576133728027e-01	1.501693725585937500e-01	-4.928120970726013184e-01	-4.984830021858215332e-01	-3.379728496074676514e-01	-9.193936735391616821e-02	1.532810479402542114e-01
-9.034848213195800781e-02	-1.937383711338043213e-01	-1.624997407197952271e-01	-5.889518931508064270e-02	5.998746156692504883e-01	-5.684416890144348145e-01	2.644484937191009521e-01	-4.032597243785858154e-01	6.046723946928977966e-02	-7.241974771022796631e-02
2.485270798206329346e-01	3.791507482528686523e-01	-4.610474705696105957e-01	1.041862666606903076e-01	-4.248228073120117188e-01	-1.064598336815834045e-01	-2.330790609121322632e-01	2.757093310356140137e-01	8.125425875186920166e-02	-4.922475516796112061e-01
3.123617172241210938e-02	-4.064231812953948975e-01	-4.310768544673919678e-01	-3.239719271659851074e-01	-1.294185873121023178e-02	6.257885694503784180e-02	3.465714752674102783e-01	-4.523148834705352783e-01	2.591935694217681885e-01	3.835284709930419922e-01
-1.810149699449539185e-01	-3.996114730834960938e-01	-8.196637779474258423e-02	-2.602138519287109375e-01	8.256749249994754791e-03	-7.354894280433654785e-02	-2.967028617858886719e-01	-5.693799853324890137e-01	-4.295414090156555176e-01	-3.618079721927642822e-01
2.827928364276885986e-01	-2.114369571208953857e-01	-2.224239259958267212e-01	3.233768343925476074e-01	-5.071431994438171387e-01	-4.333999156951904297e-01	-2.357041537761688232e-01	-3.374288380146026611e-01	-2.426107525825500488e-01	2.190281599760055542e-01
3.629754483699798584e-01	7.012017071247100830e-02	1.587447375059127808e-01	9.063390642404556274e-02	2.216146141290664673e-01	-4.565173983573913574e-01	-3.466508388519287109e-01	-2.518276870250701904e-01	4.653818607330322266e-01	4.150086939334869385e-01
2.106167823076248169e-01	-5.455229878425598145e-01	1.798263490200042725e-01	-4.339762330055236816e-01	1.982964575290679932e-01	-2.725288271903991699e-01	-8.416186273097991943e-02	-4.731956422328948975e-01	2.458377331495285034e-01	-1.798481792211532593e-01
1.047670990228652954e-01	-2.115238308906555176e-01	2.142616957426071167e-01	-5.737950205802917480e-01	1.977716237306594849e-01	-1.484383344650268555e-01	2.086109071969985962e-01	-5.666022300720214844e-01	3.453453481197357178e-01	-1.554517000913619995e-01
-3.316270112991333008e-01	-9.849070012569427490e-02	-2.853665947914123535e-01	4.821288213133811951e-02	1.993131786584854126e-01	2.467691898345947266e-02	2.960644066333770752e-01	-7.978283166885375977e-01	1.061220020055770874e-01	1.441652476787567139e-01
4.509485363960266113e-01	-4.084673523902893066e-01	-3.588333725929260254e-01	-2.409724146127700806e-01	1.407555639743804932e-01	-5.614656805992126465e-01	1.262990832328796387e-01	-1.699613332748413086e-01	2.256042361259460449e-01	-1.103599965572357178e-01
2.723054261878132820e-03	-2.529655992984771729e-01	-1.421781033277511597e-01	-8.409183472394943237e-02	-4.906793534755706787e-01	1.520624160766601562e-01	5.550469160079956055e-01	1.437545567750930786e-01	-5.239937901496887207e-01	-2.037496864795684814e-01
-2.899615466594696045e-01	-2.873417437076568604e-01	-5.784596800804138184e-01	2.215595692396163940e-01	1.130062192678451538e-01	6.279988586902618408e-02	-4.570898413658142090e-01	-3.694520890712738037e-01	-2.921375632286071777e-01	-4.656479507684707642e-02
-4.042185544967651367e-01	-3.320223987102508545e-01	5.185942724347114563e-02	5.103733539581298828e-01	2.905399203300476074e-01	2.052879929542541504e-01	-3.172971308231353760e-02	-2.498138248920440674e-01	-2.540284395217895508e-01	-4.568338692188262939e-01
4.240876138210296631e-01	-3.252246677875518799e-01	2.047306597232818604e-01	-2.088073045015335083e-01	-7.138673961162567139e-02	-5.536974072456359863e-01	2.283009001985192299e-03	-4.711288027465343475e-03	5.608747005462646484e-01	5.078066885471343994e-02
-4.589353501796722412e-01	-3.996890485286712646e-01	-3.987176418304443359e-01	-4.124808311462402344e-01	-1.259535849094390869e-01	-3.493174910545349121e-01	-1.100942417979240417e-01	-2.929359972476959229e-01	2.303258627653121948e-01	1.078959703445434570e-01
4.472368657588958740e-01	-2.158302664756774902e-01	3.608478903770446777e-01	5.709725618362426758e-01	8.378564380109310150e-03	2.985652089118957520e-01	-2.485704869031906128e-01	1.208934411406517029e-01	3.384735286235809326e-01	1.303735971450805664e-01
1.030447483062744141e-01	-3.588603436946868896e-02	9.212551265954971313e-02	-4.964906871318817139e-01	-3.714792430400848389e-01	-9.878703951835632324e-02	2.146227806806564331e-01	-5.601503700017929077e-02	2.665281295776367188e-01	6.819900870323181152e-01
-1.188495233654975891e-01	4.856037497520446777e-01	6.290026009082794189e-02	5.621033310890197754e-01	-2.797324359416961670e-01	3.906484842300415039e-01	-1.524919867515563965e-01	3.871897161006927490e-01	-4.714609310030937195e-02	1.545904576778411865e-01
-2.922742664813995361e-01	-4.088191390037536621e-01	1.040245871990919113e-02	-4.975190758705139160e-01	-2.899523079395294189e-01	-1.093259900808334351e-01	3.895488083362579346e-01	-1.184660941362380981e-01	-5.271949246525764465e-02	4.849977195262908936e-01
-2.665223479270935059e-01	-3.997304663062095642e-02	-3.492407798767089844e-01	5.867175459861755371e-01	3.311394453048706055e-01	-1.324397474527359009e-01	4.084753394126892090e-01	1.686514019966125488e-01	-2.925473451614379883e-01	-2.304091006517410278e-01
2.634898126125335693e-01	-4.578716754913330078e-01	-5.579143390059471130e-02	-4.229678213596343994e-01	7.202393840998411179e-03	-8.727178722620010376e-02	4.586074948310852051e-01	-5.465428233146667480e-01	2.286555059254169464e-02	-1.472791731357574463e-01
3.877364695072174072e-01	8.240658789873123169e-02	-5.690734982490539551e-01	3.445277512073516846e-01	-1.807726323604583740e-01	3.152571022510528564e-01	2.210481613874435425e-01	-2.662414610385894775e-01	2.580378055572509766e-01	2.862328886985778809e-01
-1.556877493858337402e-01	6.701540201902389526e-02	-3.829658329486846924e-01	-2.073978446424007416e-02	-3.238105177879333496e-01	-4.357748031616210938e-01	3.368132412433624268e-01	-5.328528881072998047e-01	-2.963780462741851807e-01	-2.102593630552291870e-01
1.492427885532379150e-01	-1.730160713195800781e-01	1.786767132580280304e-02	-4.844383299350738525e-01	2.898679673671722412e-01	-4.738458991050720215e-01	-1.833528131246566772e-01	-5.435754656791687012e-01	1.949281394481658936e-01	-1.927417367696762085e-01
-1.484332382678985596e-01	-1.320782005786895752e-01	3.149098157882690430e-01	-1.467484235763549805e-01	3.227223753929138184e-01	-2.026883065700531006e-01	5.395411252975463867e-01	-5.010537505149841309e-01	2.184054553508758545e-01	-3.236151933670043945e-01
-2.738529741764068604e-01	-1.590621024370193481e-01	-3.024214319884777069e-02	-2.860275804996490479e-01	-2.400098443031311035e-01	-1.443796698004007339e-02	5.055936574935913086e-01	-4.939878582954406738e-01	-4.262632131576538086e-01	-2.789532244205474854e-01
-5.498849153518676758e-01	-2.504569292068481445e-01	-2.590013667941093445e-02	-1.199536994099617004e-01	-3.059210479259490967e-01	-2.668786048889160156e-01	3.419893980026245117e-01	-2.717315852642059326e-01	-4.948340952396392822e-01	-1.391790062189102173e-01
-1.487441658973693848e-01	-2.202118337154388428e-01	6.518390178680419922e-01	1.995406746864318848e-01	4.540008604526519775e-01	-3.145186901092529297e-01	-2.117263376712799072e-01	-2.994909584522247314e-01	1.583917737007141113e-01	4.656836390495300293e-03
-2.133381664752960205e-01	-3.831018507480621338e-01	-3.509027063846588135e-01	-4.465725719928741455e-01	-8.340923488140106201e-02	-5.043637752532958984e-01	2.115686684846878052e-01	-3.958166539669036865e-01	-2.980550378561019897e-02	1.466273218393325806e-01
5.304367542266845703e-01	7.255535572767257690e-02	4.380902647972106934e-02	-2.231064289808273315e-01	-3.794324994087219238e-01	-5.423495769500732422e-01	1.978923231363296509e-01	-2.201627194881439209e-02	4.285937249660491943e-01	1.503141596913337708e-02
-1.782622560858726501e-02	1.809311844408512115e-02	2.807293236255645752e-01	4.826258122920989990e-01	-3.143414556980133057e-01	2.501265704631805420e-01	3.901548683643341064e-01	-3.503112792968750000e-01	3.588709235191345215e-01	3.500248193740844727e-01
-1.556210964918136597e-01	-3.377431929111480713e-01	6.674287468194961548e-02	6.888731718063354492e-01	-4.128966853022575378e-02	-4.316271543502807617e-01	-2.097016274929046631e-01	2.888556420803070068e-01	2.192779928445816040e-01	-1.385960131883621216e-01
3.164994716644287109e-01	-6.118389964103698730e-01	3.699201345443725586e-02	-4.569002985954284668e-01	-3.591122627258300781e-01	9.411691874265670776e-02	1.936807483434677124e-01	-2.488650232553482056e-01	2.539757490158081055e-01	-1.165568083524703979e-01
2.858279645442962646e-01	-2.509210407733917236e-01	8.102510869503021240e-02	4.110382497310638428e-01	-4.401043057441711426e-01	-3.717915713787078857e-02	3.530571162700653076e-01	-2.902432084083557129e-01	-2.880161106586456299e-01	4.392103552818298340e-01
4.530022144317626953e-01	-2.476311624050140381e-01	2.995367646217346191e-01	2.432548403739929199e-01	-3.566592037677764893e-01	-7.531051337718963623e-02	-4.960713684558868408e-01	-3.863577842712402344e-01	-2.092575132846832275e-01	1.120154485106468201e-01
2.437145262956619263e-01	2.530548870563507080e-01	-5.436336994171142578e-01	-3.927972614765167236e-01	-1.418080180883407593e-01	-3.302985429763793945e-02	5.013005137443542480e-01	1.308961212635040283e-01	-1.804345548152923584e-01	-3.233359456062316895e-01
-1.795608699321746826e-01	5.931868776679039001e-02	-1.248781941831111908e-02	-3.902867138385772705e-01	-6.656944155693054199e-01	-5.625140666961669922e-02	4.990873336791992188e-01	1.928507834672927856e-01	-6.448907405138015747e-02	2.738751769065856934e-01
2.591111958026885986e-01	-2.572055459022521973e-01	1.192841455340385437e-01	-1.138347834348678589e-01	2.614180147647857666e-01	-6.609675288200378418e-01	3.721089661121368408e-01	-8.761083334684371948e-02	4.191427230834960938e-01	-1.117173507809638977e-01
2.009581178426742554e-01	-4.160271286964416504e-01	-1.000727117061614990e-01	-1.667588800191879272e-01	-2.497791200876235962e-01	-7.298297882080078125e-01	3.019899129867553711e-01	-2.370636314153671265e-01	4.248209763318300247e-03	-7.910636067390441895e-02
-1.379933357238769531e-01	-4.602356851100921631e-01	-3.082965612411499023e-01	-5.100167989730834961e-01	1.227854341268539429e-01	-5.954502820968627930e-01	4.008758813142776489e-02	-2.789959078654646873e-03	1.855785697698593140e-01	-9.102523326873779297e-02
-2.342615276575088501e-01	-5.148618295788764954e-02	-6.732335090637207031e-01	-2.012927085161209106e-01	1.774906069040298462e-01	1.331431269645690918e-01	3.522646380588412285e-03	-4.874785244464874268e-01	3.131233155727386475e-01	2.525559365749359131e-01
2.132780104875564575e-01	-3.755167424678802490e-01	-1.769816279411315918e-01	3.487175107002258301e-01	2.102489396929740906e-02	-6.455487608909606934e-01	-3.070105053484439850e-02	3.722144663333892822e-02	-4.853768348693847656e-01	7.402251660823822021e-02
-6.645568180829286575e-03	-2.614289224147796631e-01	1.586338132619857788e-02	-2.869433462619781494e-01	3.634417057037353516e-01	-6.756585240364074707e-01	3.089500069618225098e-01	-2.505390644073486328e-01	2.756910622119903564e-01	-1.618422865867614746e-01
-5.494493991136550903e-03	-2.966457903385162354e-01	-2.915144860744476318e-01	-2.387025803327560425e-01	-7.957738637924194336e-02	-4.806048870086669922e-01	-5.352497100830078125e-02	-2.608015537261962891e-01	9.744950383901596069e-02	6.725466847419738770e-01
3.691937923431396484e-01	-1.498883813619613647e-01	6.885322928428649902e-01	-3.034550249576568604e-01	-3.226734995841979980e-01	-2.808261215686798096e-01	1.723295897245407104e-01	2.095964401960372925e-01	-5.262964870780706406e-03	-1.357587277889251709e-01
-3.700861036777496338e-01	-6.465235352516174316e-02	2.982472479343414307e-01	5.677584409713745117e-01	2.004675865173339844e-01	5.543015003204345703e-01	-3.099058270454406738e-01	1.048250775784254074e-02	6.112767755985260010e-02	-1.516315527260303497e-02
-4.482129812240600586e-01	4.005258381366729736e-01	-1.520898342132568359e-01	-1.413998156785964966e-01	3.588976860046386719e-01	-3.235864341259002686e-01	1.513280123472213745e-01	2.168579697608947754e-01	-3.397303819656372070e-02	5.394084453582763672e-01
7.221791148185729980e-02	-1.453230977058410645e-01	4.244788587093353271e-01	-4.376116394996643066e-01	-5.026573538780212402e-01	-2.140166610479354858e-01	3.630676269531250000e-01	1.094595789909362793e-01	-3.831020891666412354e-01	-1.137769445776939392e-01
-3.335663676261901855e-01	3.053339123725891113e-01	-4.451345503330230713e-01	4.085391163825988770e-01	-1.194495111703872681e-01	4.307955503463745117e-01	-1.012931689620018005e-01	2.728717327117919922e-01	2.494280934333801270e-01	-2.892561554908752441e-01
-3.110455572605133057e-01	1.653171628713607788e-01	-3.519540429115295410e-01	-2.725303769111633301e-01	2.041011005640029907e-01	-8.409436792135238647e-02	2.305815070867538452e-01	-2.445942759513854980e-01	6.538170576095581055e-01	2.976175546646118164e-01
2.656340301036834717e-01	-4.231489896774291992e-01	2.161216586828231812e-01	-5.288755893707275391e-01	-1.844540834426879883e-01	3.955388069152832031e-02	3.045729100704193115e-01	-3.428752124309539795e-01	9.888242930173873901e-02	-4.102095365524291992e-01
-5.029331445693969727e-01	4.243041202425956726e-02	-4.617735147476196289e-01	2.971713542938232422e-01	-4.717235565185546875e-01	-2.253540307283401489e-01	2.256763577461242676e-01	7.536379247903823853e-02	-3.371932506561279297e-01	-9.789617732167243958e-03
3.917329013347625732e-01	-1.633509397506713867e-01	1.090313196182250977e-01	3.468822836875915527e-01	5.686830356717109680e-02	3.853179216384887695e-01	4.049352109432220459e-01	-5.706739425659179688e-01	-2.042336314916610718e-01	6.774999201297760010e-02
-3.324681520462036133e-01	3.606020808219909668e-01	-2.182429283857345581e-01	3.339069485664367676e-01	-4.121288359165191650e-01	-4.203982949256896973e-01	-4.243785142898559570e-01	2.174507975578308105e-01	1.535863708704710007e-02	-1.615685224533081055e-01
4.468293786048889160e-01	6.198200210928916931e-02	1.347087174654006958e-01	-2.816835641860961914e-01	-1.432162076234817505e-01	-2.996813952922821045e-01	2.162599265575408936e-01	-1.126180961728096008e-01	-5.567893981933593750e-01	-4.682139158248901367e-01
-2.270640879869461060e-01	-1.898955255746841431e-01	-1.549555640667676926e-02	-2.321963161230087280e-01	1.143515948206186295e-02	-5.017258524894714355e-01	-1.380553692579269409e-01	-5.014175176620483398e-01	-2.858763337135314941e-01	5.041455030441284180e-01
9.996818006038665771e-02	-1.735081970691680908e-01	-2.565823793411254883e-01	-1.002599447965621948e-01	-4.668227210640907288e-02	-4.520783722400665283e-01	5.799707770347595215e-01	-5.428017973899841309e-01	-6.506759673357009888e-02	-2.054918110370635986e-01
2.837260365486145020e-01	-4.447466731071472168e-01	-1.796878129243850708e-01	2.606126964092254639e-01	3.346093595027923584e-01	4.249888360500335693e-01	3.403986990451812744e-01	-2.826076745986938477e-01	-9.946986287832260132e-02	-3.511149585247039795e-01
-1.449333727359771729e-01	-1.282555013895034790e-01	-4.043506979942321777e-01	-2.069258838891983032e-01	3.857668638229370117e-01	-3.124812245368957520e-01	-3.054425492882728577e-02	-2.737278640270233154e-01	4.808375835418701172e-01	4.502239227294921875e-01
1.343077328056097031e-02	-1.435242146253585815e-01	-4.956774041056632996e-02	-4.039082527160644531e-01	2.703292667865753174e-01	-1.550191491842269897e-01	3.753941655158996582e-01	-7.079664468765258789e-01	1.825901418924331665e-01	-2.025744020938873291e-01
-5.100269913673400879e-01	-9.223870187997817993e-02	-1.346025913953781128e-01	3.631953299045562744e-01	-4.671047031879425049e-01	-4.903675317764282227e-01	2.403809428215026855e-01	-6.569035351276397705e-02	-1.942690312862396240e-01	1.511622220277786255e-01
-1.798871457576751709e-01	-2.704754769802093506e-01	-2.407641708850860596e-02	-6.356034874916076660e-01	-2.922618687152862549e-01	-4.244899749755859375e-01	2.454694658517837524e-01	-3.999689519405364990e-01	-4.645544104278087616e-04	-6.382003426551818848e-02
3.779687285423278809e-01	-2.667428851127624512e-01	3.163304328918457031e-01	-1.852047145366668701e-01	-4.876980185508728027e-01	-4.869353175163269043e-01	-2.036582827568054199e-01	-7.265768945217132568e-02	7.948613911867141724e-02	3.515579402446746826e-01
-2.397309541702270508e-01	-1.201936230063438416e-01	5.078208446502685547e-01	4.066984653472900391e-01	8.505703508853912354e-02	4.522622823715209961e-01	1.846614480018615723e-02	1.216259896755218506e-01	3.960989043116569519e-02	-5.256599187850952148e-01
4.065122008323669434e-01	-4.486805573105812073e-02	-3.465810120105743408e-01	-2.383133172988891602e-01	-2.927366495132446289e-01	-2.680031359195709229e-01	-1.162179484963417053e-01	-3.061221539974212646e-01	5.552155971527099609e-01	2.877860665321350098e-01
-2.103872597217559814e-02	-1.324648857116699219e-01	4.183990955352783203e-01	3.572297692298889160e-01	-8.696550130844116211e-02	4.724408686161041260e-01	1.391242444515228271e-01	1.065657753497362137e-02	3.614647686481475830e-01	5.463060736656188965e-01
-9.714325517416000366e-02	5.463528633117675781e-01	1.950970888137817383e-01	8.897071331739425659e-02	-4.294217228889465332e-01	5.030134916305541992e-01	3.199230134487152100e-01	1.535833030939102173e-01	-8.272551745176315308e-02	2.754548788070678711e-01
3.321750089526176453e-02	-5.861027240753173828e-01	-4.016904234886169434e-01	-3.788550198078155518e-02	-3.264255449175834656e-02	-6.609607338905334473e-01	2.543952874839305878e-02	-2.148324102163314819e-01	-8.287526667118072510e-02	3.141172602772712708e-02
-3.749088644981384277e-01	3.534996211528778076e-01	-7.309591770172119141e-01	1.776152402162551880e-01	-2.889726310968399048e-02	-2.718365490436553955e-01	5.812552571296691895e-02	-3.768946230411529541e-02	1.701616942882537842e-01	2.452524900436401367e-01
-2.222627252340316772e-01	1.863270550966262817e-01	-3.545441925525665283e-01	4.271753430366516113e-01	-4.405906051397323608e-02	-2.493026852607727051e-01	2.533864378929138184e-01	-6.224063634872436523e-01	2.539226412773132324e-01	-1.659422516822814941e-01
-2.667749226093292236e-01	2.704580128192901611e-02	-5.012647509574890137e-01	1.638975143432617188e-01	-2.046096771955490112e-01	-5.489791035652160645e-01	3.417189419269561768e-01	-3.693153858184814453e-01	6.113718822598457336e-02	2.232134640216827393e-01
3.380075395107269287e-01	-3.061048388481140137e-01	2.776896059513092041e-01	3.355921208858489990e-01	-4.601427614688873291e-01	-4.770630896091461182e-01	-1.854882836341857910e-01	1.900982856750488281e-01	-2.741429507732391357e-01	1.315264105796813965e-01
-2.454802393913269043e-01	3.482769727706909180e-01	9.084001928567886353e-02	-3.566139042377471924e-01	-2.852827310562133789e-01	2.890189588069915771e-01	2.957531213760375977e-01	-5.213643312454223633e-01	2.160437256097793579e-01	-3.348631858825683594e-01
-2.357948012650012970e-02	-3.833169341087341309e-01	-1.783600822091102600e-02	-1.188752055168151855e-01	-1.681019552052021027e-02	-7.401400804519653320e-01	1.217552274465560913e-01	-3.412292301654815674e-01	6.427389383316040039e-02	3.931665122509002686e-01
3.850147426128387451e-01	-2.330289185047149658e-01	7.182421628385782242e-03	-1.301884204149246216e-01	-4.569688141345977783e-01	-4.454061090946197510e-01	4.001242816448211670e-01	-8.383814245462417603e-02	4.269897341728210449e-01	-1.542887836694717407e-01
1.184726208448410034e-01	1.247790530323982239e-01	-3.218342661857604980e-01	4.705681502819061279e-01	-2.617942690849304199e-01	-3.040938377380371094e-01	1.834959238767623901e-01	-2.200908958911895752e-01	-4.063384830951690674e-01	-4.869821965694427490e-01
-2.546283900737762451e-01	-3.280603885650634766e-01	-2.466900739818811417e-03	-4.200782775878906250e-01	1.341045945882797241e-01	-4.065394401550292969e-01	1.835073828697204590e-01	4.043689072132110596e-01	3.444832563400268555e-01	-3.898111283779144287e-01
5.518263205885887146e-02	5.106913857161998749e-03	-3.431970179080963135e-01	3.825143873691558838e-01	-4.599679112434387207e-01	2.757099866867065430e-01	4.382647275924682617e-01	-1.038823947310447693e-01	-4.776133596897125244e-01	-1.194097399711608887e-01
-2.198024839162826538e-01	-1.434723585844039917e-01	-5.572559237480163574e-01	-2.356440722942352295e-01	1.864582002162933350e-01	-3.766987025737762451e-01	-4.128101766109466553e-01	8.687143772840499878e-02	2.615569531917572021e-01	3.768297135829925537e-01
-4.282195866107940674e-01	3.483847677707672119e-01	2.169275879859924316e-01	4.034588336944580078e-01	-2.478312402963638306e-01	5.699977278709411621e-02	-4.314238727092742920e-01	1.101271249353885651e-02	4.406388103961944580e-01	-2.008478492498397827e-01
-2.008406221866607666e-01	-8.520777523517608643e-02	-1.937434226274490356e-01	2.253351360559463501e-01	-3.301998078823089600e-01	-3.961032032966613770e-01	1.731261163949966431e-01	-6.729285717010498047e-01	-3.394347727298736572e-01	1.178591791540384293e-02
-3.128440976142883301e-01	1.633339934051036835e-02	-1.267673969268798828e-01	-1.523606181144714355e-01	4.579562842845916748e-01	4.511453807353973389e-01	1.751471757888793945e-01	-4.806003272533416748e-01	-1.768144071102142334e-01	3.954813480377197266e-01
-1.488967835903167725e-01	-3.878208398818969727e-01	-3.508331775665283203e-01	-9.164910018444061279e-02	-1.045192480087280273e-01	2.323105782270431519e-01	-3.216008096933364868e-02	-5.591930747032165527e-01	-3.289826810359954834e-01	-4.572614729404449463e-01
1.940182745456695557e-01	-8.771324902772903442e-02	-5.013091564178466797e-01	-4.500862061977386475e-01	-1.449195444583892822e-01	-2.885958850383758545e-01	3.834120333194732666e-01	-4.193868041038513184e-01	2.277461439371109009e-01	1.474010348320007324e-01
7.581744343042373657e-02	-2.051626443862915039e-01	7.547268271446228027e-02	-7.535539567470550537e-02	1.181278228759765625e-01	5.504222512245178223e-01	-4.216611087322235107e-01	2.109624892473220825e-01	5.976078510284423828e-01	-2.107797861099243164e-01
-4.253920018672943115e-01	5.535205826163291931e-02	-6.498516798019409180e-01	1.354392915964126587e-01	-6.739702820777893066e-02	-5.263016819953918457e-01	2.520270645618438721e-01	-1.144188567996025085e-01	-9.989298880100250244e-02	-8.487044274806976318e-02
-2.623557150363922119e-01	1.606423556804656982e-01	-5.077920556068420410e-01	-4.649912565946578979e-02	3.443389832973480225e-01	-2.638104856014251709e-01	2.344160228967666626e-01	-6.199321150779724121e-01	9.365962445735931396e-02	-9.562597423791885376e-02
-3.285833895206451416e-01	-1.410202682018280029e-01	-1.674901098012924194e-01	2.851184606552124023e-01	-3.631925582885742188e-01	-5.552093982696533203e-01	3.154944181442260742e-01	-2.472679615020751953e-01	-3.109970986843109131e-01	2.554154694080352783e-01
3.273702859878540039e-01	-8.155121654272079468e-02	3.155386745929718018e-01	3.618864417076110840e-01	-5.600536465644836426e-01	1.077064685523509979e-02	1.243255287408828735e-01	1.202388554811477661e-01	4.090597331523895264e-01	3.803044557571411133e-01
4.711103439331054688e-01	-1.778689920902252197e-01	-1.381674557924270630e-01	4.914098680019378662e-01	-3.652106598019599915e-02	-5.034826397895812988e-01	-5.094569921493530273e-02	3.921313583850860596e-01	1.091616079211235046e-01	2.504722476005554199e-01
-5.887824669480323792e-02	1.551183760166168213e-01	-5.204068496823310852e-02	4.131440818309783936e-01	-4.777672588825225830e-01	-2.030763924121856689e-01	-5.281749367713928223e-01	2.423995733261108398e-01	-1.858760714530944824e-01	3.966074883937835693e-01
-3.063897192478179932e-01	-1.983856856822967529e-01	3.135099709033966064e-01	-3.129592239856719971e-01	2.920732796192169189e-01	-2.787676453590393066e-01	1.106834337115287781e-01	-4.438846707344055176e-01	-3.454804420471191406e-01	-4.229385554790496826e-01
-1.692608594894409180e-01	2.409271523356437683e-02	-4.212476611137390137e-01	-2.967551648616790771e-01	1.534849554300308228e-01	-1.671779751777648926e-01	-3.096870183944702148e-01	-6.239179968833923340e-01	2.707279622554779053e-01	3.086705803871154785e-01
1.290481630712747574e-02	-3.581534624099731445e-01	-3.440036773681640625e-01	1.292211562395095825e-01	1.529285460710525513e-01	-6.862334012985229492e-01	-3.245267644524574280e-02	6.196656450629234314e-02	-1.607139855623245239e-01	4.598881006240844727e-01
1.407896913588047028e-02	2.423346489667892456e-01	-6.906234025955200195e-01	2.750209867954254150e-01	3.443721532821655273e-01	-2.695428580045700073e-02	-5.275406315922737122e-02	2.146894186735153198e-01	-1.876405924558639526e-01	-4.302048087120056152e-01
-3.143914043903350830e-01	-1.364090740680694580e-01	-6.710193157196044922e-01	-3.435747623443603516e-01	2.115065902471542358e-01	-3.634677529335021973e-01	1.881931424140930176e-01	-2.911598086357116699e-01	7.335536181926727295e-02	1.087403222918510437e-01
1.116259917616844177e-01	1.980266720056533813e-01	2.468216121196746826e-01	2.052184045314788818e-01	2.286984622478485107e-01	4.683391153812408447e-01	5.171212553977966309e-01	3.839255869388580322e-01	3.947634696960449219e-01	5.471279099583625793e-02
2.450874596834182739e-01	3.191303610801696777e-01	-5.020334720611572266e-01	-1.276772469282150269e-01	-3.263938054442405701e-02	2.633528709411621094e-01	5.531265735626220703e-01	4.178763329982757568e-01	1.254981309175491333e-01	-5.485820770263671875e-02
3.054639101028442383e-01	-3.243831396102905273e-01	1.836610734462738037e-01	-4.665425419807434082e-01	-2.093873545527458191e-02	-5.656107664108276367e-01	-9.247799217700958252e-02	-3.259683251380920410e-01	-2.758578360080718994e-01	1.970149576663970947e-01
-2.974304854869842529e-01	-2.016486227512359619e-01	2.796736955642700195e-01	-1.727610826492309570e-01	3.918022811412811279e-01	-2.813376486301422119e-01	1.898490041494369507e-01	-6.625019311904907227e-01	-2.103139311075210571e-01	-1.047176122665405273e-01
2.852079868316650391e-01	-3.239343166351318359e-01	-9.229821711778640747e-02	-1.089355498552322388e-01	-2.099935114383697510e-01	-6.535749435424804688e-01	3.207481801509857178e-01	-3.845323324203491211e-01	8.202230930328369141e-02	-2.541798651218414307e-01
-2.075079381465911865e-01	-4.345944523811340332e-01	5.175931453704833984e-01	2.757703065872192383e-01	1.744443327188491821e-01	-2.956845238804817200e-02	-4.677884578704833984e-01	3.951845467090606689e-01	7.616392336785793304e-03	-1.332518160343170166e-01
1.964647918939590454e-01	4.051524028182029724e-02	-1.609684973955154419e-01	4.800243675708770752e-01	-1.066227704286575317e-01	-2.276249825954437256e-01	4.926330745220184326e-01	4.575723409652709961e-01	4.057241380214691162e-01	-1.535333842039108276e-01
5.977338179945945740e-02	4.366069138050079346e-01	-4.555760025978088379e-01	-2.792805731296539307e-01	-3.763675689697265625e-01	2.863569259643554688e-01	-4.580585658550262451e-02	-4.575546681880950928e-01	2.759366631507873535e-01	-9.490061551332473755e-02
-3.338288962841033936e-01	-3.317108750343322754e-01	-2.083750665187835693e-01	2.177726328372955322e-01	1.043780893087387085e-01	-2.297543734312057495e-01	5.365270376205444336e-01	-5.267497301101684570e-01	-2.380109280347824097e-01	4.498165473341941833e-02
-2.952030003070831299e-01	-1.476230025291442871e-01	-3.962823450565338135e-01	6.842929869890213013e-02	-1.321341693401336670e-01	-4.774711430072784424e-01	6.082621216773986816e-01	-1.573411077260971069e-01	-1.447919905185699463e-01	2.611485123634338379e-01
3.150770664215087891e-01	1.990234702825546265e-01	-4.476062357425689697e-01	-5.801764130592346191e-01	-3.578953444957733154e-01	-1.329187601804733276e-01	2.533300220966339111e-01	-1.008959636092185974e-01	3.188138604164123535e-01	4.904324933886528015e-02
-5.349171161651611328e-01	-5.158017203211784363e-02	-1.645044833421707153e-01	-1.306416690349578857e-01	5.075178742408752441e-01	-4.667194783687591553e-01	-4.258422851562500000e-01	-7.229582965373992920e-02	-3.356209024786949158e-03	7.136608660221099854e-02
1.564424186944961548e-01	-2.292037606239318848e-01	-2.155041396617889404e-01	-5.503502115607261658e-02	3.109129071235656738e-01	-4.280386865139007568e-01	3.326759934425354004e-01	-6.639842987060546875e-01	8.222023397684097290e-02	-1.879575699567794800e-01
2.061145603656768799e-01	-9.402855485677719116e-02	6.571248173713684082e-02	-5.065338015556335449e-01	4.272258579730987549e-01	-4.931906759738922119e-01	-2.335949838161468506e-01	-1.288671344518661499e-01	-1.889880001544952393e-01	3.938679695129394531e-01
3.988084197044372559e-02	-6.885600090026855469e-02	-6.112258434295654297e-01	9.457421302795410156e-02	4.072329998016357422e-01	9.094809181988239288e-03	-4.283110201358795166e-01	2.644529938697814941e-01	3.000814020633697510e-01	-3.190156519412994385e-01
-3.395766392350196838e-02	5.207515358924865723e-01	-2.968939840793609619e-01	-2.180890440940856934e-01	-5.168016552925109863e-01	4.852534830570220947e-01	-2.383211404085159302e-01	1.894471794366836548e-02	1.662010848522186279e-01	6.798760592937469482e-02
-3.435218632221221924e-01	2.747722566127777100e-01	-5.327450037002563477e-01	4.402978345751762390e-03	-3.932884037494659424e-01	1.448209732770919800e-01	2.167074829339981079e-01	-4.067834094166755676e-02	3.893869817256927490e-01	3.831036984920501709e-01
-4.462124705314636230e-01	-2.077860832214355469e-01	3.084001243114471436e-01	-2.736527025699615479e-01	3.306024968624114990e-01	1.233673691749572754e-01	-1.156118139624595642e-01	-5.815454125404357910e-01	-1.265615522861480713e-01	3.092352449893951416e-01
-1.817059665918350220e-01	-3.549608290195465088e-01	-1.370556950569152832e-01	3.137030899524688721e-01	5.323468446731567383e-01	-2.966035604476928711e-01	-7.780370861291885376e-02	-5.589677691459655762e-01	1.841907203197479248e-01	6.230586441233754158e-04
-8.125988394021987915e-02	4.448374509811401367e-01	-1.955337226390838623e-01	-4.252620935440063477e-01	-3.824273049831390381e-01	-3.496609628200531006e-01	4.068449139595031738e-01	1.140232831239700317e-01	8.781263977289199829e-02	3.488361835479736328e-01
4.584461823105812073e-02	9.370259195566177368e-02	-1.868781298398971558e-01	-1.276709288358688354e-01	4.597908258438110352e-01	-2.358451634645462036e-01	-2.752185165882110596e-01	-5.627681016921997070e-01	4.667355120182037354e-01	2.461077719926834106e-01
-1.969924569129943848e-01	-4.836865067481994629e-01	1.120355874300003052e-01	1.518949419260025024e-01	-1.285784393548965454e-01	-6.000632643699645996e-01	3.593894541263580322e-01	-2.411853075027465820e-01	-2.709250748157501221e-01	-2.329753786325454712e-01
-3.979820013046264648e-02	-2.807128429412841797e-01	-9.334350377321243286e-02	3.715182244777679443e-01	5.481418967247009277e-01	-3.353992998600006104e-01	-1.965814083814620972e-02	-1.492452472448348999e-01	2.516436576843261719e-01	-5.233929753303527832e-01
-1.564498394727706909e-01	-1.117894053459167480e-01	-2.851637303829193115e-01	9.727210551500320435e-02	5.661821365356445312e-01	-8.675923943519592285e-02	-1.158489361405372620e-01	-3.168440163135528564e-01	1.642344146966934204e-01	-6.351164579391479492e-01
-1.864835470914840698e-01	-1.949259489774703979e-01	-3.468300402164459229e-01	8.582951128482818604e-02	4.046005308628082275e-01	-4.228644967079162598e-01	-3.851961717009544373e-02	-4.831967949867248535e-01	7.983787357807159424e-02	-4.644534885883331299e-01
-1.733615249395370483e-01	-2.704465687274932861e-01	-2.880884110927581787e-01	3.759649991989135742e-01	-2.344011068344116211e-01	-3.807900846004486084e-01	4.344029426574707031e-01	-2.054921723902225494e-02	-4.194322600960731506e-02	-5.306856036186218262e-01
3.540433347225189209e-01	4.216991364955902100e-01	1.800170838832855225e-01	4.288574457168579102e-01	2.404255568981170654e-01	-2.631073594093322754e-01	-2.772146761417388916e-01	3.415905535221099854e-01	-2.315909564495086670e-01	-3.260398805141448975e-01
3.235783576965332031e-01	2.827559709548950195e-01	-2.919662296772003174e-01	-3.906069397926330566e-01	3.092429339885711670e-01	9.441512823104858398e-02	3.937193453311920166e-01	-2.387694269418716431e-01	4.337715506553649902e-01	2.698127329349517822e-01
-2.201088145375251770e-02	-4.862304031848907471e-01	-1.432086229324340820e-01	-1.953414231538772583e-01	2.122149169445037842e-01	-5.771878361701965332e-01	-2.880757153034210205e-01	4.831979796290397644e-02	4.551998972892761230e-01	-1.836253255605697632e-01
4.097834229469299316e-01	-7.831130921840667725e-02	-3.607141673564910889e-01	-9.431210905313491821e-02	-3.677061796188354492e-01	-1.955221146345138550e-01	2.709673345088958740e-01	9.243189543485641479e-02	-1.820167899131774902e-01	-6.311906576156616211e-01
1.510293334722518921e-01	-2.127464711666107178e-01	-1.593370288610458374e-01	-5.875211954116821289e-01	-4.013032913208007812e-01	-1.777200996875762939e-01	2.591868638992309570e-01	-1.931816637516021729e-01	3.913314342498779297e-01	3.333070874214172363e-01
