4.167334139347076416e-01	2.957106828689575195e-01	-5.676730871200561523e-01	2.238732427358627319e-01	1.817709654569625854e-01	-1.277719289064407349e-01	3.234241306781768799e-01	1.741161942481994629e-02	-4.532060623168945312e-01	-8.275343477725982666e-02
1.271412521600723267e-02	-1.599703431129455566e-01	2.582125067710876465e-01	4.973162412643432617e-01	1.728593558073043823e-01	5.561730265617370605e-01	-1.597527563571929932e-01	-3.814223110675811768e-01	3.259547054767608643e-01	2.092636972665786743e-01
1.619835942983627319e-01	-3.969326019287109375e-01	-6.767126172780990601e-02	-2.535204291343688965e-01	4.742259159684181213e-02	-2.886471152305603027e-01	-1.143631637096405029e-01	1.223121285438537598e-01	5.897412300109863281e-01	-5.347464084625244141e-01
1.743607521057128906e-01	-1.083148419857025146e-01	2.738739848136901855e-01	-4.395434856414794922e-01	-2.137014269828796387e-02	-1.308593004941940308e-01	4.769090712070465088e-01	-1.175979375839233398e-01	5.902433395385742188e-01	-2.870908677577972412e-01
5.563570857048034668e-01	2.060957811772823334e-02	1.644981205463409424e-01	-3.253951072692871094e-01	-8.486282080411911011e-02	3.744044303894042969e-01	1.495930105447769165e-01	-4.665756225585937500e-01	4.101696908473968506e-01	3.755094856023788452e-02
4.641284048557281494e-01	2.136544287204742432e-01	1.376967281103134155e-01	3.094937801361083984e-01	-4.749851822853088379e-01	1.554902195930480957e-01	4.220498204231262207e-01	-3.162914812564849854e-01	2.497813701629638672e-01	-1.839688122272491455e-01
3.762280941009521484e-02	-1.319940686225891113e-01	1.893283575773239136e-01	-1.344928424805402756e-02	3.024529516696929932e-01	-1.062655672430992126e-01	-3.541427850723266602e-01	-7.256603240966796875e-02	6.851925253868103027e-01	-4.921321570873260498e-01
-1.863910406827926636e-01	-2.684364914894104004e-01	-3.095139265060424805e-01	-5.288022756576538086e-01	3.535878658294677734e-01	1.934898495674133301e-01	5.143404006958007812e-01	2.691049277782440186e-01	1.205018982291221619e-01	-6.182822212576866150e-02
-4.458294510841369629e-01	5.262827500700950623e-03	-2.238034904003143311e-01	1.250274777412414551e-01	3.247631192207336426e-01	-4.015441611409187317e-02	-3.661161661148071289e-01	3.840796947479248047e-01	5.182855129241943359e-01	-2.796909511089324951e-01
2.932506203651428223e-01	-8.375684916973114014e-02	1.047592163085937500e-01	-2.720846235752105713e-01	-1.211473718285560608e-01	4.820808172225952148e-01	3.572377264499664307e-01	-3.832224011421203613e-01	2.451627254486083984e-01	4.902272820472717285e-01
-5.835586190223693848e-01	-2.040117979049682617e-01	1.108153816312551498e-02	1.617781221866607666e-01	-2.381404787302017212e-01	-4.552929699420928955e-01	-1.407021433115005493e-01	4.162822365760803223e-01	-1.367470920085906982e-01	3.402253389358520508e-01
4.336387217044830322e-01	2.401821464300155640e-01	9.247499704360961914e-02	-2.226464003324508667e-01	-3.969989418983459473e-01	4.585798084735870361e-01	3.216874599456787109e-01	-1.885945498943328857e-01	3.317319154739379883e-01	2.813301384449005127e-01
4.121908545494079590e-01	4.863102734088897705e-01	2.435249388217926025e-01	-1.740751788020133972e-02	-4.315461814403533936e-01	4.041336178779602051e-01	1.258811801671981812e-01	-1.150677427649497986e-01	2.435273230075836182e-01	3.099118173122406006e-01
5.118914842605590820e-01	1.040429100394248962e-01	1.973896771669387817e-01	-1.585805863142013550e-01	-2.305530458688735962e-01	4.675659835338592529e-01	1.144079864025115967e-02	-4.937308728694915771e-01	3.641251027584075928e-01	1.215356290340423584e-01
3.787054717540740967e-01	1.120246723294258118e-01	-2.010221928358078003e-01	-3.255451321601867676e-01	-1.869201064109802246e-01	1.141568794846534729e-01	-2.204534411430358887e-01	-6.779625266790390015e-02	7.711834311485290527e-01	4.186008125543594360e-02
-5.405754446983337402e-01	1.261529177427291870e-01	5.510815978050231934e-01	4.076073691248893738e-02	7.922387868165969849e-02	2.281020879745483398e-01	1.967213302850723267e-01	9.571893513202667236e-02	4.596680402755737305e-01	2.627700865268707275e-01
4.968194067478179932e-01	1.991647481918334961e-01	3.679126799106597900e-01	-2.772655189037322998e-01	-1.761800050735473633e-01	4.534190595149993896e-01	7.022168487310409546e-02	-2.720970213413238525e-01	4.027487933635711670e-01	-1.531833410263061523e-01
1.322480887174606323e-01	-4.353592395782470703e-01	-1.997083052992820740e-02	-4.588437974452972412e-01	4.018608927726745605e-01	1.139438599348068237e-01	-5.413270741701126099e-02	-5.497160553932189941e-01	1.717812418937683105e-01	2.700632512569427490e-01
-3.207583725452423096e-01	-2.431562356650829315e-02	1.249745488166809082e-01	-2.204807847738265991e-01	-6.233637332916259766e-01	3.834300488233566284e-02	2.553940713405609131e-01	-1.386373639106750488e-01	5.245369672775268555e-01	-2.874966859817504883e-01
5.015522837638854980e-01	-8.357004821300506592e-02	-3.823183178901672363e-01	1.919554769992828369e-01	3.460353612899780273e-01	1.305384039878845215e-01	2.664310932159423828e-01	3.188553452491760254e-01	4.086049795150756836e-01	2.864511311054229736e-01
-2.367648035287857056e-01	1.537361592054367065e-01	5.353928208351135254e-01	-3.169140517711639404e-01	-3.427353799343109131e-01	1.462272927165031433e-02	-1.190023347735404968e-01	-5.823503136634826660e-01	-1.567343771457672119e-01	-1.941321194171905518e-01
4.217423498630523682e-01	-7.497552037239074707e-02	-5.314734578132629395e-01	2.192644327878952026e-01	-2.427357733249664307e-01	-1.137712374329566956e-01	3.643322885036468506e-01	2.800370007753372192e-02	3.296491801738739014e-01	4.146272540092468262e-01
-5.621426701545715332e-01	-3.319112360477447510e-01	1.982169896364212036e-01	4.243437945842742920e-01	2.289258241653442383e-01	-4.488734155893325806e-02	-6.195683032274246216e-02	2.982925176620483398e-01	2.621615231037139893e-01	-3.721629083156585693e-01
-4.379789233207702637e-01	-3.864363431930541992e-01	-2.338969558477401733e-01	2.232581377029418945e-01	-4.182866960763931274e-02	-4.233552813529968262e-01	1.419017016887664795e-01	3.256030976772308350e-01	4.809311926364898682e-01	1.259427964687347412e-01
4.105229079723358154e-01	-4.009949266910552979e-01	2.044610306620597839e-02	-2.613778114318847656e-01	1.698576360940933228e-01	2.338268309831619263e-01	-4.761801660060882568e-01	-1.932807415723800659e-01	-3.135120570659637451e-01	3.949887752532958984e-01
-3.508924841880798340e-01	-2.858392298221588135e-01	-1.240037530660629272e-01	3.828399777412414551e-01	-3.725885152816772461e-01	-3.739754259586334229e-01	1.505194455385208130e-01	3.059728741645812988e-01	4.401207268238067627e-01	-2.111053913831710815e-01
2.088537961244583130e-01	-6.301139593124389648e-01	2.627320289611816406e-01	4.739840328693389893e-01	-1.190554257482290268e-02	-4.355887174606323242e-01	1.464057434350252151e-02	-5.687626823782920837e-02	2.241461724042892456e-01	-1.485846042633056641e-01
4.053018093109130859e-01	2.466121613979339600e-01	-4.610382914543151855e-01	-5.139623880386352539e-01	1.782604902982711792e-01	1.853879839181900024e-01	-3.377775549888610840e-01	2.377269323915243149e-03	1.699152737855911255e-01	2.984678447246551514e-01
-9.197724610567092896e-02	-1.981663256883621216e-01	-1.899174451828002930e-01	1.703147031366825104e-02	-4.402289986610412598e-01	-4.004264473915100098e-01	3.213476538658142090e-01	2.781876325607299805e-01	3.987460955977439880e-02	-6.160566806793212891e-01
4.581182897090911865e-01	-9.860959835350513458e-03	-1.057491302490234375e-01	5.276626348495483398e-02	3.299528062343597412e-01	2.072175219655036926e-02	2.729886174201965332e-01	-5.204798579216003418e-01	5.641992092132568359e-01	-5.497432500123977661e-02
-5.253152847290039062e-01	2.219458222389221191e-01	1.151986718177795410e-01	-2.692224383354187012e-01	-2.680175304412841797e-01	9.666386246681213379e-02	5.019410252571105957e-01	-9.979447722434997559e-02	1.047563087195158005e-02	-4.958241879940032959e-01
-2.655332386493682861e-01	2.413844317197799683e-01	9.662275016307830811e-02	3.096070587635040283e-01	-4.921220541000366211e-01	2.216969430446624756e-01	-4.037084281444549561e-01	1.070493012666702271e-01	4.294758737087249756e-01	3.403087258338928223e-01
1.074700504541397095e-01	-8.711212873458862305e-02	-7.264157384634017944e-02	-3.540783375501632690e-02	-6.180105805397033691e-01	8.164351433515548706e-02	5.251412391662597656e-01	1.459628045558929443e-01	-2.001587152481079102e-01	4.985843896865844727e-01
3.886191844940185547e-01	-5.990506410598754883e-01	2.035718560218811035e-01	-1.992702484130859375e-01	-3.386502265930175781e-01	-3.624923825263977051e-01	2.623950541019439697e-01	-1.543858051300048828e-01	2.427481859922409058e-02	2.638241648674011230e-01
3.550503775477409363e-02	-3.583341538906097412e-01	-3.397198393940925598e-02	4.005295634269714355e-01	-4.313087463378906250e-01	-7.796638458967208862e-02	3.929151296615600586e-01	3.300574142485857010e-03	4.675820171833038330e-01	-3.789799213409423828e-01
2.101511061191558838e-01	-4.369350969791412354e-01	-3.569559007883071899e-02	-4.702703952789306641e-01	3.991740942001342773e-01	1.882004141807556152e-01	-5.604059994220733643e-02	-5.229980945587158203e-01	1.963027417659759521e-01	1.803719401359558105e-01
2.825825214385986328e-01	3.403538763523101807e-01	2.684170305728912354e-01	4.164578020572662354e-02	-3.750378489494323730e-01	-1.715643890202045441e-02	4.399079680442810059e-01	1.591981351375579834e-01	4.855296909809112549e-01	-3.673885464668273926e-01
6.719548255205154419e-02	-1.108227074146270752e-01	-4.794093966484069824e-01	2.168377675116062164e-02	6.823876500129699707e-01	-1.109065040946006775e-01	-1.006485968828201294e-01	-3.184190392494201660e-01	4.041416049003601074e-01	-9.754384867846965790e-03
4.549441337585449219e-01	-1.803482770919799805e-01	-2.969060838222503662e-01	-3.637403249740600586e-01	1.850234121084213257e-01	4.081693291664123535e-01	-3.486509323120117188e-01	-1.330711990594863892e-01	2.152834236621856689e-01	3.919074237346649170e-01
-5.285665988922119141e-01	-6.197811365127563477e-01	6.103744357824325562e-02	-1.896622925996780396e-01	1.888197511434555054e-01	1.103766337037086487e-01	1.447806805372238159e-01	4.197086095809936523e-01	-7.535088807344436646e-02	2.148511856794357300e-01
5.685726404190063477e-01	7.263565063476562500e-02	-2.318166941404342651e-01	3.220283687114715576e-01	-4.840473234653472900e-01	1.342959236353635788e-02	-4.591335728764533997e-02	3.061442375183105469e-01	2.943462431430816650e-01	-3.115344643592834473e-01
5.088742375373840332e-01	1.930523365736007690e-01	2.447692155838012695e-01	-1.607001721858978271e-01	-8.835151046514511108e-02	3.634929358959197998e-01	3.845182955265045166e-01	-5.054165720939636230e-01	2.735001444816589355e-01	-2.388180466368794441e-03
2.270040214061737061e-01	-2.840100228786468506e-01	2.207882404327392578e-01	2.446784526109695435e-01	-3.261509239673614502e-01	-2.403801865875720978e-02	2.384140342473983765e-01	-3.728033900260925293e-01	6.754361987113952637e-01	-1.423029508441686630e-02
5.578276515007019043e-01	-2.072518318891525269e-01	1.534261368215084076e-02	6.387817114591598511e-02	-2.601535320281982422e-01	1.940834373235702515e-01	-6.414081454277038574e-01	-8.696103096008300781e-02	-1.617224365472793579e-01	3.018110692501068115e-01
6.174477338790893555e-01	2.392389178276062012e-01	-4.949238523840904236e-02	3.905448019504547119e-01	-8.937114477157592773e-02	1.411517113447189331e-01	2.535009682178497314e-01	-1.073208376765251160e-01	-2.822613418102264404e-01	-4.724249243736267090e-01
2.778953611850738525e-01	2.322448194026947021e-01	1.355989128351211548e-01	6.253842711448669434e-01	7.719627022743225098e-02	1.258742809295654297e-02	-3.492949903011322021e-01	-9.776277840137481689e-02	-2.669909000396728516e-01	-5.003775954246520996e-01
6.009304523468017578e-02	-4.181873053312301636e-02	-9.663967043161392212e-02	1.075940430164337158e-01	6.954393982887268066e-01	1.886459589004516602e-01	-1.825325489044189453e-01	-4.618205428123474121e-01	4.598383605480194092e-02	-4.536408185958862305e-01
4.753600060939788818e-01	6.294592469930648804e-02	-1.346564292907714844e-01	-4.094542860984802246e-01	4.545573890209197998e-01	-2.135421484708786011e-01	3.648044168949127197e-01	-2.381559908390045166e-01	3.757041320204734802e-02	-3.753008246421813965e-01
4.710611402988433838e-01	4.692643582820892334e-01	-5.257037002593278885e-03	3.332509100437164307e-01	-7.291704416275024414e-02	1.342756301164627075e-01	-9.652856737375259399e-02	-4.563013315200805664e-01	-4.481495618820190430e-01	-7.137911021709442139e-02
5.451976656913757324e-01	9.149828553199768066e-02	-4.423576593399047852e-02	4.041509628295898438e-01	-4.383894205093383789e-01	8.584744483232498169e-02	1.645250469446182251e-01	3.295038640499114990e-01	2.117358595132827759e-01	3.860884308815002441e-01
9.493517689406871796e-03	-2.169237285852432251e-01	-1.154152378439903259e-01	1.364410966634750366e-01	-4.953464269638061523e-01	6.668695807456970215e-02	3.739685714244842529e-01	3.406077995896339417e-02	-1.745536625385284424e-01	7.068381905555725098e-01
-7.825984805822372437e-02	-2.992650568485260010e-01	-4.315168783068656921e-02	-2.294419854879379272e-01	-8.912230283021926880e-02	2.358810156583786011e-01	-6.452329158782958984e-01	-2.304364442825317383e-01	3.375588059425354004e-01	4.503944218158721924e-01
3.988606035709381104e-01	6.341728568077087402e-02	-3.865996301174163818e-01	-3.446195647120475769e-02	-5.008630156517028809e-01	3.170470893383026123e-02	-3.731319308280944824e-02	-8.717411011457443237e-02	3.750275075435638428e-01	5.336060523986816406e-01
-1.634717285633087158e-01	3.918345272541046143e-01	1.506225168704986572e-01	-1.603332757949829102e-01	2.710213363170623779e-01	1.060652956366539001e-01	3.251160085201263428e-01	-1.432726439088582993e-02	5.938342809677124023e-01	-4.775999784469604492e-01
3.405198156833648682e-01	-1.781198382377624512e-01	1.633291365578770638e-03	-2.276401370763778687e-01	-4.674475789070129395e-01	1.219266653060913086e-01	1.327139437198638916e-01	-2.968227267265319824e-01	1.753332316875457764e-01	6.562508940696716309e-01
4.092240333557128906e-01	4.727756679058074951e-01	-4.190181195735931396e-02	1.722025312483310699e-02	-2.059053182601928711e-01	2.839433252811431885e-01	-1.645238101482391357e-01	-3.166279494762420654e-01	5.907571911811828613e-01	8.735108375549316406e-02
1.706993281841278076e-01	-3.901002705097198486e-01	-3.698148429393768311e-01	-5.009123682975769043e-01	-4.803585112094879150e-01	3.587005734443664551e-01	-6.858713924884796143e-03	-1.595623493194580078e-01	2.123718708753585815e-01	3.143278509378433228e-02
-2.658345699310302734e-01	-2.764387130737304688e-01	-4.189536869525909424e-01	3.225109577178955078e-01	1.204168945550918579e-01	1.581135094165802002e-01	3.635462820529937744e-01	-3.475989997386932373e-01	-3.494076728820800781e-01	-3.984986841678619385e-01
3.127822577953338623e-01	-1.102373450994491577e-01	-2.056182622909545898e-01	-2.319972813129425049e-01	2.830361425876617432e-01	-2.265122830867767334e-01	-1.413212567567825317e-01	-5.584340691566467285e-01	4.797605276107788086e-01	3.170263171195983887e-01
6.750524640083312988e-01	4.600435867905616760e-02	8.422498404979705811e-02	1.713176965713500977e-01	-7.889445126056671143e-02	1.594572663307189941e-01	1.748512983322143555e-01	-6.378645300865173340e-01	1.367215365171432495e-01	1.340007483959197998e-01
6.757957339286804199e-01	-1.195487678050994873e-01	1.056474521756172180e-01	4.089665114879608154e-01	7.228188216686248779e-02	-8.623664826154708862e-02	-6.247671693563461304e-02	-2.855880260467529297e-01	-1.375385820865631104e-01	-4.832709431648254395e-01
-3.877903521060943604e-01	1.249307319521903992e-01	3.437602221965789795e-01	3.663051128387451172e-01	2.871949374675750732e-01	-3.355803489685058594e-01	4.017056226730346680e-01	2.548367977142333984e-01	2.383231073617935181e-01	-3.216488957405090332e-01
-2.684885635972023010e-02	1.175587028264999390e-01	-5.392895936965942383e-01	9.023775160312652588e-02	-4.548834264278411865e-01	-2.991724908351898193e-01	4.419171810150146484e-01	3.979525864124298096e-01	-1.101419776678085327e-01	1.557929664850234985e-01
4.997966885566711426e-01	2.982136905193328857e-01	2.413845062255859375e-01	-5.824930220842361450e-02	-2.433518320322036743e-01	3.566403985023498535e-01	4.023206532001495361e-01	-2.834126055240631104e-01	4.048986434936523438e-01	-8.409761637449264526e-02
-1.525634378194808960e-01	-5.107976794242858887e-01	1.579505503177642822e-01	4.738143682479858398e-01	-5.008637309074401855e-01	-2.397966980934143066e-01	2.812829315662384033e-01	-2.795355021953582764e-01	1.533040776848793030e-02	-2.235148474574089050e-02
4.674927294254302979e-01	7.391750812530517578e-02	3.439302444458007812e-01	-2.763316333293914795e-01	-2.070949077606201172e-01	3.298375308513641357e-01	2.662252783775329590e-01	-5.493001341819763184e-01	1.942591518163681030e-01	1.389785110950469971e-01
5.993313789367675781e-01	-3.194574117660522461e-01	6.939040869474411011e-02	-1.481909155845642090e-01	-3.641633093357086182e-01	-2.008570358157157898e-02	2.622661590576171875e-01	-5.265029072761535645e-01	1.582095921039581299e-01	8.908214420080184937e-02
2.666444182395935059e-01	-5.227631330490112305e-01	-2.496630549430847168e-01	2.417508065700531006e-01	-5.217630863189697266e-01	-3.581205606460571289e-01	1.178272888064384460e-01	5.142068862915039062e-02	5.292449891567230225e-02	3.391591310501098633e-01
-4.239616990089416504e-01	3.013803362846374512e-01	-2.742742598056793213e-01	-1.415064334869384766e-01	-1.777384430170059204e-01	4.740092158317565918e-01	-6.500940769910812378e-02	-9.927745908498764038e-02	1.388548612594604492e-01	5.869729518890380859e-01
7.039654254913330078e-01	9.762261062860488892e-02	2.951533496379852295e-01	-2.562159597873687744e-01	-1.043823957443237305e-01	4.374338090419769287e-01	2.008274793624877930e-01	-2.003207504749298096e-01	2.364467084407806396e-01	-5.940723419189453125e-02
-3.545442223548889160e-01	-8.540935814380645752e-02	-2.180795222520828247e-01	-2.870479226112365723e-01	3.345065191388130188e-02	2.538772225379943848e-01	4.012640416622161865e-01	-2.913777828216552734e-01	2.468545176088809967e-02	6.518840789794921875e-01
-4.936857223510742188e-01	2.039592415094375610e-01	1.921593993902206421e-01	-1.390669494867324829e-01	3.350287377834320068e-01	8.539263159036636353e-02	4.616003632545471191e-01	4.918385744094848633e-01	-2.775837182998657227e-01	8.271155506372451782e-02
6.386081576347351074e-01	1.769665479660034180e-01	3.293792009353637695e-01	-1.525823771953582764e-01	-4.149742424488067627e-02	2.878641486167907715e-01	2.257616221904754639e-01	-3.009921908378601074e-01	4.325312077999114990e-01	-1.259157955646514893e-01
4.422283172607421875e-01	9.838340431451797485e-02	2.987220883369445801e-01	-3.421468138694763184e-01	-6.942038238048553467e-02	4.993323981761932373e-01	1.413759291172027588e-01	-3.895380198955535889e-01	3.717587292194366455e-01	1.561150997877120972e-01
2.660025656223297119e-01	2.667434513568878174e-01	4.325858950614929199e-01	-1.406965553760528564e-01	2.815654277801513672e-01	-4.847510457038879395e-01	-2.631838619709014893e-01	-3.399026393890380859e-01	3.775045573711395264e-01	-9.794104099273681641e-02
-1.441153436899185181e-01	-1.684256643056869507e-01	2.078799754381179810e-01	-6.093363165855407715e-01	-2.782443165779113770e-01	-1.308543831110000610e-01	-2.937188558280467987e-02	4.785389006137847900e-01	-3.508113026618957520e-01	2.981363534927368164e-01
-1.669522076845169067e-01	2.847682833671569824e-01	1.928507685661315918e-01	-4.440005719661712646e-01	3.311231732368469238e-01	-4.845744371414184570e-01	-4.031358659267425537e-02	2.811120152473449707e-01	4.340596795082092285e-01	2.078318893909454346e-01
3.828972578048706055e-01	5.720121860504150391e-01	9.790954738855361938e-02	2.173033207654953003e-01	2.257531136274337769e-01	4.877716898918151855e-01	1.819304227828979492e-01	-3.136565387248992920e-01	1.667320132255554199e-01	-1.456729173660278320e-01
-1.831916868686676025e-01	2.220233231782913208e-01	2.089193463325500488e-01	4.633201658725738525e-01	-4.027257561683654785e-01	2.294016331434249878e-01	-4.487661123275756836e-01	-3.218709826469421387e-01	-7.352039217948913574e-02	3.655450940132141113e-01
5.749698281288146973e-01	1.902457177639007568e-01	1.886451691389083862e-01	-1.782004684209823608e-01	-8.309476822614669800e-02	3.737410902976989746e-01	2.811333537101745605e-01	-4.275510013103485107e-01	3.930357098579406738e-01	5.453221872448921204e-02
2.387188524007797241e-01	2.991803884506225586e-01	-1.783211380243301392e-01	2.817459702491760254e-01	1.396118998527526855e-01	3.002524375915527344e-01	-3.270053267478942871e-01	-1.947270482778549194e-01	-6.982600688934326172e-01	-1.624677516520023346e-02
-1.591431945562362671e-01	5.465242862701416016e-01	-2.689481079578399658e-01	4.251938462257385254e-01	1.902762502431869507e-01	1.717037558555603027e-01	-4.475908875465393066e-01	-1.656406372785568237e-01	-3.566370904445648193e-01	4.701077565550804138e-02
6.549447774887084961e-01	-9.396953880786895752e-02	1.071157902479171753e-01	-2.052192091941833496e-01	-2.107407003641128540e-01	2.630436718463897705e-01	2.315468341112136841e-01	-5.440471768379211426e-01	2.014985382556915283e-01	-6.943941861391067505e-02
-3.796481341123580933e-02	2.616858184337615967e-01	-3.314682841300964355e-01	6.318619102239608765e-02	-4.625889062881469727e-01	1.721728891134262085e-01	-4.499171376228332520e-01	2.506567239761352539e-01	1.937282383441925049e-01	-5.194215774536132812e-01
-4.509634673595428467e-01	1.510580778121948242e-01	-3.947758972644805908e-01	1.693208366632461548e-01	5.239771604537963867e-01	-4.076484739780426025e-01	-9.522029012441635132e-02	-1.212558895349502563e-01	2.755114138126373291e-01	-2.211112231016159058e-01
2.749269083142280579e-02	6.010949146002531052e-03	-2.577934563159942627e-01	4.253292083740234375e-01	-3.144159018993377686e-01	-3.359320163726806641e-01	-4.454964995384216309e-01	-6.511654704809188843e-02	-3.460801541805267334e-01	4.665397405624389648e-01
-4.294666349887847900e-01	1.559977829456329346e-01	-5.692846179008483887e-01	2.270864844322204590e-01	-5.515836477279663086e-01	2.427776344120502472e-02	1.087534241378307343e-03	3.002273738384246826e-01	-1.343507617712020874e-01	-5.047751963138580322e-02
-2.624922990798950195e-01	1.168291419744491577e-01	-6.155486702919006348e-01	-1.188702657818794250e-01	-3.270798549056053162e-02	-1.278696060180664062e-01	-5.645468235015869141e-01	-1.673308014869689941e-01	2.957291901111602783e-01	2.698694765567779541e-01
-2.132420092821121216e-01	4.147669374942779541e-01	2.021238580346107483e-02	1.934716999530792236e-01	-2.422234863042831421e-01	3.783354163169860840e-01	-3.935978114604949951e-01	3.723887801170349121e-01	-4.511582553386688232e-01	2.137988954782485962e-01
-1.044239774346351624e-01	5.014087557792663574e-01	-1.470926254987716675e-01	9.376777708530426025e-02	-7.635750621557235718e-02	5.861264467239379883e-01	-1.377939283847808838e-01	-1.990129202604293823e-01	-3.735444694757461548e-02	5.457957983016967773e-01
-3.948023021221160889e-01	-7.191839814186096191e-02	-2.750275135040283203e-01	-1.859747171401977539e-01	-1.308578103780746460e-01	4.243578314781188965e-01	1.534728258848190308e-01	-1.809890866279602051e-01	9.981274604797363281e-03	6.892882585525512695e-01
-3.674862980842590332e-01	1.133156120777130127e-01	-4.384265840053558350e-01	2.004723250865936279e-01	-7.481154799461364746e-02	4.080462157726287842e-01	3.486668169498443604e-01	-3.694243431091308594e-01	-3.872901201248168945e-01	-1.989253610372543335e-01
-3.092170059680938721e-01	-5.015061423182487488e-02	3.045936226844787598e-01	-1.167486757040023804e-01	-6.340263485908508301e-01	4.991485178470611572e-01	1.290718317031860352e-01	-1.174521222710609436e-01	3.307203054428100586e-01	-6.702981144189834595e-02
5.521047115325927734e-01	6.699340045452117920e-02	9.838142991065979004e-02	-2.742519378662109375e-01	-2.247564792633056641e-01	3.977486193180084229e-01	-1.173502765595912933e-02	-4.453596770763397217e-01	4.455461800098419189e-01	9.240353479981422424e-03
2.860343754291534424e-01	5.017587542533874512e-01	-1.621154397726058960e-01	-2.369882017374038696e-01	-2.784248590469360352e-01	1.625457704067230225e-01	9.471929818391799927e-02	2.785340184345841408e-03	-3.084375262260437012e-01	6.131254434585571289e-01
2.641923427581787109e-01	1.121003553271293640e-01	3.045611977577209473e-01	-1.825805455446243286e-01	-4.023989737033843994e-01	2.071613967418670654e-01	9.180860221385955811e-02	-2.671669423580169678e-01	7.040089964866638184e-01	-1.061427742242813110e-01
4.349643886089324951e-01	-1.598828732967376709e-01	1.065958440303802490e-01	-1.407895386219024658e-01	3.308201730251312256e-01	-4.458299577236175537e-01	-4.973386526107788086e-01	-2.631860375404357910e-01	3.572723269462585449e-01	-3.995723649859428406e-02
-4.234027862548828125e-01	-4.742957949638366699e-01	1.981398314237594604e-01	-3.021980822086334229e-01	-1.254970114678144455e-02	-8.184449374675750732e-02	4.494883716106414795e-01	-2.363403886556625366e-02	-4.963191747665405273e-01	9.697052836418151855e-02
1.644715964794158936e-01	-3.062199652194976807e-01	1.756863445043563843e-01	1.888285279273986816e-01	-5.863167047500610352e-01	1.371909631416201591e-03	-5.523583889007568359e-01	2.178598195314407349e-01	-1.008294150233268738e-01	-3.258193135261535645e-01
4.505431056022644043e-01	-1.706218123435974121e-01	3.954519629478454590e-01	-1.747633069753646851e-01	1.359980702400207520e-01	3.076953813433647156e-02	4.275387525558471680e-01	-1.076282262802124023e-01	-3.748525679111480713e-01	4.760720729827880859e-01
-1.390392631292343140e-01	4.666496217250823975e-01	8.183273673057556152e-02	-4.194823205471038818e-01	3.739620745182037354e-01	2.180922478437423706e-01	1.833013445138931274e-01	-4.295599460601806641e-01	-3.729258179664611816e-01	-1.887790560722351074e-01
-4.987616837024688721e-01	5.395420193672180176e-01	-3.284003436565399170e-01	-2.059894502162933350e-01	1.843339204788208008e-01	2.688049972057342529e-01	3.252327442169189453e-02	3.696458041667938232e-01	-2.848754404112696648e-03	-2.567363381385803223e-01
-1.487902253866195679e-01	-5.307233333587646484e-01	-3.517844676971435547e-01	-2.590226754546165466e-02	2.469845116138458252e-01	-1.911378800868988037e-01	-2.468066960573196411e-01	-1.988241076469421387e-01	-6.014095544815063477e-01	1.099905073642730713e-01
-7.945054769515991211e-02	3.099719882011413574e-01	-2.496609240770339966e-01	4.761245548725128174e-01	-9.200270473957061768e-02	4.343486130237579346e-01	1.689164042472839355e-01	-2.190511375665664673e-01	-4.073655009269714355e-01	4.110886156558990479e-01
-4.023981094360351562e-01	-1.165390014648437500e-01	-1.753288060426712036e-01	-2.045999020338058472e-01	3.801485300064086914e-01	-5.032464265823364258e-01	-1.255397051572799683e-01	2.594723701477050781e-01	4.497270286083221436e-01	2.622649371623992920e-01
-3.733069598674774170e-01	-4.448734521865844727e-01	-2.848423719406127930e-01	3.714651167392730713e-01	4.339029490947723389e-01	3.558346629142761230e-01	-2.799122631549835205e-01	-1.454329937696456909e-01	-7.783946348354220390e-04	1.709258854389190674e-01
4.970081746578216553e-01	4.249941706657409668e-01	-1.737377494573593140e-01	1.741147190332412720e-01	-1.529405415058135986e-01	5.571482777595520020e-01	-1.357117593288421631e-01	-3.402588963508605957e-01	4.881529882550239563e-02	2.036668807268142700e-01
6.909360643476247787e-03	5.242784619331359863e-01	-1.274170130491256714e-01	7.935393601655960083e-02	5.206029489636421204e-02	6.818352341651916504e-01	-9.815219044685363770e-02	-2.438450753688812256e-01	-1.662619598209857941e-02	4.069051444530487061e-01
-4.296697378158569336e-01	1.733261644840240479e-01	-2.342387735843658447e-01	2.674804031848907471e-01	3.556512892246246338e-01	-2.233309298753738403e-01	-1.724627614021301270e-01	3.379715234041213989e-02	-5.970120429992675781e-01	-3.086340129375457764e-01
1.351562738418579102e-01	-4.934961497783660889e-01	-4.169643521308898926e-01	1.440355032682418823e-01	-2.434562146663665771e-01	-4.334767162799835205e-01	4.053736925125122070e-01	-3.131499141454696655e-02	-1.652114242315292358e-01	3.221996128559112549e-01
5.557773709297180176e-01	4.612885415554046631e-02	9.746554493904113770e-02	-3.385841250419616699e-01	-2.574945092201232910e-01	3.269356489181518555e-01	2.629177272319793701e-01	-3.716742396354675293e-01	4.230592846870422363e-01	7.353680580854415894e-02
-4.421826452016830444e-02	-2.182979732751846313e-01	-5.971150994300842285e-01	-1.013610586524009705e-01	-6.057486534118652344e-01	2.990992665290832520e-01	-2.862948775291442871e-01	1.081616133451461792e-01	-1.198305934667587280e-01	1.384033560752868652e-01
-1.863407492637634277e-01	1.096585914492607117e-01	2.546940743923187256e-01	3.600538149476051331e-02	-9.516465477645397186e-03	1.224978417158126831e-01	2.472487986087799072e-01	6.572928745299577713e-03	7.315880656242370605e-01	5.249705910682678223e-01
-1.814691573381423950e-01	-2.382408082485198975e-01	4.120121002197265625e-01	-7.159463316202163696e-02	-4.477589428424835205e-01	-2.873815894126892090e-01	-3.407644331455230713e-01	-4.116917550563812256e-01	-1.544508934020996094e-01	3.780061304569244385e-01
-3.505793511867523193e-01	1.321853399276733398e-01	1.339335590600967407e-01	-2.593716382980346680e-01	4.445257782936096191e-01	3.769132494926452637e-01	-2.334893196821212769e-01	-3.233340680599212646e-01	5.244849920272827148e-01	2.440623007714748383e-02
3.825306296348571777e-01	-1.076658517122268677e-01	3.553122878074645996e-01	2.692333757877349854e-01	4.339161887764930725e-02	6.995124369859695435e-02	4.119691550731658936e-01	4.181300401687622070e-01	-3.119058310985565186e-01	-4.412849843502044678e-01
-5.829346552491188049e-02	-4.246498346328735352e-01	4.989575743675231934e-01	3.613302111625671387e-01	3.214952349662780762e-02	6.137933135032653809e-01	2.180468142032623291e-01	5.158326029777526855e-02	9.140238910913467407e-02	2.050819247961044312e-02
-2.389126718044281006e-01	3.696742951869964600e-01	-3.291622400283813477e-01	6.840760707855224609e-01	-3.540829718112945557e-01	-1.314339693635702133e-02	1.661877632141113281e-01	1.129151061177253723e-01	-4.059030115604400635e-02	-2.497809976339340210e-01
1.847079396247863770e-01	-3.878595829010009766e-01	4.499429166316986084e-01	-2.125818878412246704e-01	1.420896053314208984e-01	-2.202815562486648560e-01	-1.499702483415603638e-01	-5.203555822372436523e-01	-2.097052931785583496e-01	-4.023150503635406494e-01
-1.781397163867950439e-01	-1.641418039798736572e-01	3.584035933017730713e-01	4.294459521770477295e-01	-8.866555057466030121e-03	3.174474239349365234e-01	-4.604494571685791016e-01	-1.143930703401565552e-01	-3.541597127914428711e-01	-4.207927882671356201e-01
7.395286113023757935e-02	-1.800083518028259277e-01	-2.831019759178161621e-01	-1.586578935384750366e-01	5.415331199765205383e-02	4.886268377304077148e-01	-3.820092976093292236e-01	-5.132779479026794434e-01	-2.869786322116851807e-01	3.512519598007202148e-01
4.455931186676025391e-01	-7.397842407226562500e-02	5.454047769308090210e-02	3.155801072716712952e-02	-3.149501979351043701e-02	4.027234613895416260e-01	-2.950989007949829102e-01	-4.460685849189758301e-01	-3.453640043735504150e-01	4.727454781532287598e-01
3.379901945590972900e-01	-4.913810491561889648e-01	-2.688740789890289307e-01	4.212984740734100342e-01	3.763174116611480713e-01	1.641860753297805786e-01	6.676223129034042358e-02	2.036165595054626465e-01	-2.265279144048690796e-01	-3.587727248668670654e-01
-2.122439444065093994e-01	6.984434127807617188e-01	-2.057598680257797241e-01	3.996975421905517578e-01	2.510245442390441895e-01	4.868589714169502258e-02	2.606465108692646027e-02	4.373258352279663086e-01	9.837465360760688782e-03	-8.729492127895355225e-02
2.116591930389404297e-01	-1.793788373470306396e-01	4.009361565113067627e-01	2.068894952535629272e-01	4.826481044292449951e-01	-5.298048853874206543e-01	-3.291891515254974365e-01	-2.806133925914764404e-01	9.474873542785644531e-02	9.869874268770217896e-02
3.583413660526275635e-01	2.687328457832336426e-01	1.893220692873001099e-01	-2.680537402629852295e-01	-9.387978911399841309e-02	3.463847041130065918e-01	2.912437915802001953e-01	-3.707018792629241943e-01	5.819761157035827637e-01	-4.408509656786918640e-02
2.459480911493301392e-01	-3.757266327738761902e-02	1.698518693447113037e-01	2.930453717708587646e-01	3.719757497310638428e-01	-4.495804309844970703e-01	-3.655315041542053223e-01	-3.231143057346343994e-01	-2.327388375997543335e-01	-4.366926848888397217e-01
-2.671093642711639404e-01	1.144692599773406982e-01	-1.503102630376815796e-01	-3.539282381534576416e-01	-1.299045234918594360e-01	-2.504840493202209473e-01	1.507861167192459106e-01	-4.495064318180084229e-01	4.675648510456085205e-01	4.946352243423461914e-01
2.645449638366699219e-01	-4.659605026245117188e-01	5.889911670237779617e-03	3.393471613526344299e-02	-2.675405740737915039e-01	-2.876049280166625977e-01	3.151314258575439453e-01	2.632555663585662842e-01	-1.512730568647384644e-01	-6.049141883850097656e-01
-1.724876314401626587e-01	-3.967897966504096985e-02	-1.479582935571670532e-01	-3.178119063377380371e-01	-4.933278560638427734e-01	-5.047599077224731445e-01	-1.773964613676071167e-01	4.863813817501068115e-01	-1.947913318872451782e-01	2.040660679340362549e-01
3.974386155605316162e-01	-4.403107464313507080e-01	-2.071926295757293701e-01	-2.821204066276550293e-01	-3.289677500724792480e-01	-3.341403603553771973e-01	4.292131066322326660e-01	1.720455437898635864e-01	-1.732802540063858032e-01	2.488553225994110107e-01
4.617002010345458984e-01	1.988760232925415039e-01	4.727033674716949463e-01	1.578919440507888794e-01	5.244526863098144531e-01	3.319489210844039917e-02	2.144743651151657104e-01	1.151566132903099060e-01	2.240274399518966675e-01	-3.366035819053649902e-01
-2.873407900333404541e-01	-2.978199422359466553e-01	-3.874131739139556885e-01	-1.823032498359680176e-01	-1.640988141298294067e-01	1.492567360401153564e-01	5.097751021385192871e-01	4.840817153453826904e-01	-3.193683326244354248e-01	-2.648578723892569542e-03
-1.946400403976440430e-01	2.153876610100269318e-02	2.797161936759948730e-01	3.729934394359588623e-01	-3.789152204990386963e-01	4.885712563991546631e-01	5.250396132469177246e-01	6.163459271192550659e-02	-2.285113781690597534e-01	-1.741396933794021606e-01
4.539673328399658203e-01	3.841844573616981506e-02	1.037675067782402039e-01	-3.855683803558349609e-01	3.936959505081176758e-01	1.873066872358322144e-01	3.378918766975402832e-02	3.072874546051025391e-01	3.984917998313903809e-01	-4.342393875122070312e-01
1.890251040458679199e-02	-1.193350255489349365e-01	-5.571178793907165527e-01	7.275637984275817871e-02	2.537008225917816162e-01	-5.679143071174621582e-01	-1.752882599830627441e-01	-2.148996293544769287e-01	-7.714647054672241211e-02	4.471889734268188477e-01
2.815110981464385986e-01	1.212947890162467957e-01	-9.522692114114761353e-02	1.551687270402908325e-01	-1.852574795484542847e-01	-1.957339793443679810e-01	8.249488472938537598e-01	-2.641769945621490479e-01	-1.883721500635147095e-01	-1.201967000961303711e-01
3.705101609230041504e-01	5.363918542861938477e-01	-3.461018800735473633e-01	-3.392206430435180664e-01	-1.687285117805004120e-02	-3.918805718421936035e-01	1.363347321748733521e-01	-3.744504451751708984e-01	-1.617757976055145264e-01	-3.635924309492111206e-02
-1.719406843185424805e-01	-2.665327787399291992e-01	-3.154426813125610352e-01	-3.960691392421722412e-01	8.184195030480623245e-04	2.401181757450103760e-01	-2.838520407676696777e-01	4.537389576435089111e-01	4.219548106193542480e-01	-3.476599454879760742e-01
-2.220177352428436279e-01	2.139286138117313385e-02	-5.867764949798583984e-01	-1.097396686673164368e-01	-4.909709095954895020e-01	-1.668537706136703491e-01	-3.864825963973999023e-01	-1.320182830095291138e-01	-3.940185010433197021e-01	5.440687388181686401e-02
-2.887166440486907959e-01	3.438706994056701660e-01	-4.265723228454589844e-01	-3.256964311003684998e-02	-3.015980422496795654e-01	4.001938700675964355e-01	-5.067651271820068359e-01	2.835915386676788330e-01	-7.565359771251678467e-02	1.459315866231918335e-01
-6.015613675117492676e-01	2.345271408557891846e-01	2.346181720495223999e-01	-5.310476943850517273e-02	3.974668979644775391e-01	-3.991469144821166992e-01	4.100066795945167542e-02	9.757816791534423828e-02	8.210287429392337799e-03	-4.434938728809356689e-01
-5.082845091819763184e-01	7.602591812610626221e-02	-2.394569367170333862e-01	-1.272566616535186768e-01	1.487059891223907471e-02	-1.527965068817138672e-01	4.877121448516845703e-01	2.752462625503540039e-01	-4.324810504913330078e-01	-3.716201484203338623e-01
4.873218238353729248e-01	-2.238249629735946655e-01	-2.315932661294937134e-01	-2.148633301258087158e-01	2.516766786575317383e-01	2.331532835960388184e-01	-2.708675265312194824e-01	3.086636364459991455e-01	-3.537358343601226807e-01	4.484919011592864990e-01
3.996534347534179688e-01	2.756964862346649170e-01	-2.601139433681964874e-02	5.133730769157409668e-01	-1.138026081025600433e-02	2.049704194068908691e-01	-5.689399242401123047e-01	-1.548091769218444824e-01	-2.035426646471023560e-01	-2.623157501220703125e-01
4.590861797332763672e-01	1.284451484680175781e-01	2.424957305192947388e-01	-1.822878867387771606e-01	-1.874818950891494751e-01	3.252548873424530029e-01	3.103239536285400391e-01	-4.830599427223205566e-01	4.409657120704650879e-01	1.251792013645172119e-01
-1.692171692848205566e-01	-1.734807938337326050e-01	-2.201923727989196777e-01	5.114612728357315063e-02	-4.059731960296630859e-01	5.515285134315490723e-01	1.217710673809051514e-01	2.242093980312347412e-01	-4.195262193679809570e-01	-4.243477880954742432e-01
6.674901843070983887e-01	-7.777309417724609375e-02	1.208538282662630081e-02	1.447991579771041870e-01	-4.140801131725311279e-01	3.262383118271827698e-02	-5.351186394691467285e-01	-6.103924289345741272e-02	-1.620242744684219360e-01	1.960589736700057983e-01
7.440271228551864624e-02	7.332563400268554688e-02	-2.288463711738586426e-01	5.350704193115234375e-01	-1.883818805217742920e-01	2.779492139816284180e-01	-3.624894320964813232e-01	1.631438583135604858e-01	-1.634915769100189209e-01	-5.940783619880676270e-01
3.128888905048370361e-01	2.617336511611938477e-01	-3.789426386356353760e-01	-2.162212505936622620e-02	4.251846671104431152e-01	-3.833182752132415771e-01	-2.418473064899444580e-01	3.161035850644111633e-02	2.521099746227264404e-01	-4.886382520198822021e-01
-7.473289500921964645e-03	-1.040619835257530212e-01	-7.184403948485851288e-03	-5.039902925491333008e-01	-4.824266135692596436e-01	1.129245311021804810e-01	4.401576519012451172e-02	3.664308786392211914e-01	2.883006334304809570e-01	-5.198495984077453613e-01
4.973739981651306152e-01	5.821219459176063538e-02	-9.940675646066665649e-02	2.045847773551940918e-01	-1.659247279167175293e-01	-1.238293871283531189e-01	4.191619455814361572e-01	-3.412688672542572021e-01	4.269510805606842041e-01	-4.244767129421234131e-01
6.820197403430938721e-02	2.668346464633941650e-01	-5.074738860130310059e-01	-1.558269411325454712e-01	-2.252803444862365723e-01	2.894612252712249756e-01	-3.432644307613372803e-01	5.471668243408203125e-01	2.642498612403869629e-01	1.440383642911911011e-01
4.252955317497253418e-01	1.943693161010742188e-01	-2.467889934778213501e-01	-3.720709979534149170e-01	4.047782719135284424e-01	1.301001161336898804e-01	8.930816501379013062e-02	4.210280776023864746e-01	4.354188144207000732e-01	-1.624841392040252686e-01
2.343948930501937866e-01	5.704435333609580994e-02	1.443475782871246338e-01	-2.031767070293426514e-01	-8.668445795774459839e-02	4.806694090366363525e-01	6.397795677185058594e-01	-2.683540582656860352e-01	3.684819340705871582e-01	1.549837291240692139e-01
-4.858292639255523682e-01	1.786820441484451294e-01	-1.978653222322463989e-01	-1.727765500545501709e-01	4.816612601280212402e-01	5.166711211204528809e-01	-1.323695629835128784e-01	1.999972313642501831e-01	3.132552802562713623e-01	9.189271926879882812e-02
5.299430489540100098e-01	3.749341890215873718e-02	2.515397965908050537e-01	-3.240239322185516357e-01	-2.195846587419509888e-01	1.894400566816329956e-01	4.631202220916748047e-01	-4.632528722286224365e-01	1.799671053886413574e-01	-6.256280839443206787e-02
4.364788234233856201e-01	2.507431507110595703e-01	1.899408400058746338e-01	4.489230811595916748e-01	-1.389600187540054321e-01	-7.676020264625549316e-02	-3.159351050853729248e-01	4.189317226409912109e-01	-2.756907045841217041e-01	3.639758527278900146e-01
-2.458847016096115112e-01	-2.461367845535278320e-02	-5.560389161109924316e-01	9.098690003156661987e-03	-5.023670792579650879e-01	-2.803399860858917236e-01	2.410146743059158325e-01	3.556896746158599854e-01	6.780084967613220215e-02	-3.309220373630523682e-01
5.023639798164367676e-01	7.603224366903305054e-02	1.025771647691726685e-01	-1.774583905935287476e-01	-4.615290462970733643e-01	-4.519909620285034180e-02	2.828607559204101562e-01	-2.867383658885955811e-01	5.161151289939880371e-01	2.370237261056900024e-01
2.472131401300430298e-01	-6.925597321242094040e-03	2.234720736742019653e-01	8.854350447654724121e-02	-5.349139571189880371e-01	-1.669573932886123657e-01	-2.543895840644836426e-01	2.957456111907958984e-01	6.386521458625793457e-01	-8.363105356693267822e-02
1.350994110107421875e-01	4.030986875295639038e-02	-4.715097546577453613e-01	1.152496784925460815e-01	-1.761762648820877075e-01	-2.915605604648590088e-01	3.842227458953857422e-01	5.549840331077575684e-01	-1.657508313655853271e-01	3.812686800956726074e-01
1.727350503206253052e-01	-4.027317166328430176e-01	-1.477385908365249634e-01	-1.437518447637557983e-01	-5.154215544462203979e-02	-4.628598988056182861e-01	-3.416728675365447998e-01	2.355529069900512695e-01	-3.692528605461120605e-01	4.899076819419860840e-01
-1.628969907760620117e-01	2.248491793870925903e-01	1.164047122001647949e-01	-6.340550184249877930e-01	-2.832967936992645264e-01	1.582616940140724182e-02	6.614395231008529663e-02	1.321732699871063232e-01	5.786440968513488770e-01	2.648591101169586182e-01
-1.683842241764068604e-01	-3.365857601165771484e-01	3.976870477199554443e-01	2.308280467987060547e-01	-4.905511736869812012e-01	2.261279374361038208e-01	1.950346529483795166e-01	4.057322144508361816e-01	-2.619563601911067963e-02	3.896184563636779785e-01
4.969299733638763428e-01	-3.607775568962097168e-01	-3.323989808559417725e-01	-7.584308087825775146e-02	1.115695461630821228e-01	-7.563458383083343506e-02	1.736077666282653809e-01	-5.275771021842956543e-01	2.588295638561248779e-01	-3.361853361129760742e-01
1.754186898469924927e-01	-3.375617861747741699e-01	2.388319969177246094e-01	9.204989671707153320e-02	-4.090248346328735352e-01	-7.133471965789794922e-02	-6.371412873268127441e-01	-5.884443875402212143e-03	9.795258520171046257e-04	4.597736299037933350e-01
5.386490821838378906e-01	1.035437956452369690e-01	3.638882637023925781e-01	-3.277869224548339844e-01	-2.492798119783401489e-01	2.958712875843048096e-01	2.062666267156600952e-01	-3.406739830970764160e-01	3.880300223827362061e-01	-2.060964889824390411e-02
3.590680062770843506e-01	-4.279677569866180420e-01	-3.824910223484039307e-01	3.257853984832763672e-01	6.340248137712478638e-02	-3.780531287193298340e-01	-4.004610180854797363e-01	1.244629248976707458e-01	-1.213875561952590942e-01	-3.129523694515228271e-01
4.726300835609436035e-01	1.593749523162841797e-01	2.688660621643066406e-01	-1.288286894559860229e-01	2.000441402196884155e-02	4.468367099761962891e-01	4.549222588539123535e-01	-3.842610418796539307e-01	3.275708556175231934e-01	1.891670003533363342e-02
4.474268853664398193e-01	-3.343979716300964355e-01	-4.118036329746246338e-01	-2.834769785404205322e-01	-1.332387514412403107e-02	-3.293170779943466187e-02	2.412293851375579834e-01	5.020667314529418945e-01	1.278122961521148682e-01	-3.319413959980010986e-01
-3.732672333717346191e-01	-5.815070867538452148e-01	2.678251266479492188e-01	5.830461159348487854e-02	6.698486953973770142e-02	-3.028229176998138428e-01	4.320104420185089111e-01	-1.832834631204605103e-02	-4.016384184360504150e-01	5.403961613774299622e-02
-2.801797688007354736e-01	1.755412220954895020e-01	-1.570801287889480591e-01	-1.560057997703552246e-01	4.454565048217773438e-01	2.816296219825744629e-01	5.826146006584167480e-01	-2.764734923839569092e-01	1.914490461349487305e-01	-3.337599337100982666e-01
2.275945991277694702e-01	4.348695576190948486e-01	2.358167767524719238e-01	5.994806997478008270e-03	2.928635478019714355e-01	5.015203952789306641e-01	-4.074226021766662598e-01	-6.275309622287750244e-02	4.356538057327270508e-01	-8.016570657491683960e-02
-5.652373433113098145e-01	-4.058700501918792725e-01	1.404525339603424072e-01	-2.267418801784515381e-01	2.098957449197769165e-01	-2.468992024660110474e-01	-6.442872434854507446e-02	-5.066996216773986816e-01	-1.523325443267822266e-01	2.356292456388473511e-01
6.462154388427734375e-01	1.205220147967338562e-01	1.251111030578613281e-01	-2.033380717039108276e-01	-7.209275662899017334e-02	3.066859841346740723e-01	4.444434046745300293e-01	-3.403290510177612305e-01	2.120471447706222534e-01	-2.308880835771560669e-01
9.279778599739074707e-02	-3.867701888084411621e-01	1.739669740200042725e-01	-4.349106252193450928e-01	5.848923698067665100e-02	-3.234700560569763184e-01	1.969227641820907593e-01	-3.594458103179931641e-02	5.975039601325988770e-01	-3.424180150032043457e-01
2.970565855503082275e-01	5.462332442402839661e-02	1.232044119387865067e-02	4.341486394405364990e-01	4.745391011238098145e-01	-4.533849060535430908e-01	-2.335935980081558228e-01	3.857960999011993408e-01	-1.211026608943939209e-01	-2.670599520206451416e-01
4.571929275989532471e-01	7.377139478921890259e-02	3.094120323657989502e-01	5.046600699424743652e-01	-2.728240489959716797e-01	2.006974071264266968e-01	1.018832176923751831e-01	-5.446519851684570312e-01	1.153291463851928711e-01	-8.693804033100605011e-03
4.586585164070129395e-01	-2.179604768753051758e-01	4.356642067432403564e-01	4.091539084911346436e-01	-5.476623773574829102e-03	-1.387454718351364136e-01	-5.141599178314208984e-01	-1.850172579288482666e-01	2.510288953781127930e-01	6.346399337053298950e-02
3.659893274307250977e-01	6.065346300601959229e-02	2.170974016189575195e-01	-3.735681772232055664e-01	-3.526160120964050293e-01	2.728137373924255371e-01	2.949315607547760010e-01	-4.645532369613647461e-01	4.172873198986053467e-01	-1.802155748009681702e-04
3.116056323051452637e-01	-4.543724283576011658e-02	-8.194359391927719116e-02	-3.948115110397338867e-01	1.973278820514678955e-01	3.386566042900085449e-01	4.237915873527526855e-01	-5.088000297546386719e-01	8.123873174190521240e-02	3.735548853874206543e-01
-2.357895225286483765e-01	1.009828299283981323e-01	4.518355429172515869e-01	5.491793155670166016e-01	-3.807521760463714600e-01	-1.404684633016586304e-01	-4.977927803993225098e-01	-1.059392746537923813e-02	1.998197473585605621e-02	-1.242563873529434204e-01
5.732434242963790894e-02	-3.870333731174468994e-01	3.913310468196868896e-01	1.394689828157424927e-01	4.448819756507873535e-01	7.877130806446075439e-02	4.550635516643524170e-01	-2.751060128211975098e-01	-4.147790074348449707e-01	1.240747421979904175e-01
-2.569190263748168945e-01	-2.223282493650913239e-02	1.977540254592895508e-01	-6.009539961814880371e-01	-2.806747853755950928e-01	2.920939028263092041e-01	-4.945839345455169678e-01	-1.349705606698989868e-01	2.871310114860534668e-01	-1.545125693082809448e-01
5.085217952728271484e-01	2.005953639745712280e-01	3.117998540401458740e-01	-9.537275880575180054e-02	-1.042561084032058716e-01	3.770013451576232910e-01	3.750681579113006592e-01	-3.957349658012390137e-01	3.617743849754333496e-01	1.170021817088127136e-01
4.475419819355010986e-01	-4.087279736995697021e-01	1.703220456838607788e-01	2.123616337776184082e-01	-2.349042594432830811e-01	-3.013656735420227051e-01	-5.964265465736389160e-01	7.252032309770584106e-02	1.912750452756881714e-01	1.223488003015518188e-01
-8.492437750101089478e-02	-3.810437917709350586e-01	-2.271376103162765503e-01	-2.360376715660095215e-01	3.008670210838317871e-01	-4.518497884273529053e-01	1.805136911571025848e-02	4.636096358299255371e-01	1.951175183057785034e-02	-4.795398712158203125e-01
5.314112305641174316e-01	-9.713248163461685181e-02	1.775720864534378052e-01	-1.892060041427612305e-01	-1.048456802964210510e-01	3.603621721267700195e-01	3.540872633457183838e-01	-5.467481017112731934e-01	2.692381143569946289e-01	5.641471967101097107e-02
6.191782355308532715e-01	3.681254759430885315e-02	1.658965051174163818e-01	-2.635675668716430664e-01	-2.716915309429168701e-01	2.892807126045227051e-01	3.883219957351684570e-01	-4.114505648612976074e-01	1.942239403724670410e-01	-5.445558205246925354e-02
3.203915655612945557e-01	8.532101660966873169e-02	-1.240046098828315735e-01	4.740372002124786377e-01	-4.085127115249633789e-01	-1.853972375392913818e-01	-1.683715283870697021e-01	3.749282062053680420e-01	3.159886002540588379e-01	-4.242139756679534912e-01
4.813948869705200195e-01	3.361558020114898682e-01	-3.016917705535888672e-01	1.829563081264495850e-01	3.573637306690216064e-01	2.297192960977554321e-01	3.160335123538970947e-01	-1.038623675704002380e-01	2.914287149906158447e-01	3.933097124099731445e-01
5.854905247688293457e-01	2.575133740901947021e-01	2.040161490440368652e-01	-6.282392144203186035e-02	-7.069297134876251221e-02	2.726199030876159668e-01	-4.853079319000244141e-01	-1.295043081045150757e-01	4.410547316074371338e-01	-1.384731382131576538e-01
-1.135027967393398285e-02	1.021935418248176575e-01	1.194554120302200317e-01	-2.878059148788452148e-01	4.218333661556243896e-01	2.023693472146987915e-01	6.006997823715209961e-01	-3.514639735221862793e-01	4.271432161331176758e-01	8.130428940057754517e-02
7.197780907154083252e-02	3.462655246257781982e-01	-5.689186044037342072e-03	-2.741818726062774658e-01	-1.882366240024566650e-01	3.782089352607727051e-01	3.143810629844665527e-01	-4.824849218130111694e-02	6.886403560638427734e-01	-2.141201496124267578e-01
2.775887250900268555e-01	-2.510808408260345459e-01	2.631499767303466797e-01	-5.241860747337341309e-01	3.601599335670471191e-01	-4.039825201034545898e-01	-3.256859630346298218e-02	-2.886415421962738037e-01	3.711252510547637939e-01	-2.929648384451866150e-02
4.249517917633056641e-01	-3.476274013519287109e-01	-1.018362790346145630e-01	1.985063552856445312e-01	-2.785963714122772217e-01	4.420498907566070557e-01	-6.010080128908157349e-02	3.654886484146118164e-01	-4.353863596916198730e-01	-2.213963419198989868e-01
1.408566087484359741e-01	-1.036457419395446777e-01	-1.785987019538879395e-01	3.446134328842163086e-01	-5.049614906311035156e-01	-3.261426389217376709e-01	-3.888862729072570801e-01	3.186647593975067139e-01	3.031395971775054932e-01	3.357563018798828125e-01
-4.476037621498107910e-01	2.933476269245147705e-01	-4.430382549762725830e-01	-2.958812415599822998e-01	1.605835705995559692e-01	4.602645635604858398e-01	3.510209023952484131e-01	-2.445949316024780273e-01	9.737134911119937897e-03	-9.487682580947875977e-02
2.312050163745880127e-01	2.785065211355686188e-02	1.733147203922271729e-01	-4.550934433937072754e-01	4.516516327857971191e-01	1.461099237203598022e-01	-1.935278326272964478e-01	-2.440192699432373047e-01	-4.618943929672241211e-01	4.158586859703063965e-01
4.990589320659637451e-01	-5.682680606842041016e-01	-3.629995882511138916e-01	-7.313871383666992188e-02	-5.377802252769470215e-02	6.231237575411796570e-02	-1.274383664131164551e-01	-5.021631717681884766e-01	-9.554191678762435913e-02	8.112905174493789673e-02
-1.096248328685760498e-01	2.428974509239196777e-01	-2.277019172906875610e-01	-2.472753822803497314e-01	3.542810082435607910e-01	5.297966599464416504e-01	1.070621190592646599e-03	-3.267174661159515381e-01	4.055747985839843750e-01	-3.722283542156219482e-01
6.102151870727539062e-01	2.029995433986186981e-02	3.204423189163208008e-01	-1.591384410858154297e-01	1.675040721893310547e-01	-2.448756247758865356e-01	-1.195580959320068359e-01	-1.615982800722122192e-01	5.663559436798095703e-01	-2.236696183681488037e-01
5.958206057548522949e-01	7.930865138769149780e-02	1.551807224750518799e-01	-2.975035607814788818e-01	-2.066137194633483887e-01	2.698681652545928955e-01	4.253605902194976807e-01	-2.948841750621795654e-01	3.501144945621490479e-01	1.418870091438293457e-01
5.617136955261230469e-01	9.373960644006729126e-02	1.787815988063812256e-01	4.210740793496370316e-03	-1.318128407001495361e-01	3.793298304080963135e-01	3.474577963352203369e-01	-4.298902153968811035e-01	3.676491677761077881e-01	2.043177485466003418e-01
5.349398851394653320e-01	1.431097388267517090e-01	2.099706828594207764e-01	-2.443136423826217651e-01	-1.668283194303512573e-01	4.134264588356018066e-01	2.598171532154083252e-01	-4.710451960563659668e-01	3.180225193500518799e-01	1.738143526017665863e-02
1.770253628492355347e-01	3.212498873472213745e-02	1.467526257038116455e-01	1.929153203964233398e-01	3.607113957405090332e-01	-2.888049781322479248e-01	6.052797660231590271e-02	2.352494895458221436e-01	6.699326038360595703e-01	-4.330596625804901123e-01
-1.389616280794143677e-01	9.000675380229949951e-02	-1.392758190631866455e-01	5.313016846776008606e-02	4.954887032508850098e-01	-1.403320953249931335e-02	5.178273469209671021e-02	-4.175479412078857422e-01	6.390757560729980469e-01	-3.452773392200469971e-01
-4.877132177352905273e-01	2.769391983747482300e-03	-3.275762200355529785e-01	-1.637286990880966187e-01	3.088645339012145996e-01	-4.865005612373352051e-01	-4.219376295804977417e-02	3.473681509494781494e-01	9.379106573760509491e-03	4.164151251316070557e-01
2.194953896105289459e-02	-4.256790280342102051e-01	1.655482649803161621e-01	6.643983721733093262e-02	4.095921218395233154e-01	5.184731259942054749e-02	1.471457350999116898e-02	-1.821436285972595215e-01	2.016825377941131592e-01	-7.361879348754882812e-01
8.756899088621139526e-02	-4.192007482051849365e-01	1.954141706228256226e-01	-1.090578585863113403e-01	-1.666329801082611084e-01	-1.613771426491439342e-03	-4.585748910903930664e-01	3.594657480716705322e-01	-4.204166233539581299e-01	-4.716950654983520508e-01
5.282496809959411621e-01	2.262497693300247192e-01	1.867004036903381348e-01	-1.909087300300598145e-01	-1.757829636335372925e-02	4.746863543987274170e-01	3.680240511894226074e-01	-2.932431399822235107e-01	3.784004449844360352e-01	-9.057422727346420288e-02
4.293590784072875977e-01	2.720149457454681396e-01	1.201483234763145447e-01	1.101301400922238827e-03	3.842285275459289551e-01	4.039907455444335938e-01	-1.784693598747253418e-01	-4.566682279109954834e-01	3.808705508708953857e-01	-1.758467108011245728e-01
5.031517744064331055e-01	2.755543915554881096e-03	4.119773209095001221e-01	-2.728455364704132080e-01	3.742140904068946838e-02	3.236099481582641602e-01	4.351332485675811768e-01	-3.614860773086547852e-01	2.766284644603729248e-01	-6.734806229360401630e-04
-1.193048581480979919e-01	-1.835950016975402832e-01	-7.270085811614990234e-02	1.522671990096569061e-02	-2.389161437749862671e-01	-4.269648492336273193e-01	-3.798045814037322998e-01	3.609188795089721680e-01	-5.002005100250244141e-01	4.271388947963714600e-01
-2.071998119354248047e-01	3.968989253044128418e-01	-1.305654793977737427e-01	4.576637446880340576e-01	-9.119991213083267212e-02	3.019349277019500732e-01	-1.982970684766769409e-01	-3.932270705699920654e-01	3.924853503704071045e-01	3.543443679809570312e-01
8.188998699188232422e-02	-1.813133805990219116e-01	-3.840567171573638916e-01	2.192747294902801514e-01	-3.445129394531250000e-01	1.449697315692901611e-01	1.271297335624694824e-01	-6.128289699554443359e-01	4.760777950286865234e-01	-8.222860097885131836e-02
4.462766647338867188e-01	1.741022467613220215e-01	2.148399055004119873e-01	-8.595599234104156494e-02	-4.032884836196899414e-01	-3.319005370140075684e-01	-4.188039153814315796e-02	3.837286531925201416e-01	5.247573256492614746e-01	-1.407468467950820923e-01
-2.852509915828704834e-01	-1.227137669920921326e-01	3.405110239982604980e-01	-8.460641652345657349e-02	3.102468550205230713e-01	-7.499898076057434082e-01	2.262222468852996826e-01	1.324197351932525635e-01	1.212688237428665161e-01	1.957338303327560425e-01
4.146549999713897705e-01	2.655738294124603271e-01	5.751498341560363770e-01	-4.260889291763305664e-01	2.888163030147552490e-01	8.816247433423995972e-02	3.247177004814147949e-01	1.799141168594360352e-01	-1.051772013306617737e-01	7.156970351934432983e-02
-2.048718631267547607e-01	1.660231947898864746e-01	-5.414637923240661621e-01	3.275742828845977783e-01	3.122338056564331055e-01	3.674961328506469727e-01	-9.348960965871810913e-02	2.570012509822845459e-01	-1.307376623153686523e-01	4.533764421939849854e-01
6.881439089775085449e-01	5.295241251587867737e-02	2.053055912256240845e-01	-2.256418764591217041e-01	-7.464896142482757568e-02	9.447009861469268799e-02	2.941447198390960693e-01	-3.813208937644958496e-01	4.291183054447174072e-01	-4.816558677703142166e-03
-2.553009986877441406e-01	4.598063826560974121e-01	3.619636222720146179e-02	-2.141821086406707764e-01	-4.461827278137207031e-01	5.405267477035522461e-01	-8.752111345529556274e-02	1.199881434440612793e-01	2.409669160842895508e-01	3.237974941730499268e-01
-3.498103320598602295e-01	4.579301774501800537e-01	5.588405951857566833e-02	-8.658573031425476074e-02	-2.532214820384979248e-01	1.293398886919021606e-01	5.879366397857666016e-01	3.383030891418457031e-01	1.765070557594299316e-01	2.918722331523895264e-01
2.243921309709548950e-01	5.362496972084045410e-01	-9.872603416442871094e-02	3.892881795763969421e-02	3.705496191978454590e-01	1.927847862243652344e-01	-4.656432867050170898e-01	-4.478361085057258606e-02	4.021359384059906006e-01	3.095264136791229248e-01
5.097724795341491699e-01	8.769314736127853394e-02	1.251286417245864868e-01	-4.968286678194999695e-02	-1.419212967157363892e-01	5.350354909896850586e-01	-2.479369491338729858e-01	-4.688089787960052490e-01	1.153551042079925537e-01	3.366753756999969482e-01
-1.065578535199165344e-01	1.395390927791595459e-01	3.065345287322998047e-01	-4.490525424480438232e-01	-2.897101640701293945e-01	4.115050286054611206e-02	4.904098510742187500e-01	1.389557570219039917e-01	-4.986950457096099854e-01	2.818337380886077881e-01
3.470318615436553955e-01	4.233375787734985352e-01	-1.808978468179702759e-01	2.615846693515777588e-01	3.254599869251251221e-01	1.148704290390014648e-01	5.978817939758300781e-01	-1.387028694152832031e-01	-9.005770087242126465e-02	3.086626827716827393e-01
-3.056933283805847168e-01	4.736891090869903564e-01	-4.175991714000701904e-01	1.433621793985366821e-01	7.617442868649959564e-03	2.259944379329681396e-01	4.482688009738922119e-01	-3.779663741588592529e-01	-9.797675162553787231e-02	2.875653803348541260e-01
3.489547222852706909e-02	3.370636701583862305e-01	4.255963861942291260e-01	2.330554425716400146e-01	2.447382211685180664e-01	-3.528060317039489746e-01	1.714830286800861359e-02	-4.229374527931213379e-01	3.741634190082550049e-01	3.823426067829132080e-01
3.007938861846923828e-01	3.943764865398406982e-01	1.575607508420944214e-01	-4.709962755441665649e-02	-3.222503662109375000e-01	3.411170244216918945e-01	5.325418114662170410e-01	-6.725271791219711304e-02	4.595234990119934082e-01	-8.634206652641296387e-02
-4.340940713882446289e-01	2.101648747920989990e-01	-3.367230296134948730e-02	-5.359585955739021301e-02	3.518539965152740479e-01	-4.484530687332153320e-01	-4.602074623107910156e-01	-3.861894309520721436e-01	-2.064578533172607422e-01	1.868616640567779541e-01
5.426322221755981445e-01	5.561480298638343811e-02	-3.909004107117652893e-02	2.964665293693542480e-01	-1.138122677803039551e-01	1.735815554857254028e-01	4.001286923885345459e-01	-3.157736659049987793e-01	-5.507943034172058105e-01	8.223576098680496216e-02
3.934810757637023926e-01	-2.878445088863372803e-01	-4.439262747764587402e-01	2.841045148670673370e-02	-3.277086019515991211e-01	3.395120203495025635e-01	2.864005565643310547e-01	4.302061498165130615e-01	9.674938023090362549e-02	2.555703818798065186e-01
4.068901240825653076e-01	-1.233854666352272034e-01	3.029944002628326416e-01	-2.235486954450607300e-01	4.177600741386413574e-01	-1.715681701898574829e-01	4.283936917781829834e-01	-7.322534918785095215e-02	3.104589581489562988e-01	4.338316917419433594e-01
-1.795316934585571289e-01	-2.710186839103698730e-01	1.315236985683441162e-01	-1.251002699136734009e-01	3.440139889717102051e-01	-5.135138630867004395e-01	4.067331850528717041e-01	6.352341175079345703e-02	5.488364696502685547e-01	9.294065833091735840e-02
-3.296393156051635742e-01	-2.207302898168563843e-01	5.400041937828063965e-01	-3.492488563060760498e-01	-3.053578436374664307e-01	-1.743854731321334839e-01	2.407221645116806030e-01	-1.309782546013593674e-02	2.202714681625366211e-01	-4.458080232143402100e-01
1.148544028401374817e-01	8.287462592124938965e-02	-1.274036709219217300e-02	3.090673983097076416e-01	4.074954092502593994e-01	5.709327459335327148e-01	3.962751626968383789e-01	-4.747030436992645264e-01	-7.389813661575317383e-02	6.633716821670532227e-02
5.789361596107482910e-01	7.998055219650268555e-02	2.710645496845245361e-01	-2.781057953834533691e-01	-1.345088630914688110e-01	3.860604166984558105e-01	2.532909810543060303e-01	-3.178370594978332520e-01	4.185149371623992920e-01	-1.225572731345891953e-02
1.019436568021774292e-01	-4.034471809864044189e-01	-2.877478301525115967e-01	1.882874518632888794e-01	2.481818497180938721e-01	-1.103448197245597839e-01	3.083131313323974609e-01	-1.877736151218414307e-01	-5.921912789344787598e-01	-3.921864628791809082e-01
3.612284660339355469e-01	7.006512582302093506e-02	1.577432900667190552e-01	-4.408170282840728760e-01	-4.090016484260559082e-01	1.056323945522308350e-01	1.077383384108543396e-01	-4.373457282781600952e-02	6.731044650077819824e-01	1.928067579865455627e-02
4.460249096155166626e-02	4.323276579380035400e-01	-8.998851478099822998e-02	-2.277533262968063354e-01	2.916479706764221191e-01	-1.021589189767837524e-01	3.968516290187835693e-01	-3.237557113170623779e-01	2.120151221752166748e-01	5.902367830276489258e-01
-7.376210391521453857e-02	1.762582063674926758e-01	-2.523197829723358154e-01	-6.513602733612060547e-01	1.309724152088165283e-01	1.178204733878374100e-02	-1.370618939399719238e-01	3.847568035125732422e-01	5.324239730834960938e-01	8.924619853496551514e-02
2.202046960592269897e-01	-1.656282097101211548e-01	-2.478572726249694824e-01	-4.084384143352508545e-01	-2.576011717319488525e-01	6.634878516197204590e-01	2.411177381873130798e-02	2.298887819051742554e-01	-3.722934424877166748e-02	-3.666484951972961426e-01
4.588549435138702393e-01	-4.664902761578559875e-02	3.542365431785583496e-01	-1.911961883306503296e-01	-9.229470044374465942e-02	3.845650851726531982e-01	4.235159754753112793e-01	-3.704870045185089111e-01	3.728366196155548096e-01	-1.148662492632865906e-01
3.831881582736968994e-01	5.670094490051269531e-01	-7.082731276750564575e-02	-2.074542790651321411e-01	2.540990477427840233e-03	2.721904218196868896e-01	-2.448593974113464355e-01	8.684238791465759277e-02	5.292133688926696777e-01	2.489071041345596313e-01
