1.271625328809022903e-02	3.663668334484100342e-01	3.411392271518707275e-01	3.196725621819496155e-02	-1.359694749116897583e-01	-4.320571124553680420e-01	2.130740322172641754e-03	1.796748638153076172e-01	2.266434878110885620e-01	-2.214193046092987061e-01
-3.769689798355102539e-01	-4.579888880252838135e-01	-9.880474209785461426e-02	-7.775666564702987671e-02	5.204527378082275391e-01	-2.628504335880279541e-01	3.269466757774353027e-01	1.255336105823516846e-01	2.740241959691047668e-02	2.581191062927246094e-01
8.207772374153137207e-01	-1.518212199211120605e+00	1.835054531693458557e-02	1.024785637855529785e+00	-1.462975740432739258e-01	-2.364179491996765137e-02	-1.633114695549011230e+00	-3.355487287044525146e-01	-1.054346412420272827e-01	1.221051365137100220e-01
-9.339295327663421631e-02	-6.635088920593261719e-01	1.867057681083679199e-01	1.723774969577789307e-01	-9.031879305839538574e-01	1.563006043434143066e-01	-4.572671949863433838e-01	2.240432351827621460e-01	-7.022649645805358887e-01	-6.850045323371887207e-01
-4.633720964193344116e-03	2.914787530899047852e-01	-4.277881681919097900e-01	-7.077819667756557465e-03	-7.899094820022583008e-01	-1.091807842254638672e+00	4.093276560306549072e-01	2.615702748298645020e-01	-6.379003524780273438e-01	-1.450021415948867798e-01
9.295888245105743408e-02	6.085646152496337891e-01	-1.402690052986145020e+00	-4.913219809532165527e-02	9.476662278175354004e-01	-1.078751444816589355e+00	1.305588781833648682e-01	-4.687015414237976074e-01	-5.787240862846374512e-01	1.032789889723062515e-02
-3.609438836574554443e-01	4.419188201427459717e-02	1.148776412010192871e-01	-3.344232961535453796e-02	-2.800318598747253418e-01	-3.827697932720184326e-01	3.841316327452659607e-02	-8.580630272626876831e-02	-4.067361950874328613e-01	-3.042839765548706055e-01
6.787257194519042969e-01	3.281685337424278259e-02	-1.120253354310989380e-01	1.680967211723327637e-01	7.120421528816223145e-01	-1.683217883110046387e-01	-3.296532928943634033e-01	9.589440822601318359e-01	-1.108471274375915527e+00	2.141751945018768311e-01
2.609449028968811035e-01	6.939970254898071289e-01	-3.012406267225742340e-02	-1.990011334419250488e-02	5.967000722885131836e-01	-1.927305161952972412e-01	-2.954961657524108887e-01	-2.256052494049072266e-01	6.908259391784667969e-01	-1.790308505296707153e-01
1.108224511146545410e+00	5.495279282331466675e-02	-3.490505367517471313e-02	3.073865771293640137e-01	-7.471071481704711914e-01	1.351267546415328979e-01	-1.080543875694274902e+00	1.524976640939712524e-01	6.829919815063476562e-01	-4.739757776260375977e-01
-1.155553981661796570e-01	4.908165633678436279e-01	6.520847082138061523e-01	-7.968471944332122803e-02	-5.255242809653282166e-02	2.289601415395736694e-01	-7.425116002559661865e-02	-1.421502698212862015e-02	3.113814890384674072e-01	-1.701594889163970947e-01
-2.502082288265228271e-01	-3.146209716796875000e-01	-8.114665746688842773e-03	4.001170098781585693e-01	1.221229434013366699e+00	1.083824634552001953e+00	1.406959891319274902e-01	-4.395096600055694580e-01	5.075387358665466309e-01	-2.029480189085006714e-01
-2.389411628246307373e-01	-2.279112637042999268e-01	1.777991652488708496e-01	-5.232895016670227051e-01	5.774255990982055664e-01	2.588551342487335205e-01	1.065625309944152832e+00	3.635245561599731445e-01	-9.778420329093933105e-01	-1.651547849178314209e-01
2.729640901088714600e-01	-2.395423650741577148e-01	-1.161471828818321228e-01	6.077419519424438477e-01	8.571538329124450684e-01	-4.683347046375274658e-01	1.937673389911651611e-01	3.976478874683380127e-01	-4.502821266651153564e-01	-2.524738013744354248e-01
-1.423119306564331055e-01	5.919678881764411926e-02	-7.736667245626449585e-02	2.978865802288055420e-01	-3.138082325458526611e-01	-6.117967963218688965e-01	9.119673818349838257e-02	-1.898954957723617554e-01	3.064033985137939453e-01	-4.922090098261833191e-02
4.288771152496337891e-01	-8.233348131179809570e-01	1.225154772400856018e-01	-4.721607267856597900e-01	-4.000023901462554932e-01	5.326724052429199219e-01	7.586379051208496094e-01	4.503064155578613281e-01	8.675370812416076660e-01	-3.997631072998046875e-01
-6.357099860906600952e-02	2.716550827026367188e-01	2.347735315561294556e-01	-3.500570356845855713e-01	-2.490031868219375610e-01	-1.921595782041549683e-01	2.564612403512001038e-02	8.800587803125381470e-02	-8.430978655815124512e-02	-2.437213063240051270e-01
-9.699425101280212402e-01	1.328759074211120605e+00	1.085758507251739502e-01	-7.791848182678222656e-01	-5.783683061599731445e-02	5.677953362464904785e-01	-5.295743420720100403e-02	8.863489627838134766e-01	2.689262926578521729e-01	1.572344183921813965e+00
-2.461791783571243286e-01	-6.242641806602478027e-01	1.455237418413162231e-01	1.016948446631431580e-01	-1.818277478218078613e+00	-3.398445844650268555e-01	1.520016640424728394e-01	-1.558667778968811035e+00	1.168374538421630859e+00	4.557006359100341797e-01
-3.272776007652282715e-01	-4.814153909683227539e-01	2.672078311443328857e-01	-3.134213387966156006e-01	-1.629736721515655518e-01	5.584756284952163696e-02	1.398527473211288452e-01	2.336484491825103760e-01	1.224701181054115295e-01	2.446491420269012451e-01
-4.547508358955383301e-01	-5.901520252227783203e-01	3.789078891277313232e-01	-5.382168889045715332e-01	6.778246909379959106e-02	-2.969505488872528076e-01	-2.484220266342163086e-01	-1.145068481564521790e-01	-8.485283255577087402e-01	-2.058705836534500122e-01
-5.086277127265930176e-01	8.640580177307128906e-01	-3.309378400444984436e-02	-6.928054690361022949e-01	2.245613783597946167e-01	-8.031961917877197266e-01	-4.795596897602081299e-01	-3.812170326709747314e-01	1.754781454801559448e-01	6.341841816902160645e-01
-7.250807285308837891e-01	1.009675674140453339e-02	6.841419339179992676e-01	-1.540573835372924805e-01	1.526236720383167267e-02	-7.599803805351257324e-01	-4.498777687549591064e-01	-7.234081029891967773e-01	4.400217235088348389e-01	3.004027903079986572e-01
7.444091439247131348e-01	3.592550754547119141e-01	4.754915833473205566e-01	-6.884241849184036255e-02	7.293344736099243164e-01	7.790270447731018066e-01	4.531770944595336914e-01	-5.588888525962829590e-01	9.944138675928115845e-02	-3.315314352512359619e-01
-5.278794839978218079e-02	-2.174352556467056274e-01	6.256815791130065918e-01	2.765415012836456299e-01	3.985624760389328003e-02	1.030036509037017822e-01	-6.248713135719299316e-01	3.635790646076202393e-01	-4.118813946843147278e-02	-8.922317624092102051e-01
6.992932558059692383e-01	-8.891969919204711914e-01	-7.070611715316772461e-01	-1.574266254901885986e-01	2.876457571983337402e-01	-2.429288998246192932e-02	2.479579448699951172e-01	-1.717890799045562744e-02	-7.353363037109375000e-01	1.850437223911285400e-01
-4.969449043273925781e-01	-5.845195055007934570e-01	-2.865422964096069336e-01	5.953153967857360840e-01	-2.016633152961730957e-01	3.793563246726989746e-01	2.681354284286499023e-01	2.839378714561462402e-01	3.517418205738067627e-01	-1.117798015475273132e-01
-5.705740451812744141e-01	-7.768871784210205078e-01	-1.555736064910888672e-01	2.548837661743164062e-01	5.360541343688964844e-01	6.971859931945800781e-02	-2.522511482238769531e-01	3.707439899444580078e-01	-8.685607910156250000e-01	5.323960781097412109e-01
3.874224424362182617e-01	6.349498629570007324e-01	3.883303403854370117e-01	-4.108191728591918945e-01	7.682659626007080078e-01	3.895526230335235596e-01	-1.787949055433273315e-01	8.742871880531311035e-01	4.319575428962707520e-01	-3.420537114143371582e-01
-1.518407166004180908e-01	6.736479401588439941e-01	-9.509964585304260254e-01	7.372533679008483887e-01	3.990538716316223145e-01	4.108081758022308350e-01	-1.462273765355348587e-03	-8.396019935607910156e-01	7.421051859855651855e-01	9.921258091926574707e-01
-4.968062341213226318e-01	4.305451735854148865e-02	-7.868862152099609375e-01	-2.991511523723602295e-01	-5.280095338821411133e-01	3.195503950119018555e-01	-1.238155886530876160e-01	-5.474503636360168457e-01	-1.053323984146118164e+00	-1.025373563170433044e-01
-4.947373569011688232e-01	-6.679289340972900391e-01	1.678276360034942627e-01	-3.639031946659088135e-01	-1.142314597964286804e-01	8.724947273731231689e-02	3.904843032360076904e-01	1.308440566062927246e-01	2.598114013671875000e-01	-8.714794367551803589e-02
-4.825099706649780273e-01	-3.827223479747772217e-01	-2.407353520393371582e-01	2.259909659624099731e-01	1.795629709959030151e-01	1.755701601505279541e-01	-1.139371633529663086e+00	-1.343605518341064453e-01	-7.454370856285095215e-01	2.429737448692321777e-01
1.226946264505386353e-01	1.031123399734497070e+00	1.283449083566665649e-01	3.896328508853912354e-01	-6.320906281471252441e-01	-3.645839542150497437e-02	6.986027956008911133e-01	1.143391504883766174e-01	-3.453203737735748291e-01	-7.591067254543304443e-02
-5.411644279956817627e-02	4.352309107780456543e-01	9.364694356918334961e-02	4.003872573375701904e-01	-2.684625089168548584e-01	-1.351512968540191650e-01	-5.969020724296569824e-01	-8.182179927825927734e-02	6.453387737274169922e-01	-3.176312148571014404e-02
-4.598080217838287354e-01	2.061046361923217773e-01	7.789537906646728516e-01	8.344154357910156250e-01	-2.965640127658843994e-01	9.752030670642852783e-02	3.167810440063476562e-01	-2.648434042930603027e-01	-4.406432211399078369e-01	-1.196638718247413635e-01
2.355947643518447876e-01	-7.850879430770874023e-01	1.991024240851402283e-02	2.367056161165237427e-01	6.665938347578048706e-02	-8.660672307014465332e-01	-3.471555709838867188e-01	7.922080159187316895e-02	3.671891987323760986e-01	8.874437808990478516e-01
-4.267889857292175293e-01	-4.032734930515289307e-01	8.812701702117919922e-02	-5.852193832397460938e-01	-6.546750664710998535e-02	4.535821080207824707e-02	2.339608371257781982e-01	9.722325950860977173e-02	-2.454040944576263428e-01	-1.361441463232040405e-01
-2.475935816764831543e-01	-4.436474740505218506e-01	-9.504287242889404297e-01	8.562062382698059082e-01	9.687366336584091187e-02	1.856809407472610474e-01	7.622107863426208496e-01	-4.350036680698394775e-01	8.023449182510375977e-01	-1.375996828079223633e+00
-1.085346713662147522e-01	-4.381521046161651611e-01	-3.346110582351684570e-01	-1.035379916429519653e-01	7.002908587455749512e-01	8.571202158927917480e-01	6.784155368804931641e-01	-7.123544216156005859e-01	-2.300417870283126831e-01	1.926441341638565063e-01
2.370350621640682220e-02	3.937895894050598145e-01	4.165872335433959961e-01	2.163764275610446930e-02	-3.272390365600585938e-01	1.883915811777114868e-02	-3.255343809723854065e-02	2.966868281364440918e-01	3.602990806102752686e-01	-4.210945218801498413e-02
-4.951292574405670166e-01	7.797811031341552734e-01	7.046236395835876465e-01	-3.486546874046325684e-01	2.680534124374389648e-01	6.298022866249084473e-01	3.694809675216674805e-01	4.185774028301239014e-01	-2.835361361503601074e-01	2.457696795463562012e-01
-1.775961220264434814e-01	-7.152380049228668213e-02	1.312848776578903198e-01	1.201546639204025269e-01	-1.334728598594665527e-01	-1.071848198771476746e-01	3.316233456134796143e-01	-3.292529657483100891e-02	8.169515058398246765e-03	-2.646335959434509277e-01
4.416033029556274414e-01	-1.958375871181488037e-01	2.425087690353393555e-01	5.231863856315612793e-01	-6.742224097251892090e-01	2.663873434066772461e-01	-1.960758268833160400e-01	-2.113020569086074829e-01	-5.465767383575439453e-01	3.540389835834503174e-01
-5.243238210678100586e-01	-4.467828869819641113e-01	-3.609329164028167725e-01	9.976517558097839355e-01	7.623268961906433105e-01	5.422832965850830078e-01	-7.667266130447387695e-01	1.978558897972106934e-01	-3.155798912048339844e-01	-6.904157251119613647e-02
-1.431551575660705566e-01	-2.355983480811119080e-02	1.526085436344146729e-01	4.196476563811302185e-02	-4.042864590883255005e-02	-3.265549615025520325e-02	2.437492161989212036e-01	-8.578296005725860596e-02	7.932350784540176392e-02	-3.036823868751525879e-01
9.400747418403625488e-01	-4.949727356433868408e-01	-7.378596663475036621e-01	-9.000874161720275879e-01	6.963160037994384766e-01	-6.197523474693298340e-01	-1.518021076917648315e-01	7.378891110420227051e-01	8.753092885017395020e-01	5.252010226249694824e-01
-1.112575083971023560e-01	9.365686029195785522e-02	-4.777239263057708740e-01	8.812133669853210449e-01	-7.271707057952880859e-01	-5.527295470237731934e-01	1.383491992950439453e+00	7.321936488151550293e-01	1.127195239067077637e+00	3.701292574405670166e-01
3.099829554557800293e-01	6.275200247764587402e-01	4.141813516616821289e-01	-1.922431290149688721e-01	-8.406988531351089478e-02	-2.531831562519073486e-01	2.639434337615966797e-01	-1.552831381559371948e-01	1.139855310320854187e-01	-3.298918604850769043e-01
1.032259464263916016e-01	-8.319418430328369141e-01	1.250483989715576172e-01	-8.756284713745117188e-01	4.493594169616699219e-01	-5.876348018646240234e-01	1.267511844635009766e-01	1.276423931121826172e-01	-6.083865165710449219e-01	5.293748378753662109e-01
2.881786525249481201e-01	-6.973027586936950684e-01	5.315279960632324219e-01	-2.138938903808593750e-01	4.018656909465789795e-01	-7.910700887441635132e-02	-3.936673104763031006e-01	4.724631607532501221e-01	3.267148733139038086e-01	2.746071517467498779e-01
3.800724148750305176e-01	6.813667416572570801e-01	3.340795338153839111e-01	-5.003849864006042480e-01	-5.482751131057739258e-01	-8.761920332908630371e-01	6.031286716461181641e-01	1.898295581340789795e-01	4.767638444900512695e-01	4.953021109104156494e-01
-1.320064663887023926e-01	2.200145125389099121e-01	1.263371855020523071e-01	3.193803504109382629e-02	-1.299708038568496704e-01	-3.948605656623840332e-01	1.121537089347839355e-01	1.197214052081108093e-01	-4.811105132102966309e-02	-1.171478927135467529e-01
-2.370083928108215332e-01	-3.511786088347434998e-02	-3.075184822082519531e-01	-4.409354180097579956e-02	7.459898293018341064e-02	-2.431976944208145142e-01	-8.480117917060852051e-01	-2.890762686729431152e-01	-2.089887857437133789e-01	9.315086603164672852e-01
-3.978162109851837158e-01	-6.187098845839500427e-02	3.790633082389831543e-01	-8.603460192680358887e-01	3.267296850681304932e-01	-1.680105030536651611e-01	2.231859564781188965e-01	-8.908795565366744995e-02	-2.937455475330352783e-01	4.196630716323852539e-01
-1.668128669261932373e-01	-2.316106706857681274e-01	4.069001674652099609e-01	-2.238410860300064087e-01	1.338438391685485840e-01	7.479441910982131958e-02	1.523306667804718018e-01	2.388779222965240479e-01	-5.095207598060369492e-04	-1.089495643973350525e-01
1.101121306419372559e-01	4.293182194232940674e-01	-6.584061682224273682e-02	-3.296691551804542542e-02	3.732349574565887451e-01	-3.328125774860382080e-01	4.297545254230499268e-01	-3.508545458316802979e-01	5.704692006111145020e-01	9.626458585262298584e-02
4.609850421547889709e-02	3.352809250354766846e-01	4.518049955368041992e-01	1.664505153894424438e-02	5.518342554569244385e-02	-2.000809181481599808e-03	-1.341123785823583603e-02	-1.065235659480094910e-01	-4.581087455153465271e-02	-8.475474715232849121e-01
-1.979045867919921875e-01	-2.091160863637924194e-01	7.496260404586791992e-01	5.654348060488700867e-02	1.324324458837509155e-01	6.951046586036682129e-01	-7.513438910245895386e-02	-1.864230930805206299e-01	5.427798628807067871e-01	-3.054046630859375000e-01
-3.094525337219238281e-01	-2.450597286224365234e-01	6.058056354522705078e-01	2.857203483581542969e-01	-6.690421104431152344e-01	-5.451548099517822266e-01	3.930449485778808594e-02	3.658237457275390625e-01	6.336085796356201172e-01	-2.584278583526611328e-01
2.303204536437988281e-01	8.134663105010986328e-01	-8.469390869140625000e-01	2.438809871673583984e-01	-4.146270751953125000e-01	2.797884941101074219e-01	7.385077476501464844e-01	6.401748657226562500e-01	6.172013282775878906e-02	6.876039505004882812e-02
-9.306587576866149902e-01	3.609470129013061523e-01	1.883380115032196045e-01	-4.009890556335449219e-01	7.393002510070800781e-02	-7.057895064353942871e-01	7.329318523406982422e-01	-8.910914510488510132e-02	4.914799034595489502e-01	-9.417321532964706421e-02
4.279026687145233154e-01	1.643032282590866089e-01	-2.292950302362442017e-01	-5.208668112754821777e-01	1.171957373619079590e+00	-1.063723340630531311e-01	1.472826957702636719e+00	6.307834982872009277e-01	8.859257102012634277e-01	-7.098730653524398804e-02
-9.660428166389465332e-01	-4.950967803597450256e-02	9.157881736755371094e-01	-1.896316856145858765e-01	-1.182527780532836914e+00	2.948640882968902588e-01	-9.241513013839721680e-01	4.464432299137115479e-01	-1.874576807022094727e-01	3.715852499008178711e-01
1.019127964973449707e+00	-1.289654802531003952e-02	1.784932166337966919e-01	-1.635752916336059570e-01	-6.912513971328735352e-01	-4.595581591129302979e-01	6.048975586891174316e-01	8.206243515014648438e-01	-8.176406025886535645e-01	-4.478964507579803467e-01
-1.281508356332778931e-01	-7.455934584140777588e-02	9.492147564888000488e-01	2.866214215755462646e-01	-4.927750825881958008e-01	1.621627449989318848e+00	-5.133468508720397949e-01	-9.190551042556762695e-01	-5.807935260236263275e-03	-4.465259909629821777e-01
-1.517551392316818237e-01	-5.166613310575485229e-02	6.190443634986877441e-01	-5.450642108917236328e-01	-2.417499125003814697e-01	2.075516618788242340e-02	-5.656870082020759583e-03	9.617048501968383789e-02	2.240114845335483551e-02	-6.068242788314819336e-01
1.308932304382324219e-01	1.605095565319061279e-01	8.260093927383422852e-01	-8.160654902458190918e-01	-1.944654136896133423e-01	4.305329620838165283e-01	-6.007589027285575867e-02	-1.076193302869796753e-01	-3.653806820511817932e-02	-4.233076274394989014e-01
-2.193318754434585571e-01	4.893979802727699280e-02	1.749168932437896729e-01	4.098891615867614746e-01	-1.214627698063850403e-01	-8.372133970260620117e-02	3.669721186161041260e-01	8.923777937889099121e-02	4.284446835517883301e-01	-9.486075490713119507e-02
8.112383484840393066e-01	-1.019837558269500732e-01	5.392930284142494202e-02	6.054235696792602539e-01	3.415285423398017883e-02	-6.090863049030303955e-02	-7.532688379287719727e-01	-6.540706753730773926e-01	-2.177858948707580566e-01	-3.337833881378173828e-01
6.845929622650146484e-01	-6.091370582580566406e-01	1.539716720581054688e-01	2.977386713027954102e-01	4.105066955089569092e-01	-3.852342367172241211e-01	-1.339906901121139526e-01	-5.853132009506225586e-01	1.287862539291381836e+00	-3.152778446674346924e-01
-7.947337031364440918e-01	-4.452692344784736633e-02	3.667621910572052002e-01	5.490947365760803223e-01	1.891450136899948120e-01	9.484486579895019531e-01	7.901139259338378906e-01	-9.384586592204868793e-04	2.351533621549606323e-01	9.169549942016601562e-01
-2.605390548706054688e-01	8.019520044326782227e-01	4.791266918182373047e-01	-1.262460798025131226e-01	-5.861958861351013184e-01	8.302657604217529297e-01	-8.618283867835998535e-01	5.403934121131896973e-01	1.011841654777526855e+00	9.035176038742065430e-01
9.590211510658264160e-01	1.073089361190795898e+00	7.026833295822143555e-01	1.278451532125473022e-01	-9.463846683502197266e-03	8.322783708572387695e-01	1.271628618240356445e+00	3.855960369110107422e-01	4.686921089887619019e-02	1.321128368377685547e+00
2.812656760215759277e-01	-7.330520451068878174e-02	1.358775645494461060e-01	-5.870910286903381348e-01	-8.396221399307250977e-01	-6.430608630180358887e-01	1.086554676294326782e-01	-1.983506083488464355e-01	8.587996959686279297e-01	6.426139473915100098e-01
-3.899658322334289551e-01	3.138594329357147217e-01	3.903428614139556885e-01	5.110768079757690430e-01	-5.909681916236877441e-01	3.934252262115478516e-01	2.790075540542602539e-01	7.525900602340698242e-01	1.552578508853912354e-01	2.499666512012481689e-01
-1.306618899106979370e-01	7.879687100648880005e-02	5.065772533416748047e-01	1.354482322931289673e-01	-4.077016711235046387e-01	-1.541440039873123169e-01	-5.569925308227539062e-01	6.806545704603195190e-02	2.259762771427631378e-02	7.181957364082336426e-02
8.515895903110504150e-02	6.990505456924438477e-01	1.311581283807754517e-01	-5.247495770454406738e-01	1.027437329292297363e+00	9.980707764625549316e-01	-7.014407515525817871e-01	-6.883115768432617188e-01	7.504246234893798828e-01	6.879347562789916992e-01
6.619498729705810547e-01	-2.286582887172698975e-01	-1.922432184219360352e-01	-4.978952929377555847e-03	-1.016886115074157715e+00	1.113760590553283691e+00	1.665654480457305908e-01	-7.056013941764831543e-01	-2.302801162004470825e-01	3.259105384349822998e-01
9.538612514734268188e-02	-4.199357330799102783e-01	3.216878771781921387e-01	8.648210763931274414e-02	-5.108222961425781250e-01	4.127131402492523193e-01	3.339555859565734863e-01	-2.971183359622955322e-01	5.495465993881225586e-01	1.891114711761474609e-01
-2.599892616271972656e-01	4.543543159961700439e-01	3.128623366355895996e-01	4.438586235046386719e-01	-2.367709726095199585e-01	-2.063541561365127563e-01	1.507757455110549927e-01	2.383566498756408691e-01	3.474395573139190674e-01	1.684800982475280762e-01
-2.582307159900665283e-01	-1.533921658992767334e-01	6.194733381271362305e-01	2.280752807855606079e-01	1.473724842071533203e+00	9.794315695762634277e-02	6.606867313385009766e-01	-1.176916241645812988e+00	3.419016599655151367e-01	-3.888876363635063171e-02
2.717780768871307373e-01	7.913578301668167114e-02	4.361898601055145264e-01	1.548313051462173462e-01	-8.949317038059234619e-03	6.488716602325439453e-02	2.461504489183425903e-01	3.890537917613983154e-01	2.715732716023921967e-02	-3.039459884166717529e-01
-9.557496309280395508e-01	-3.398924320936203003e-02	8.107462525367736816e-01	-2.974872887134552002e-01	-8.435195684432983398e-01	6.156999468803405762e-01	5.443780422210693359e-01	5.386809706687927246e-01	2.402995228767395020e-01	4.292110502719879150e-01
-2.821351289749145508e-01	9.618297219276428223e-02	5.489752292633056641e-01	-1.577488183975219727e-01	-2.735281884670257568e-01	4.560739398002624512e-01	7.183123230934143066e-01	-9.330888092517852783e-02	-2.119344919919967651e-01	1.772457212209701538e-01
2.001439929008483887e-01	-2.321559488773345947e-01	2.774384617805480957e-01	-4.584144353866577148e-01	-2.316696569323539734e-02	1.510042697191238403e-01	3.675027787685394287e-01	-1.275568753480911255e-01	8.102773874998092651e-02	1.638491898775100708e-01
-2.653730809688568115e-01	8.597719669342041016e-01	-4.383151829242706299e-01	-5.601997375488281250e-01	-4.786816835403442383e-01	-8.637002706527709961e-01	1.546789146959781647e-02	-5.400469899177551270e-01	1.690892279148101807e-01	4.736039638519287109e-01
-2.548240721225738525e-01	-1.105234175920486450e-01	2.408271580934524536e-01	-1.201997548341751099e-01	-6.246829777956008911e-02	-8.308918774127960205e-02	1.783024668693542480e-01	1.386924982070922852e-01	8.988853543996810913e-02	6.702283024787902832e-02
-1.626376211643218994e-01	2.193390578031539917e-01	2.854168117046356201e-01	-1.573797315359115601e-01	-6.260703504085540771e-02	-2.899988293647766113e-01	4.738049954175949097e-02	1.206809207797050476e-01	1.338667720556259155e-01	-6.801513582468032837e-02
4.182484745979309082e-01	-6.518281251192092896e-02	1.143598780035972595e-01	-3.627261221408843994e-01	1.499350517988204956e-01	3.918179571628570557e-01	1.442355066537857056e-01	-1.120404958724975586e+00	-4.507791996002197266e-01	-6.591718792915344238e-01
-6.820648908615112305e-01	-6.380800604820251465e-01	-8.741217851638793945e-01	4.569305181503295898e-01	-3.760490417480468750e-01	1.142121031880378723e-01	-6.100041270256042480e-01	-4.656731486320495605e-01	-5.656478554010391235e-02	9.296117424964904785e-01
8.685786724090576172e-01	5.904315710067749023e-01	6.387478113174438477e-01	2.590996921062469482e-01	-6.223418712615966797e-01	2.236324548721313477e-01	-6.098585724830627441e-01	6.465613245964050293e-01	6.644353270530700684e-01	-8.604005575180053711e-01
-5.637800097465515137e-01	-2.532401122152805328e-02	-2.304694056510925293e-01	1.634847074747085571e-01	-1.443570256233215332e-01	4.678453207015991211e-01	6.975365281105041504e-01	-7.547052204608917236e-02	4.184609055519104004e-01	-2.524784505367279053e-01
-1.415995061397552490e-01	9.095186740159988403e-02	1.966444402933120728e-01	2.528130412101745605e-01	-4.764942824840545654e-01	-3.329458236694335938e-01	1.845008432865142822e-01	8.577769249677658081e-02	-2.251108437776565552e-01	-5.466736480593681335e-02
1.953547000885009766e-01	-2.922649383544921875e-01	7.914350032806396484e-01	-5.650615692138671875e-01	8.308901786804199219e-01	-4.584698677062988281e-01	6.657977104187011719e-01	7.990107536315917969e-01	-3.313643932342529297e-01	7.405369281768798828e-01
-3.052468299865722656e-01	-6.154835820198059082e-01	1.966501921415328979e-01	-3.481328785419464111e-01	8.938700705766677856e-02	-1.792642287909984589e-02	2.655584514141082764e-01	-6.465538591146469116e-02	1.854085326194763184e-01	1.271297186613082886e-01
-4.846746027469635010e-01	1.527334153652191162e-01	2.900689542293548584e-01	3.191125988960266113e-01	-4.604059159755706787e-01	-6.748824119567871094e-01	-2.474751919507980347e-01	1.998818665742874146e-01	-1.529206484556198120e-01	-3.379156589508056641e-01
1.299908041954040527e+00	4.307342469692230225e-01	-1.673420816659927368e-01	-1.505670249462127686e-01	4.074950516223907471e-01	-4.945698678493499756e-01	-2.590700387954711914e-01	4.332348406314849854e-01	-4.633643925189971924e-01	5.904239416122436523e-02
3.341329991817474365e-01	1.666226238012313843e-01	-2.506188452243804932e-01	6.329253315925598145e-02	2.316922843456268311e-01	-6.416621804237365723e-01	5.357654094696044922e-01	3.330641984939575195e-01	-1.803278923034667969e-01	-2.527787722647190094e-02
2.776195108890533447e-01	4.233705699443817139e-01	7.606601119041442871e-01	-4.917564988136291504e-01	3.397786021232604980e-01	-1.101277351379394531e+00	-4.582290649414062500e-01	-1.446544885635375977e+00	-5.594192743301391602e-01	4.982390105724334717e-01
-2.546845674514770508e-01	-2.723100185394287109e-01	4.174229502677917480e-02	1.170927882194519043e-01	6.174637749791145325e-02	2.061931788921356201e-01	-1.303789615631103516e-01	-4.327797591686248779e-01	7.807588577270507812e-01	-3.745545446872711182e-01
-6.737440079450607300e-02	-5.623557567596435547e-01	4.527381062507629395e-01	-3.346285223960876465e-01	-5.326565504074096680e-01	-2.576937377452850342e-01	6.906041502952575684e-01	1.454246640205383301e-01	-1.321428716182708740e-01	6.357336640357971191e-01
-5.610975027084350586e-01	-5.513268113136291504e-01	-2.834563553333282471e-01	-5.408769249916076660e-01	-6.558633446693420410e-01	-9.316352009773254395e-02	-2.949288189411163330e-01	-6.455445885658264160e-01	-1.282182335853576660e-01	-7.437537312507629395e-01
8.787933588027954102e-01	-6.491356492042541504e-01	8.218832314014434814e-02	-1.015482187271118164e+00	2.444444447755813599e-01	5.403598546981811523e-01	-8.669273853302001953e-01	-1.052221775054931641e+00	1.112248301506042480e-01	-5.913730859756469727e-01
-5.618820339441299438e-02	5.829157829284667969e-01	2.955315411090850830e-01	1.640062332153320312e-01	-2.432731240987777710e-01	-3.913891017436981201e-01	-1.687460392713546753e-01	1.630969047546386719e-01	-2.426944859325885773e-02	-3.242849409580230713e-01
6.551099568605422974e-02	8.764269948005676270e-01	-6.896688938140869141e-01	7.341523170471191406e-01	1.526883482933044434e+00	1.174095630645751953e+00	1.787657290697097778e-01	3.118096888065338135e-01	5.958001613616943359e-01	3.887803256511688232e-01
7.258373498916625977e-02	1.959692388772964478e-01	5.675154924392700195e-01	-6.901033967733383179e-02	-1.389191448688507080e-01	1.201896443963050842e-01	3.790935873985290527e-02	1.121239513158798218e-01	8.585874736309051514e-02	-1.516128927469253540e-01
8.209698796272277832e-01	-9.718254953622817993e-02	-1.069679707288742065e-01	1.152560114860534668e+00	2.071429193019866943e-01	-1.655743241310119629e+00	9.461483359336853027e-01	4.219230413436889648e-01	-1.881608515977859497e-01	1.195630311965942383e+00
-4.961333870887756348e-01	-6.226419806480407715e-01	1.758106350898742676e-01	5.138124227523803711e-01	1.598483920097351074e-01	7.441229820251464844e-01	-5.581665039062500000e-01	9.841717034578323364e-02	2.239608764648437500e-01	8.304132819175720215e-01
-9.529922157526016235e-02	2.802391350269317627e-01	3.371115028858184814e-01	2.190661728382110596e-01	-2.138159275054931641e-01	-5.268403291702270508e-01	3.604245781898498535e-01	-1.732575939968228340e-03	2.146356701850891113e-01	-1.117075160145759583e-01
-2.169339507818222046e-01	-4.471391439437866211e-01	-8.241928815841674805e-01	7.635294795036315918e-01	4.265526831150054932e-01	-7.182243280112743378e-03	-9.546367526054382324e-01	-1.655077934265136719e-01	-1.768973022699356079e-01	-1.002022027969360352e-01
-4.775281548500061035e-01	-6.100837588310241699e-01	1.584994643926620483e-01	-3.438587784767150879e-01	5.115760117769241333e-02	9.828949719667434692e-02	-9.711048752069473267e-02	6.799419969320297241e-02	-2.818741798400878906e-01	-2.932938747107982635e-02
9.446328133344650269e-02	-3.626618981361389160e-01	4.550046622753143311e-01	-2.193668782711029053e-01	-4.461225494742393494e-02	-1.588220000267028809e-01	1.754260063171386719e-01	-1.221004799008369446e-01	-3.718900084495544434e-01	-9.927383810281753540e-02
5.888537168502807617e-01	-1.269119679927825928e-01	-4.170968234539031982e-01	-3.937074169516563416e-02	6.519685685634613037e-02	-3.439742922782897949e-01	-6.974732279777526855e-01	-1.900036782026290894e-01	1.011561989784240723e+00	-5.123368501663208008e-01
-2.345082908868789673e-01	1.144305244088172913e-01	7.883760929107666016e-01	-4.979295432567596436e-01	1.253253817558288574e-01	5.340681672096252441e-01	-2.047758735716342926e-02	-4.667174816131591797e-01	9.563864022493362427e-02	-2.274435311555862427e-01
-4.474791288375854492e-01	-3.687378764152526855e-01	5.279901027679443359e-01	6.993820667266845703e-01	-8.503056317567825317e-02	2.412071228027343750e-01	8.838595747947692871e-01	-5.456051230430603027e-01	-5.137661695480346680e-01	4.116851463913917542e-02
3.752641379833221436e-01	-1.094833165407180786e-01	9.942114949226379395e-01	2.856670618057250977e-01	-5.308341979980468750e-02	4.107840657234191895e-01	-7.713991999626159668e-01	5.288423895835876465e-01	-1.606490761041641235e-01	-2.782666683197021484e-01
5.716750621795654297e-01	2.657360434532165527e-01	8.462848663330078125e-01	-8.615265041589736938e-02	3.904616832733154297e-01	-4.268199503421783447e-01	1.084031611680984497e-01	-8.289725184440612793e-01	-5.522946119308471680e-01	1.233072504401206970e-01
-3.491469621658325195e-01	-5.777290463447570801e-01	3.329682648181915283e-01	-4.268620312213897705e-01	-5.800329148769378662e-02	-2.142574191093444824e-01	8.422099985182285309e-03	-7.738237082958221436e-02	-3.779518902301788330e-01	-3.399129509925842285e-01
2.535740435123443604e-01	7.148590683937072754e-01	6.527180969715118408e-02	6.078899279236793518e-02	-7.888215184211730957e-01	-9.016396105289459229e-02	-6.997088342905044556e-02	-7.712269425392150879e-01	5.194031000137329102e-01	9.506848454475402832e-01
-4.621217250823974609e-01	-3.789786100387573242e-01	4.611536115407943726e-02	-6.361324340105056763e-02	3.669355213642120361e-01	2.852140367031097412e-01	5.163336992263793945e-01	-2.216486632823944092e-01	7.820873521268367767e-03	1.341052949428558350e-01
-9.280329942703247070e-02	-3.546564877033233643e-01	-4.601476788520812988e-01	3.852573633193969727e-01	2.630350552499294281e-02	3.906666040420532227e-01	-3.058992326259613037e-03	-4.547796025872230530e-02	-3.126355111598968506e-01	9.470895677804946899e-02
1.620769314467906952e-02	1.435264796018600464e-01	3.395116627216339111e-01	-2.482754737138748169e-01	2.542678415775299072e-01	-1.869471818208694458e-01	2.464509904384613037e-01	-1.821002177894115448e-02	9.682720154523849487e-02	-1.622246801853179932e-01
-1.541522294282913208e-01	-3.106996975839138031e-02	2.480599284172058105e-01	-5.413705110549926758e-01	-5.110127478837966919e-02	2.926659584045410156e-01	-5.292817950248718262e-01	-4.137609302997589111e-01	7.229191660881042480e-01	-1.718425005674362183e-01
6.024424359202384949e-02	-4.019662365317344666e-02	6.022773385047912598e-01	-1.551832705736160278e-01	-1.559450477361679077e-01	1.368468850851058960e-01	8.208555169403553009e-03	5.313499569892883301e-01	2.365809977054595947e-01	5.350071936845779419e-02
-2.913311421871185303e-01	-2.030448056757450104e-03	6.083993315696716309e-01	-1.704269200563430786e-01	3.319162726402282715e-01	-2.879598438739776611e-01	2.309730648994445801e-01	6.226660013198852539e-01	1.019196510314941406e-01	2.641009688377380371e-01
-2.855536937713623047e-01	-2.857093811035156250e-01	3.300035595893859863e-01	2.701506316661834717e-01	-3.916289806365966797e-01	-2.632696330547332764e-01	3.087246119976043701e-01	-6.700575351715087891e-01	-3.275482654571533203e-01	6.377046704292297363e-01
-8.010090142488479614e-02	-4.231282472610473633e-01	-5.517361164093017578e-01	-1.958830952644348145e-01	9.328805804252624512e-01	-4.544171392917633057e-01	1.440338492393493652e-01	2.322583049535751343e-01	5.990119576454162598e-01	8.912977576255798340e-02
-5.070394277572631836e-01	3.639737889170646667e-02	6.534273624420166016e-01	-4.807214066386222839e-02	-4.420746564865112305e-01	2.496159821748733521e-01	1.703588217496871948e-01	2.092785984277725220e-01	-1.889337003231048584e-01	-3.876631855964660645e-01
-3.608350157737731934e-01	8.756059408187866211e-02	-1.987184733152389526e-01	5.128232836723327637e-01	-1.642669796943664551e+00	-2.762398421764373779e-01	7.873559743165969849e-02	-1.534661799669265747e-01	-6.622058749198913574e-01	1.536438465118408203e+00
9.164741039276123047e-01	-7.650318145751953125e-01	-7.044339179992675781e-01	-7.002835273742675781e-01	-4.265522956848144531e-02	4.798848628997802734e-01	-1.737084388732910156e-01	2.281012535095214844e-01	8.521354198455810547e-01	3.243081569671630859e-01
8.434209227561950684e-01	-5.643754005432128906e-01	4.109559655189514160e-01	-2.229594290256500244e-01	-7.137016952037811279e-02	-1.004645824432373047e+00	6.952716708183288574e-01	-5.835150480270385742e-01	2.941763401031494141e-01	-8.577444553375244141e-01
-1.498349428176879883e+00	4.145881161093711853e-02	1.316210329532623291e-01	5.349895358085632324e-01	5.457695722579956055e-01	-3.719142377376556396e-01	-4.993528425693511963e-01	-2.368445694446563721e-02	1.087695267051458359e-02	3.068591058254241943e-01
8.693100512027740479e-02	-8.913286775350570679e-02	-3.974089398980140686e-02	2.993641197681427002e-01	4.967490956187248230e-02	2.950613386929035187e-02	4.310007989406585693e-01	3.757700696587562561e-02	1.811611652374267578e-01	-1.504772603511810303e-01
-7.510202378034591675e-02	-7.378486394882202148e-01	-8.249919861555099487e-02	1.132377386093139648e+00	1.579839438199996948e-01	5.594027638435363770e-01	9.455849528312683105e-01	9.089170694351196289e-01	3.630040585994720459e-01	-1.061240434646606445e+00
3.914442062377929688e-01	-4.587065801024436951e-02	-2.117152363061904907e-01	5.268400907516479492e-01	2.401339858770370483e-01	8.832437992095947266e-01	1.066902279853820801e+00	1.492767691612243652e+00	-5.266988873481750488e-01	-1.070473432540893555e+00
-6.894390583038330078e-01	-2.649817764759063721e-01	7.759247720241546631e-02	-9.702294468879699707e-01	-1.110047623515129089e-01	-3.904246985912322998e-01	4.354906454682350159e-02	-9.405423700809478760e-02	7.409391403198242188e-01	9.849637746810913086e-02
-4.170249402523040771e-02	-4.313756823539733887e-01	2.893810868263244629e-01	4.194277226924896240e-01	4.962261021137237549e-02	1.341074109077453613e-01	4.735713601112365723e-01	-5.657697841525077820e-02	1.376255750656127930e-01	-2.793902456760406494e-01
1.918469518423080444e-01	-3.921578526496887207e-01	5.161303281784057617e-01	1.553429961204528809e-01	4.111361801624298096e-01	-9.410167112946510315e-03	3.990918397903442383e-01	-3.005628585815429688e-01	-1.587569266557693481e-01	-1.992098838090896606e-01
-3.449380695819854736e-01	5.722735524177551270e-01	6.069280505180358887e-01	6.922904253005981445e-01	4.834964871406555176e-01	3.511289954185485840e-01	9.866521358489990234e-01	-4.783465564250946045e-01	-7.507553100585937500e-01	-1.518237948417663574e+00
-1.300615072250366211e-01	-8.579421639442443848e-01	3.469513654708862305e-01	-4.479673132300376892e-02	2.407253682613372803e-01	-1.399047970771789551e-01	5.485790371894836426e-01	-3.096295595169067383e-01	-3.142254352569580078e-01	4.148107767105102539e-01
4.242700524628162384e-04	2.160397171974182129e-01	5.541772842407226562e-01	2.369803786277770996e-01	8.253430016338825226e-03	-1.805909126996994019e-01	2.160421609878540039e-01	-1.167869940400123596e-01	7.417006790637969971e-02	4.514552354812622070e-01
-8.417531102895736694e-02	9.122790694236755371e-01	-8.790040612220764160e-01	7.688034176826477051e-01	1.636570394039154053e-01	7.375591993331909180e-02	6.093508005142211914e-01	-1.683187037706375122e-01	7.357666492462158203e-01	-6.829932928085327148e-01
-2.582519650459289551e-01	-1.027871668338775635e-01	6.843937039375305176e-01	-4.346631765365600586e-01	3.476804122328758240e-02	4.615415334701538086e-01	1.191016808152198792e-01	3.095955252647399902e-01	-1.000484004616737366e-01	6.606594473123550415e-02
-9.935725927352905273e-01	-1.072489619255065918e+00	1.400804519653320312e-02	1.230425477027893066e+00	1.332676783204078674e-02	2.584396600723266602e-01	-7.401788830757141113e-01	-4.456096887588500977e-01	-3.959932923316955566e-01	-1.382967472076416016e+00
-1.326935142278671265e-01	1.175014525651931763e-01	6.521340608596801758e-01	8.295401930809020996e-01	2.854656875133514404e-01	7.400422692298889160e-01	1.380801759660243988e-02	7.295575737953186035e-01	1.261471062898635864e-01	6.375586986541748047e-01
-1.014457792043685913e-01	-1.090197786688804626e-01	-3.834113776683807373e-01	3.583862483501434326e-01	2.247675210237503052e-01	-2.935783863067626953e-01	1.249487325549125671e-01	-3.209123909473419189e-01	8.188116550445556641e-01	1.727402955293655396e-01
4.649625122547149658e-01	1.434073209762573242e+00	1.487212628126144409e-01	2.011854648590087891e-01	-8.989698886871337891e-01	-1.802539676427841187e-01	-4.216077551245689392e-02	9.854496717453002930e-01	5.995277762413024902e-01	-6.909092068672180176e-01
7.311196625232696533e-02	-2.943588495254516602e-01	2.572739422321319580e-01	-1.780421435832977295e-01	-2.623105347156524658e-01	-8.507762551307678223e-01	-3.653064742684364319e-02	3.812933862209320068e-01	-9.870258569717407227e-01	-6.040659546852111816e-01
-4.541056603193283081e-02	-1.268038749694824219e-01	-2.253479510545730591e-01	8.909112215042114258e-02	8.429527878761291504e-01	-5.421597361564636230e-01	4.575031995773315430e-01	-8.572205901145935059e-01	1.050451546907424927e-01	7.549638152122497559e-01
-4.262673556804656982e-01	4.440321922302246094e-01	-9.246344119310379028e-02	-9.878288954496383667e-02	5.029833316802978516e-01	-6.719852089881896973e-01	3.347787857055664062e-01	1.452472448348999023e+00	-4.547271728515625000e-01	-6.606374382972717285e-01
