-3.637377023696899414e-01	1.732878759503364563e-02	1.261416226625442505e-01	7.825421169400215149e-03	-6.102652549743652344e-01	-1.733020693063735962e-01	-3.040770888328552246e-01	-9.081266075372695923e-02	3.513118326663970947e-01	4.741672575473785400e-01
1.649290323257446289e-02	4.701501429080963135e-01	5.299299955368041992e-01	-2.271212339401245117e-01	-1.193271949887275696e-01	1.997674107551574707e-01	2.969296574592590332e-01	-2.759611606597900391e-01	-3.121286332607269287e-01	3.610881567001342773e-01
-2.532351911067962646e-01	2.603096365928649902e-01	5.679243803024291992e-01	-4.425375461578369141e-01	4.668658971786499023e-02	3.066436946392059326e-01	2.783239781856536865e-01	-1.544667184352874756e-01	-2.794227600097656250e-01	2.722534239292144775e-01
1.203188076615333557e-01	2.077610194683074951e-01	-5.518486499786376953e-01	-3.212540149688720703e-01	-1.900527030229568481e-01	4.475312530994415283e-01	-1.517551094293594360e-01	3.416980504989624023e-01	-1.072217803448438644e-02	-3.978832662105560303e-01
-5.531074404716491699e-01	4.507900178432464600e-01	-3.020759820938110352e-01	-2.601873576641082764e-01	-3.264084756374359131e-01	3.423006534576416016e-01	1.564239412546157837e-01	-1.117191910743713379e-01	-2.645625472068786621e-01	3.546722233295440674e-02
-1.607682108879089355e-01	-1.138080656528472900e-01	-5.189139246940612793e-01	-4.244955480098724365e-01	-3.257831633090972900e-01	-7.355953566730022430e-03	3.381550312042236328e-01	5.025856494903564453e-01	-1.885700784623622894e-02	-1.955700814723968506e-01
3.797765374183654785e-01	-1.073721647262573242e-01	-5.809804797172546387e-01	1.348252501338720322e-02	-4.674535393714904785e-01	-5.781091284006834030e-03	-2.386626601219177246e-01	-4.610623419284820557e-02	4.136193990707397461e-01	2.404329478740692139e-01
3.060352802276611328e-01	-5.821135360747575760e-03	-3.707509860396385193e-02	4.914720356464385986e-02	5.135368928313255310e-02	-1.847122013568878174e-01	3.514971435070037842e-01	-2.811938226222991943e-01	-5.828121304512023926e-01	-5.687464475631713867e-01
6.027127429842948914e-02	1.952596306800842285e-01	1.583196818828582764e-01	-5.786884427070617676e-01	-6.552623510360717773e-01	-2.158617228269577026e-02	2.760742604732513428e-01	2.786301076412200928e-01	7.458964735269546509e-02	9.510726481676101685e-02
8.130142092704772949e-02	-5.608310699462890625e-01	9.229529649019241333e-02	3.904434740543365479e-01	-4.835698902606964111e-01	3.153129667043685913e-02	9.515997767448425293e-02	4.165548980236053467e-01	1.628441810607910156e-01	-2.719714641571044922e-01
-1.382259130477905273e-01	2.519625127315521240e-01	-3.494747877120971680e-01	3.449863493442535400e-01	2.949044406414031982e-01	-5.299423336982727051e-01	-2.654415965080261230e-01	1.372644603252410889e-01	1.828650534152984619e-01	-4.309436380863189697e-01
-6.748095750808715820e-01	-1.753997355699539185e-01	-2.143460959196090698e-01	-4.553967714309692383e-02	-2.580818831920623779e-01	-5.793819427490234375e-01	-1.205855049192905426e-02	-1.370452344417572021e-01	-7.181807607412338257e-02	1.986822634935379028e-01
-2.939015924930572510e-01	-1.178947761654853821e-01	6.238145288079977036e-03	1.780877858400344849e-01	-7.062026858329772949e-01	-4.115250408649444580e-01	-2.546507716178894043e-01	1.062415316700935364e-01	-1.245097070932388306e-01	3.290237486362457275e-01
-5.056031346321105957e-01	3.311131894588470459e-01	-1.295526474714279175e-01	-2.736397087574005127e-01	-5.338844843208789825e-03	-2.946361899375915527e-01	3.052076101303100586e-01	-1.174604371190071106e-01	2.848792970180511475e-01	5.178061127662658691e-01
-3.808966279029846191e-01	8.528447896242141724e-02	-4.057636260986328125e-01	4.619456529617309570e-01	-3.750907480716705322e-01	-2.931734323501586914e-01	-2.998829185962677002e-01	-3.437496349215507507e-02	1.242045611143112183e-01	-3.693567216396331787e-01
-7.781703025102615356e-02	-3.288353085517883301e-01	6.469224095344543457e-01	-8.393811434507369995e-02	3.559097880497574806e-03	-7.734760642051696777e-02	8.832949399948120117e-02	-5.024753212928771973e-01	2.180247008800506592e-01	3.826800286769866943e-01
1.239955425262451172e-01	8.636786043643951416e-02	-1.678368151187896729e-01	-5.996260046958923340e-01	2.111774682998657227e-01	-2.410698235034942627e-01	1.208325475454330444e-02	-5.632249116897583008e-01	-3.400539457798004150e-01	-2.317964434623718262e-01
4.093726873397827148e-01	3.258614838123321533e-01	8.925349265336990356e-02	-4.638449549674987793e-01	2.952683866024017334e-01	1.058685957104898989e-04	-7.123225927352905273e-02	-5.080986022949218750e-01	3.819357454776763916e-01	8.254303038120269775e-02
1.613645851612091064e-01	-1.117600724101066589e-01	2.644218911882489920e-04	-2.846595346927642822e-01	-5.547053813934326172e-01	-5.163821578025817871e-01	4.728351254016160965e-03	-3.862685263156890869e-01	2.872492671012878418e-01	-2.726785838603973389e-01
5.155144333839416504e-01	5.419597961008548737e-03	-3.604499697685241699e-01	-1.154318749904632568e-01	-4.772416055202484131e-01	7.636097073554992676e-02	6.907019764184951782e-02	-2.582050263881683350e-01	5.312294363975524902e-01	6.108178943395614624e-02
5.624030232429504395e-01	-2.511665523052215576e-01	-2.943453192710876465e-01	-7.106979936361312866e-02	-1.907725185155868530e-01	-6.343881487846374512e-01	-8.926571905612945557e-02	4.503682628273963928e-02	-2.616363167762756348e-01	-1.078670397400856018e-01
4.795262813568115234e-01	3.460190072655677795e-02	-2.164783775806427002e-01	-2.754532694816589355e-01	-3.439517319202423096e-02	-7.418469190597534180e-01	1.498622000217437744e-01	1.642767041921615601e-01	-1.907079964876174927e-01	9.372751414775848389e-02
3.048797249794006348e-01	2.590834721922874451e-02	2.207543551921844482e-01	-3.545231223106384277e-01	-2.381531000137329102e-01	5.256339162588119507e-02	-5.219542980194091797e-01	-4.123429656028747559e-01	4.697878062725067139e-01	-9.651168435811996460e-02
5.676758289337158203e-01	3.314049839973449707e-01	-4.764210581779479980e-01	-2.577942311763763428e-01	-2.905200123786926270e-01	-9.382117539644241333e-03	3.219315409660339355e-01	-4.858517646789550781e-02	2.616918385028839111e-01	1.245274022221565247e-01
1.332581937313079834e-01	3.479121029376983643e-01	2.421445250511169434e-01	-7.568034529685974121e-02	1.514682620763778687e-01	2.798400633037090302e-02	-1.417336463928222656e-01	2.000960558652877808e-01	-1.013104990124702454e-01	8.382848501205444336e-01
3.495063781738281250e-01	-7.641801238059997559e-02	1.621177792549133301e-01	3.362610936164855957e-01	-7.136515378952026367e-01	-3.468160331249237061e-01	-2.535258829593658447e-01	1.664995099417865276e-03	-1.691201776266098022e-01	-1.009552925825119019e-01
2.222576588392257690e-01	-3.655435144901275635e-01	4.913184344768524170e-01	1.532399952411651611e-01	-5.809491872787475586e-01	5.447255074977874756e-02	-1.611530333757400513e-01	1.965264528989791870e-01	4.235711880028247833e-03	3.834354579448699951e-01
-4.313890337944030762e-01	2.876240611076354980e-01	1.705201566219329834e-01	-3.950346708297729492e-01	-4.612551927566528320e-01	-3.887794613838195801e-01	-2.079583406448364258e-01	-8.997537940740585327e-02	2.557508349418640137e-01	2.557144761085510254e-01
3.039838969707489014e-01	4.527238607406616211e-01	1.673279404640197754e-01	1.737910360097885132e-01	7.930111140012741089e-02	-1.327849924564361572e-01	-1.540778130292892456e-01	5.451819300651550293e-01	2.203633934259414673e-01	5.009880661964416504e-01
-2.085487246513366699e-01	1.708464175462722778e-01	-1.820891201496124268e-01	-4.114238023757934570e-01	-6.421840786933898926e-01	1.145469844341278076e-01	-6.809993088245391846e-02	-5.182828307151794434e-01	1.264302432537078857e-01	-1.006586924195289612e-01
-1.734703779220581055e-01	-4.142572879791259766e-01	-4.074754565954208374e-02	1.559006273746490479e-01	-4.212948381900787354e-01	-4.428759217262268066e-02	1.850125789642333984e-01	-2.701396048069000244e-01	3.425804674625396729e-01	6.068905591964721680e-01
-3.284115195274353027e-01	-5.329135060310363770e-01	-2.140862494707107544e-02	-3.215495049953460693e-01	-1.043982952833175659e-01	2.050530165433883667e-01	-1.368423402309417725e-01	-3.512063026428222656e-01	3.340992331504821777e-01	4.445864558219909668e-01
-2.897265255451202393e-01	3.858706913888454437e-03	4.509460330009460449e-01	1.272855103015899658e-01	5.029828548431396484e-01	-3.981259763240814209e-01	2.980203926563262939e-02	-1.711274385452270508e-01	2.968619763851165771e-01	4.082816243171691895e-01
1.163049191236495972e-01	2.936025857925415039e-01	-2.103437334299087524e-01	4.067319333553314209e-01	5.787189006805419922e-01	-2.280688434839248657e-01	1.130339205265045166e-01	-1.944340765476226807e-01	3.699118196964263916e-01	3.409521281719207764e-01
-3.433941602706909180e-01	4.363463521003723145e-01	3.663651645183563232e-01	-6.284412145614624023e-01	-4.238634184002876282e-02	2.900382876396179199e-01	8.269181847572326660e-02	1.927224844694137573e-01	4.796377196907997131e-02	1.741298586130142212e-01
5.547239780426025391e-01	1.196426376700401306e-01	-2.498295009136199951e-01	-3.734801411628723145e-01	-4.355826973915100098e-01	1.547164916992187500e-01	-1.859988868236541748e-01	-4.253514111042022705e-01	-8.377524092793464661e-03	2.163461744785308838e-01
3.044213354587554932e-01	4.540199041366577148e-01	-3.040368668735027313e-03	1.691812574863433838e-01	1.396000534296035767e-01	4.141875207424163818e-01	3.246129155158996582e-01	-4.314624071121215820e-01	2.856753952801227570e-02	-4.349402785301208496e-01
3.322261869907379150e-01	9.699538350105285645e-03	-1.708279997110366821e-01	-5.311295390129089355e-01	-2.191966623067855835e-01	-4.038015902042388916e-01	3.596989810466766357e-01	-3.312529027462005615e-01	-2.625183165073394775e-01	2.431467026472091675e-01
3.514622449874877930e-01	2.478797137737274170e-01	-3.747636377811431885e-01	1.237556934356689453e-01	-3.352662324905395508e-01	-6.904832273721694946e-02	2.067192047834396362e-01	1.139612942934036255e-01	-1.157157048583030701e-01	6.877393126487731934e-01
1.005180850625038147e-01	-1.208375766873359680e-01	-7.972595840692520142e-02	-1.914365291595458984e-01	-2.280998043715953827e-02	-1.724954098463058472e-01	7.797873020172119141e-01	-1.357932537794113159e-01	4.442354142665863037e-01	-2.795748412609100342e-01
1.551398783922195435e-01	6.691658496856689453e-02	3.267895057797431946e-02	-2.609894424676895142e-02	-7.134488224983215332e-01	-4.456679150462150574e-02	-3.011757433414459229e-01	-9.451243281364440918e-02	-5.911883115768432617e-01	9.780617803335189819e-02
-4.537083208560943604e-02	1.341759115457534790e-01	1.596555113792419434e-01	-1.821063309907913208e-01	5.267907977104187012e-01	-2.984485924243927002e-01	4.731078445911407471e-01	3.391546010971069336e-02	-4.132529199123382568e-01	-3.986809551715850830e-01
-6.900159120559692383e-01	2.170143276453018188e-01	-4.531135559082031250e-01	-3.756619691848754883e-01	7.254889607429504395e-02	-4.892585054039955139e-02	-1.589613407850265503e-01	2.626260556280612946e-02	2.852466106414794922e-01	1.239674389362335205e-01
3.767274022102355957e-01	4.631333053112030029e-02	3.491250053048133850e-02	-4.605974256992340088e-01	-5.089570209383964539e-02	4.705232977867126465e-01	4.564751982688903809e-01	3.181274235248565674e-01	-3.256939053535461426e-01	5.411889031529426575e-02
1.175397485494613647e-01	5.116689205169677734e-02	-4.575410187244415283e-01	5.598440170288085938e-01	3.090722560882568359e-01	1.049038916826248169e-01	3.120748559013009071e-03	-4.400039315223693848e-01	2.225671261548995972e-01	-3.333429396152496338e-01
1.162841394543647766e-01	1.847842186689376831e-01	3.232845664024353027e-01	-8.082997798919677734e-02	-5.787565112113952637e-01	-2.886338531970977783e-01	-2.901602089405059814e-01	-3.870283365249633789e-01	2.896183729171752930e-01	-3.242762386798858643e-01
-2.821828722953796387e-01	5.636189132928848267e-02	-1.055264770984649658e-01	2.537122964859008789e-01	-5.960822105407714844e-01	-5.133644938468933105e-01	-3.627350926399230957e-01	2.350276857614517212e-01	-3.603359684348106384e-02	-1.863327622413635254e-01
5.168240889906883240e-02	-1.514390558004379272e-01	-1.673430800437927246e-01	-3.174941539764404297e-01	2.646722197532653809e-01	3.159552812576293945e-01	-5.468964576721191406e-01	4.117923974990844727e-01	2.923864424228668213e-01	3.486419618129730225e-01
2.800631523132324219e-01	-6.619353778660297394e-03	1.831745356321334839e-01	-2.936683595180511475e-01	9.498618543148040771e-02	-8.892253786325454712e-02	-4.148094952106475830e-01	-3.784776926040649414e-01	4.397316575050354004e-01	5.254722833633422852e-01
-2.107793092727661133e-02	5.072591304779052734e-01	1.472375094890594482e-01	-8.052453398704528809e-01	-8.437350392341613770e-02	6.303573399782180786e-02	-1.491971015930175781e-01	-1.208337172865867615e-01	1.219922676682472229e-01	-9.648717939853668213e-02
2.357220500707626343e-01	1.229165568947792053e-01	-5.737915635108947754e-01	-1.442092508077621460e-01	1.163435503840446472e-01	-5.828939378261566162e-02	-1.178643479943275452e-01	-3.018718659877777100e-01	3.044204711914062500e-01	6.038789749145507812e-01
2.583657205104827881e-01	1.569039672613143921e-01	-2.028893083333969116e-01	-2.870936319231987000e-02	3.344807028770446777e-02	-1.699918210506439209e-01	4.634123444557189941e-01	2.594376802444458008e-01	-2.597841322422027588e-01	6.979092359542846680e-01
-1.378813534975051880e-01	6.050555780529975891e-02	-6.551768630743026733e-02	-3.492858707904815674e-01	-1.913982182741165161e-01	-1.339697539806365967e-01	-5.919770002365112305e-01	-3.594261109828948975e-01	4.231113195419311523e-02	-5.612834692001342773e-01
-2.882568836212158203e-01	3.752916455268859863e-01	-3.039706684648990631e-02	-4.744393527507781982e-01	-5.883066058158874512e-01	7.009858638048171997e-02	3.586020767688751221e-01	1.083011254668235779e-01	1.306180953979492188e-01	-2.040670365095138550e-01
-3.287533819675445557e-01	-3.915949761867523193e-01	-3.264235556125640869e-01	-2.049774229526519775e-01	-3.302184641361236572e-01	-6.303876638412475586e-01	2.422129362821578979e-02	1.316012144088745117e-01	2.483931332826614380e-01	-6.300006806850433350e-02
2.318473160266876221e-01	2.385324388742446899e-01	4.417562484741210938e-01	1.478525251150131226e-02	-3.071217834949493408e-01	-1.090145334601402283e-01	-1.819872409105300903e-01	-4.641118049621582031e-01	-5.824402570724487305e-01	4.267997108399868011e-03
9.151560813188552856e-02	-5.510624051094055176e-01	-3.511115014553070068e-01	5.525189638137817383e-01	-2.042081952095031738e-01	-2.331591695547103882e-01	-2.634688317775726318e-01	2.154040634632110596e-01	-2.058476954698562622e-01	7.173886895179748535e-02
-2.367417812347412109e-01	2.270819544792175293e-01	5.282061696052551270e-01	-3.357610702514648438e-01	3.941791951656341553e-01	-3.461179435253143311e-01	2.068011760711669922e-01	-3.630542159080505371e-01	9.622736833989620209e-03	2.254047989845275879e-01
-3.682179450988769531e-01	3.821153640747070312e-01	-1.042438596487045288e-01	-3.755653500556945801e-01	-3.948758840560913086e-01	1.196634918451309204e-01	-1.843974366784095764e-02	1.202832758426666260e-01	9.074342995882034302e-02	6.108996868133544922e-01
-3.507559001445770264e-01	2.792387902736663818e-01	2.807542309165000916e-02	-2.651775479316711426e-01	-2.967251539230346680e-01	-2.773843705654144287e-01	6.939236521720886230e-01	2.078185379505157471e-01	1.485946476459503174e-01	-1.268930733203887939e-01
-2.240142971277236938e-01	3.727979958057403564e-01	-6.748763918876647949e-01	4.988028481602668762e-02	-3.347375094890594482e-01	-2.295168116688728333e-02	-1.187036652117967606e-02	-4.854850769042968750e-01	-6.357289850711822510e-02	2.094717696309089661e-02
-3.039538860321044922e-01	1.345522850751876831e-01	-4.136184751987457275e-01	-5.576250553131103516e-01	4.163674116134643555e-01	2.331081330776214600e-01	1.747948229312896729e-01	-1.464118361473083496e-01	3.291501998901367188e-01	1.394670754671096802e-01
5.483877062797546387e-01	3.302333056926727295e-01	-3.203583359718322754e-01	-3.604684174060821533e-01	2.131944745779037476e-01	1.936359852552413940e-01	1.455039680004119873e-01	-4.260080754756927490e-01	6.765133235603570938e-03	-2.683338224887847900e-01
-7.043697685003280640e-02	3.694201409816741943e-01	-3.860512673854827881e-01	-5.775738507509231567e-03	1.674420665949583054e-03	4.279943555593490601e-02	-8.995791524648666382e-02	-5.401473045349121094e-01	-4.732563793659210205e-01	-4.287662804126739502e-01
4.535328969359397888e-02	1.254943907260894775e-01	-3.502835929393768311e-01	1.409080475568771362e-01	1.694770455360412598e-01	-5.172063112258911133e-01	-1.681736558675765991e-01	-1.369711011648178101e-01	-1.047665253281593323e-01	-6.967037320137023926e-01
7.006868124008178711e-01	1.133106648921966553e-01	2.044280767440795898e-01	1.161374375224113464e-01	-3.575465083122253418e-01	3.488860130310058594e-01	3.017044663429260254e-01	4.405369237065315247e-02	-2.884484827518463135e-01	-1.232484951615333557e-01
-3.023954927921295166e-01	-4.783608019351959229e-01	-6.038136035203933716e-02	3.117770254611968994e-01	-2.013557404279708862e-01	-3.869636058807373047e-01	3.730795383453369141e-01	2.933848202228546143e-01	5.160048231482505798e-02	4.008322060108184814e-01
-3.278008103370666504e-01	6.828848123550415039e-01	-1.856178492307662964e-01	-1.324387788772583008e-01	1.665458977222442627e-01	-1.045211330056190491e-01	3.460168838500976562e-01	2.430473715066909790e-01	2.867158055305480957e-01	-2.730442285537719727e-01
-5.231014490127563477e-01	6.563731431961059570e-01	2.657533288002014160e-01	-1.823979020118713379e-01	2.927009761333465576e-01	-1.140939593315124512e-01	-3.241476789116859436e-02	7.103496789932250977e-02	-2.587698996067047119e-01	-1.410510241985321045e-01
-4.761261343955993652e-01	3.433708548545837402e-01	3.061230480670928955e-01	9.152925014495849609e-02	-1.829264014959335327e-01	-1.545639783143997192e-01	-2.458167374134063721e-01	3.117906153202056885e-01	-5.273110270500183105e-01	2.454854100942611694e-01
4.831514358520507812e-01	-4.825879633426666260e-01	-2.421182692050933838e-01	-2.135813981294631958e-01	-1.477863639593124390e-01	-3.712124656885862350e-03	-3.911952078342437744e-01	2.034997195005416870e-01	4.344776868820190430e-01	1.560896188020706177e-01
-2.097854614257812500e-01	3.447132110595703125e-01	-5.933701395988464355e-01	-3.325751721858978271e-01	2.054124623537063599e-01	4.681089520454406738e-01	-3.359507024288177490e-02	-2.963520288467407227e-01	1.550447195768356323e-01	-1.249715127050876617e-02
-2.792262136936187744e-01	3.490945398807525635e-01	-5.551550388336181641e-01	-1.725028902292251587e-01	-5.241045951843261719e-01	2.959498465061187744e-01	9.342149831354618073e-03	-2.839368581771850586e-01	-7.837297022342681885e-02	1.144106462597846985e-01
-1.224612891674041748e-01	4.466264843940734863e-01	1.672883331775665283e-01	3.432243689894676208e-02	-7.935459911823272705e-02	4.445470869541168213e-01	4.613519459962844849e-02	-3.354957103729248047e-01	-1.150904893875122070e-01	-6.515470743179321289e-01
-3.299326598644256592e-01	4.657714664936065674e-01	-8.547051111236214638e-04	-3.586279600858688354e-02	-4.443738609552383423e-02	3.100200295448303223e-01	5.325006246566772461e-01	-2.368612438440322876e-01	-1.023217812180519104e-01	4.740228950977325439e-01
-3.146246075630187988e-01	4.044894874095916748e-01	-3.744865357875823975e-01	4.612998366355895996e-01	1.727676987648010254e-01	-4.577021598815917969e-01	3.904853388667106628e-02	-1.324466615915298462e-01	-1.560315955430269241e-02	-3.545584976673126221e-01
-3.637808263301849365e-01	-2.773401141166687012e-01	-2.934064567089080811e-01	1.248427554965019226e-01	1.378196873702108860e-03	-5.115036368370056152e-01	2.102065272629261017e-02	-1.926375329494476318e-01	-6.676498055458068848e-02	-6.208271980285644531e-01
1.863275468349456787e-01	-1.804467476904392242e-02	-6.594967097043991089e-02	1.107170432806015015e-01	-8.886381238698959351e-02	-8.136876672506332397e-02	2.219552099704742432e-01	-2.729697898030281067e-02	-3.249465227127075195e-01	-8.821743726730346680e-01
1.805094070732593536e-02	3.131298422813415527e-01	-2.468270957469940186e-01	-3.690580427646636963e-01	-5.908440053462982178e-02	9.228444099426269531e-02	3.396234214305877686e-01	-1.780641265213489532e-02	-5.707337260246276855e-01	-5.010895729064941406e-01
-1.374155730009078979e-01	4.221965670585632324e-01	-1.872383952140808105e-01	-4.617108702659606934e-01	-2.133636027574539185e-01	6.054355204105377197e-02	-2.783450111746788025e-02	-6.956772208213806152e-01	1.586342789232730865e-02	-1.429996341466903687e-01
4.160861968994140625e-01	1.563512086868286133e-01	-2.168903499841690063e-01	6.010770797729492188e-01	1.630873605608940125e-02	-3.799308091402053833e-02	2.419478744268417358e-01	3.708364665508270264e-01	4.196677207946777344e-01	1.421352773904800415e-01
-3.282860219478607178e-01	6.676435470581054688e-02	-3.244743943214416504e-01	-4.944270476698875427e-02	-1.230482310056686401e-01	-1.138120666146278381e-01	6.631926298141479492e-01	2.437222898006439209e-01	-4.712476730346679688e-01	-1.750686764717102051e-01
1.848289370536804199e-01	-2.484980374574661255e-01	1.890546381473541260e-01	-4.786600172519683838e-01	-2.387757450342178345e-01	2.173322485759854317e-03	-4.005253687500953674e-02	5.045287013053894043e-01	-2.787536084651947021e-01	4.983516037464141846e-01
6.618732213973999023e-02	1.613200157880783081e-01	5.041596293449401855e-01	-2.286272943019866943e-01	-5.759184956550598145e-01	-7.167012989521026611e-02	-1.813739687204360962e-01	-4.248518645763397217e-01	3.040358126163482666e-01	-1.431621760129928589e-01
-2.092760801315307617e-01	2.253772616386413574e-01	-2.085232734680175781e-02	2.741600759327411652e-02	6.066042184829711914e-01	1.168394237756729126e-01	-3.570312261581420898e-01	-5.512836575508117676e-01	2.998377382755279541e-01	-3.625506535172462463e-02
3.321188390254974365e-01	7.345975190401077271e-02	-1.886839121580123901e-01	2.465717643499374390e-01	-5.816424489021301270e-01	3.255037367343902588e-01	4.390829801559448242e-01	-1.148196533322334290e-01	-3.551779091358184814e-01	-1.072944104671478271e-01
-3.968433141708374023e-01	1.455980837345123291e-01	-1.530630439519882202e-01	-5.085784196853637695e-01	-7.475795596837997437e-02	-4.862901270389556885e-01	-7.326682657003402710e-02	4.094971716403961182e-01	-9.098020941019058228e-02	3.403471410274505615e-01
4.436571523547172546e-02	6.064373850822448730e-01	2.465773969888687134e-01	-3.346166014671325684e-02	-2.162286639213562012e-01	-1.227461174130439758e-01	1.002977490425109863e-01	5.687726140022277832e-01	-3.503002226352691650e-01	-2.241684645414352417e-01
3.117752969264984131e-01	5.137519836425781250e-01	-1.610402464866638184e-01	-5.343006253242492676e-01	-3.640869855880737305e-01	3.069492876529693604e-01	1.767465919256210327e-01	-1.906448304653167725e-01	1.707347035408020020e-01	6.270322203636169434e-02
-1.920337677001953125e-01	-2.793633043766021729e-01	-5.513802170753479004e-01	-4.540134221315383911e-02	-4.193059802055358887e-01	-4.481164515018463135e-01	-2.629984319210052490e-01	-1.591469347476959229e-01	1.160304248332977295e-02	3.282399177551269531e-01
1.487550884485244751e-01	4.365161061286926270e-01	1.019278317689895630e-01	-1.584106124937534332e-02	-2.028699666261672974e-01	6.350067257881164551e-01	5.493592023849487305e-01	-3.912968188524246216e-02	-1.693022698163986206e-01	-1.748120039701461792e-02
3.209600448608398438e-01	6.701388359069824219e-01	-1.414191275835037231e-01	-2.083615064620971680e-01	-3.046716451644897461e-01	1.288386136293411255e-01	4.337524622678756714e-02	1.055321544408798218e-01	-1.275167316198348999e-01	4.957636296749114990e-01
-4.506482183933258057e-02	3.611004352569580078e-01	-4.188188910484313965e-01	-3.581007197499275208e-02	-2.308477163314819336e-01	-1.546466201543807983e-01	-3.524240478873252869e-02	-5.474367141723632812e-01	5.424461960792541504e-01	1.360185593366622925e-01
-1.921169757843017578e-01	2.007215619087219238e-01	5.357255935668945312e-01	-2.943975925445556641e-01	7.280235737562179565e-02	-1.490534991025924683e-01	4.515544474124908447e-01	2.238783389329910278e-01	-4.222534298896789551e-01	-2.988175749778747559e-01
-5.672486498951911926e-02	1.874014586210250854e-01	1.920928955078125000e-01	-3.395003378391265869e-01	3.487982749938964844e-01	-4.859745502471923828e-01	-3.282518386840820312e-01	5.338070988655090332e-01	1.102231740951538086e-01	-2.163854986429214478e-01
-2.086816877126693726e-01	-2.448987960815429688e-01	1.975018829107284546e-01	9.866120666265487671e-02	1.434714645147323608e-01	5.431134700775146484e-01	-9.809062629938125610e-02	-2.292319089174270630e-01	-6.781015992164611816e-01	1.009375527501106262e-01
-6.077561378479003906e-01	-7.708731293678283691e-02	-2.154713273048400879e-01	1.491585224866867065e-01	4.257839620113372803e-01	5.537239834666252136e-02	-1.778733432292938232e-01	-4.893971383571624756e-01	2.000291049480438232e-01	-2.459588795900344849e-01
4.227438941597938538e-02	-2.374758720397949219e-01	2.413425445556640625e-01	-3.996348083019256592e-01	-4.252050817012786865e-01	-4.552809298038482666e-01	-1.655821055173873901e-01	3.869404196739196777e-01	3.760581016540527344e-01	-1.312394440174102783e-01
2.312215045094490051e-02	8.264546841382980347e-02	2.886096537113189697e-01	-2.766848206520080566e-01	-3.675610423088073730e-01	-4.578065872192382812e-02	2.921805381774902344e-01	-6.032218784093856812e-02	4.789082705974578857e-01	-6.141877770423889160e-01
-5.353418365120887756e-02	4.536726474761962891e-01	-3.831160068511962891e-01	-1.548949182033538818e-01	-1.229627877473831177e-01	3.054401464760303497e-02	3.399677276611328125e-01	3.864340782165527344e-01	-3.501534759998321533e-01	-4.658058285713195801e-01
-2.853665351867675781e-01	-3.576620295643806458e-02	-5.665015578269958496e-01	-4.268347918987274170e-01	-8.228596299886703491e-02	-8.526062965393066406e-02	7.523974031209945679e-02	-4.032141864299774170e-01	-4.678903222084045410e-01	1.138870567083358765e-01
-2.091985493898391724e-01	3.185425102710723877e-01	-6.422204375267028809e-01	1.242887899279594421e-01	-2.848595380783081055e-01	-1.322764754295349121e-01	2.828226387500762939e-01	2.312298715114593506e-01	3.577498197555541992e-01	2.584354281425476074e-01
-1.298293024301528931e-01	-1.659407317638397217e-01	-3.656319081783294678e-01	2.857725322246551514e-01	4.578801617026329041e-02	-4.764965772628784180e-01	3.723585903644561768e-01	3.917826712131500244e-01	-1.827729195356369019e-01	-4.307658672332763672e-01
1.455727219581604004e-01	3.239916265010833740e-01	1.347121894359588623e-01	-2.058499306440353394e-01	-2.450828105211257935e-01	-4.929521679878234863e-01	3.389096260070800781e-01	2.647737264633178711e-01	3.630775511264801025e-01	-4.398395717144012451e-01
5.326789617538452148e-01	9.040656499564647675e-03	-3.057810962200164795e-01	6.069088578224182129e-01	-2.147832810878753662e-01	2.655043303966522217e-01	1.888199448585510254e-01	1.896572411060333252e-01	-2.168412506580352783e-01	1.380707323551177979e-01
-1.632579863071441650e-01	4.412539005279541016e-01	-6.879766583442687988e-01	-2.426176667213439941e-01	4.891822859644889832e-02	3.213878273963928223e-01	3.121007978916168213e-01	-1.639963090419769287e-01	9.527920931577682495e-02	8.604372292757034302e-02
1.360117644071578979e-01	4.506885111331939697e-01	-3.115878999233245850e-01	-1.902008056640625000e-01	-6.455972194671630859e-01	2.122231274843215942e-01	-3.583445549011230469e-01	-1.463713403791189194e-02	2.337801456451416016e-01	2.125170081853866577e-03
4.231958836317062378e-02	1.976034194231033325e-01	2.351105958223342896e-01	-5.511004328727722168e-01	-5.242859125137329102e-01	-2.835738360881805420e-01	-2.564175724983215332e-01	1.781420856714248657e-01	3.227375447750091553e-01	2.079407572746276855e-01
-3.059046566486358643e-01	-3.266985714435577393e-02	-2.940323352813720703e-01	1.789307594299316406e-01	-5.507511496543884277e-01	-2.784684300422668457e-01	4.212270081043243408e-01	-8.866576850414276123e-02	-4.029872417449951172e-01	-2.414945214986801147e-01
8.658399432897567749e-02	4.623749256134033203e-01	1.802100986242294312e-01	5.563536286354064941e-01	1.328159496188163757e-02	2.081485837697982788e-01	2.099213600158691406e-01	3.548153340816497803e-01	-3.374641388654708862e-02	-4.712808430194854736e-01
3.482793569564819336e-01	5.142477750778198242e-01	3.660323619842529297e-01	3.798027634620666504e-01	2.229169160127639771e-01	1.743713766336441040e-01	-2.871610224246978760e-01	2.758403122425079346e-01	-3.094390034675598145e-01	-4.027224332094192505e-02
3.980270326137542725e-01	-1.305875182151794434e-01	3.153042495250701904e-01	-1.646905988454818726e-01	-4.823550879955291748e-01	2.614903151988983154e-01	-2.251549214124679565e-01	-4.995692372322082520e-01	-1.650039553642272949e-01	-2.635290622711181641e-01
-2.366615831851959229e-01	5.791386365890502930e-01	-4.543040990829467773e-01	-1.275256574153900146e-01	2.326799184083938599e-01	1.195654720067977905e-01	3.281279802322387695e-01	6.062532961368560791e-02	-4.496776163578033447e-01	-6.281203031539916992e-02
5.546520650386810303e-02	2.990616019815206528e-03	-2.054438143968582153e-01	4.406945407390594482e-01	3.838728070259094238e-01	3.058308959007263184e-01	-7.695931196212768555e-02	4.329856038093566895e-01	-4.646347463130950928e-01	3.321447074413299561e-01
-3.451284486800432205e-03	2.914704680442810059e-01	-7.200985401868820190e-02	-2.916342914104461670e-01	-3.569539487361907959e-01	8.018337190151214600e-02	7.111889719963073730e-01	2.919371724128723145e-01	-3.133524060249328613e-01	4.176962003111839294e-02
1.789396256208419800e-01	2.115546911954879761e-01	4.222867786884307861e-01	-2.256485819816589355e-01	2.535746693611145020e-01	-4.420157670974731445e-01	-1.523083634674549103e-02	9.963361918926239014e-02	6.774585694074630737e-02	6.477310657501220703e-01
-5.173847675323486328e-01	4.699576199054718018e-01	-2.097683772444725037e-02	-5.115447640419006348e-01	4.083731397986412048e-02	4.226160645484924316e-01	-1.229105964303016663e-01	-1.913914233446121216e-01	8.320780843496322632e-02	1.019882857799530029e-01
-1.657743006944656372e-01	2.300334125757217407e-01	-2.543685734272003174e-01	-1.655551642179489136e-01	-5.424497127532958984e-01	6.283553242683410645e-01	2.437200248241424561e-01	1.934090703725814819e-01	1.978952288627624512e-01	4.940203204751014709e-02
4.190697968006134033e-01	2.754964530467987061e-01	3.963887691497802734e-01	-3.213656246662139893e-01	3.504012525081634521e-01	4.765530526638031006e-01	-7.752577215433120728e-02	1.289925575256347656e-01	1.396756023168563843e-01	3.099030256271362305e-01
-4.625931084156036377e-01	-1.234530285000801086e-02	-4.923563078045845032e-02	-7.373668719083070755e-03	-3.696005046367645264e-01	4.531970620155334473e-01	8.340059965848922729e-02	-2.039982229471206665e-01	2.941318452358245850e-01	5.534439086914062500e-01
-2.331707924604415894e-01	1.687013506889343262e-01	3.118491470813751221e-01	-3.935812115669250488e-01	1.551510244607925415e-01	3.109770715236663818e-01	5.217216014862060547e-01	-2.396510839462280273e-01	-1.405543535947799683e-01	-4.414238333702087402e-01
-2.506057620048522949e-01	4.168534278869628906e-01	1.572376862168312073e-02	-3.823751509189605713e-01	3.119845688343048096e-01	1.168718636035919189e-01	2.652935981750488281e-01	-2.445145696401596069e-02	-4.631697237491607666e-01	4.695463478565216064e-01
8.183179795742034912e-02	4.009591937065124512e-01	4.491230547428131104e-01	4.636549949645996094e-01	-4.916833341121673584e-02	-3.958135843276977539e-02	-2.800248563289642334e-01	3.281575143337249756e-01	-4.503238499164581299e-01	-1.515601575374603271e-01
4.157435297966003418e-01	-2.245558798313140869e-01	-4.836275577545166016e-01	7.125034183263778687e-02	1.941747963428497314e-01	3.027193844318389893e-01	1.357820630073547363e-01	-4.437215030193328857e-01	-4.241250753402709961e-01	-1.149318888783454895e-01
7.499420642852783203e-01	3.517359495162963867e-01	6.256355345249176025e-02	-1.309846341609954834e-02	5.381466448307037354e-02	4.045622944831848145e-01	-1.995500363409519196e-02	-3.525742590427398682e-01	-1.328064501285552979e-01	-2.952606230974197388e-02
-1.161360442638397217e-01	-1.665287017822265625e-01	-1.859761215746402740e-02	1.030639335513114929e-01	1.556444331072270870e-03	1.879257857799530029e-01	-6.287786960601806641e-01	4.289821386337280273e-01	-5.599700212478637695e-01	1.397835612297058105e-01
4.494971930980682373e-01	2.545364797115325928e-01	-3.223595321178436279e-01	2.095613181591033936e-01	8.257281035184860229e-02	-3.901639580726623535e-02	-2.814530432224273682e-01	3.553740382194519043e-01	-5.799703598022460938e-01	-1.874011754989624023e-01
-1.811123788356781006e-01	-1.963904798030853271e-01	-1.677371710538864136e-01	5.241653919219970703e-01	4.182064533233642578e-01	4.462594389915466309e-01	3.063853681087493896e-01	1.987380981445312500e-01	-1.730367541313171387e-01	2.973036170005798340e-01
1.916661709547042847e-01	-1.142806038260459900e-01	-4.206245839595794678e-01	3.394211232662200928e-01	-4.687845706939697266e-03	1.632024496793746948e-01	1.326154172420501709e-01	6.454244852066040039e-01	-1.454641520977020264e-01	-4.196378886699676514e-01
-1.970959603786468506e-01	2.746161222457885742e-01	-1.142312288284301758e-01	-4.352660477161407471e-01	2.443465292453765869e-01	-1.704384200274944305e-02	4.951404333114624023e-01	2.004881352186203003e-01	-5.450232028961181641e-01	-2.020603120326995850e-01
-3.786941170692443848e-01	1.491925679147243500e-02	5.329377204179763794e-02	4.249931275844573975e-01	-1.475786119699478149e-01	5.630486607551574707e-01	3.702129423618316650e-01	2.186956256628036499e-01	-2.389934062957763672e-01	3.034834861755371094e-01
1.978567689657211304e-01	1.726277768611907959e-01	2.129521816968917847e-01	7.139904499053955078e-01	-2.281413823366165161e-01	3.569225966930389404e-02	4.168930649757385254e-01	2.316230684518814087e-01	-1.829116344451904297e-01	2.483811527490615845e-01
-3.945433199405670166e-01	5.213853716850280762e-01	-9.904675185680389404e-02	-3.817803859710693359e-01	-6.076525449752807617e-01	4.708750918507575989e-02	1.791005581617355347e-01	5.309586599469184875e-02	-7.661321759223937988e-02	6.856850534677505493e-02
1.775855273008346558e-01	2.735184431076049805e-01	2.824454605579376221e-01	-5.248348712921142578e-01	-1.910582035779953003e-01	8.732458204030990601e-02	9.645991772413253784e-02	-5.505369901657104492e-01	-1.379483938217163086e-01	-4.035714268684387207e-01
2.073845267295837402e-01	4.463916122913360596e-01	-2.177042663097381592e-01	-4.792069792747497559e-01	-3.900429978966712952e-02	3.906216025352478027e-01	9.412979334592819214e-02	-5.548088550567626953e-01	2.029155567288398743e-02	9.746907651424407959e-02
2.879039943218231201e-01	2.849182784557342529e-01	1.977325528860092163e-01	-6.839055567979812622e-02	3.527560532093048096e-01	3.343251347541809082e-01	1.583800464868545532e-01	-1.232174038887023926e-02	-6.664351224899291992e-01	2.942371368408203125e-01
-4.368712007999420166e-01	-1.731149256229400635e-01	2.289587110280990601e-01	4.476646780967712402e-01	2.675337195396423340e-01	4.876411855220794678e-01	-2.457405626773834229e-01	1.786533296108245850e-01	-1.366886645555496216e-01	3.255634307861328125e-01
1.063808128237724304e-01	-3.941150605678558350e-01	6.334949731826782227e-01	-2.657614648342132568e-02	-3.921054899692535400e-01	-9.169397503137588501e-02	2.248078882694244385e-01	-1.113402424380183220e-03	-4.668482840061187744e-01	2.631724253296852112e-02
4.386852681636810303e-01	-1.046869345009326935e-02	4.745919704437255859e-01	4.496288299560546875e-01	-2.797268927097320557e-01	1.663822233676910400e-01	8.086292445659637451e-02	-1.984925717115402222e-01	-3.769026994705200195e-01	2.934587597846984863e-01
4.267202913761138916e-01	2.305797338485717773e-01	1.110475435853004456e-01	5.192688852548599243e-02	1.411742158234119415e-02	6.349942684173583984e-01	-3.662152290344238281e-01	-2.257031500339508057e-01	-1.599110811948776245e-01	3.683348894119262695e-01
4.840230047702789307e-01	-1.156907975673675537e-01	-2.558982372283935547e-01	-1.441197097301483154e-01	5.578485727310180664e-01	4.213511645793914795e-01	1.579536646604537964e-01	-1.872940659523010254e-01	-3.408019542694091797e-01	-3.430184721946716309e-02
-1.506501436233520508e-01	4.606715440750122070e-01	-2.308996766805648804e-01	6.745351012796163559e-03	3.483394384384155273e-01	7.030370235443115234e-01	-1.804112643003463745e-01	8.128851652145385742e-02	-1.510502696037292480e-01	1.848037689924240112e-01
-8.346606791019439697e-02	3.829731345176696777e-01	-3.469080477952957153e-02	2.428388744592666626e-01	1.387182325124740601e-01	5.342511534690856934e-01	5.615963786840438843e-02	2.099648863077163696e-01	-4.538623094558715820e-01	4.778008162975311279e-01
-2.221010476350784302e-01	2.814426422119140625e-01	1.623029857873916626e-01	-4.123505055904388428e-01	1.419747173786163330e-01	-1.002481281757354736e-01	-5.175796747207641602e-01	2.220590263605117798e-01	5.286599397659301758e-01	2.195434123277664185e-01
-3.001361787319183350e-01	1.344247609376907349e-01	-1.270979526452720165e-03	-4.895756542682647705e-01	6.049827486276626587e-02	8.737383037805557251e-02	3.339285254478454590e-01	5.298007130622863770e-01	-7.441873848438262939e-02	4.930851459503173828e-01
-6.438337564468383789e-01	2.817461192607879639e-01	1.364908218383789062e-01	1.989305764436721802e-01	-6.752267479896545410e-02	-3.186284601688385010e-01	2.514018714427947998e-01	4.142335653305053711e-01	-1.427644938230514526e-01	-2.943409681320190430e-01
-6.286844015121459961e-01	5.085813403129577637e-01	-1.383258495479822159e-02	-1.742606163024902344e-01	-6.910744309425354004e-02	-1.896942108869552612e-01	-1.666473150253295898e-01	-2.978810071945190430e-01	-3.978414535522460938e-01	-8.352086297236382961e-04
4.683582782745361328e-01	4.408907890319824219e-01	-1.790341287851333618e-01	4.234700202941894531e-01	-1.239979937672615051e-01	2.205372303724288940e-01	-1.385050415992736816e-01	-2.127170190215110779e-02	-4.371303617954254150e-01	-3.164563775062561035e-01
1.571968756616115570e-02	8.894456177949905396e-02	2.530207037925720215e-01	7.666015028953552246e-01	-4.395025074481964111e-01	1.126679182052612305e-01	1.211797297000885010e-01	2.654862999916076660e-01	-1.816776096820831299e-01	1.269389539957046509e-01
-3.366973698139190674e-01	-5.083304047584533691e-01	2.932377755641937256e-01	1.674850136041641235e-01	-1.341546177864074707e-01	-5.259295105934143066e-01	3.942871838808059692e-02	-2.598862648010253906e-01	-3.260850012302398682e-01	-2.101646512746810913e-01
7.733250409364700317e-02	-2.355031073093414307e-01	-3.802597522735595703e-01	5.544787645339965820e-01	-2.513745129108428955e-01	3.826234936714172363e-01	1.081611588597297668e-01	4.793407022953033447e-01	1.632560044527053833e-01	-9.383375197649002075e-02
-1.712715774774551392e-01	7.629244029521942139e-02	-9.540420770645141602e-02	7.583874464035034180e-01	-2.172235213220119476e-02	5.176488310098648071e-02	-5.330302938818931580e-02	1.568569391965866089e-01	4.047997593879699707e-01	-4.314306676387786865e-01
-1.193855255842208862e-01	-2.740070819854736328e-01	1.214067786931991577e-01	-3.944129869341850281e-02	1.529797613620758057e-01	7.219104170799255371e-01	6.582452356815338135e-02	3.279014229774475098e-01	3.191825151443481445e-01	-3.688965737819671631e-01
7.803383469581604004e-02	3.483007252216339111e-01	-4.012472033500671387e-01	6.649160981178283691e-01	-2.536871135234832764e-01	9.346472471952438354e-02	2.871831506490707397e-02	2.936037480831146240e-01	2.760473787784576416e-01	1.821035146713256836e-01
1.464413255453109741e-01	4.153801798820495605e-01	-3.996971249580383301e-01	-3.663541972637176514e-01	2.294690161943435669e-01	3.788596093654632568e-01	1.103086471557617188e-01	-5.085843801498413086e-01	5.239425692707300186e-03	2.121248990297317505e-01
2.777234315872192383e-01	-3.639888167381286621e-01	3.054126501083374023e-01	5.954912900924682617e-01	-4.729720354080200195e-01	4.837754741311073303e-02	2.095032185316085815e-01	-1.086158230900764465e-01	5.973840504884719849e-02	2.391534000635147095e-01
1.411245465278625488e-01	2.319899201393127441e-01	4.646475613117218018e-01	-4.812230169773101807e-02	-3.755124285817146301e-02	1.324434578418731689e-01	6.402602195739746094e-01	-2.013237774372100830e-01	-4.271618723869323730e-01	-2.369986772537231445e-01
8.151576668024063110e-02	-1.053973510861396790e-01	6.341282725334167480e-01	2.299682945013046265e-01	-4.998603761196136475e-01	2.523897588253021240e-01	2.212376892566680908e-01	2.872269414365291595e-02	-3.641837239265441895e-01	-1.768630594015121460e-01
-4.136608839035034180e-01	-2.100201547145843506e-01	4.206580817699432373e-01	9.423257410526275635e-02	3.740079104900360107e-01	2.957822382450103760e-01	-1.557429134845733643e-01	-4.061273336410522461e-01	-4.269584417343139648e-01	-9.232845157384872437e-03
5.057440400123596191e-01	3.268580734729766846e-01	-5.262333154678344727e-01	-1.855121701955795288e-01	-2.282228088006377220e-04	1.357103884220123291e-01	-1.713111251592636108e-01	2.706142365932464600e-01	-3.508142530918121338e-01	-2.863264977931976318e-01
-4.702917486429214478e-02	-4.342350959777832031e-01	-1.197685021907091141e-02	-5.958018898963928223e-01	-2.834028303623199463e-01	4.228742122650146484e-01	9.762233495712280273e-02	2.540008537471294403e-02	-4.298268556594848633e-01	6.214034277945756912e-03
2.396811693906784058e-01	8.327515721321105957e-01	1.471091806888580322e-01	1.022745743393898010e-01	3.265435099601745605e-01	-9.866613149642944336e-02	-6.721952557563781738e-02	-1.094249039888381958e-01	2.249762415885925293e-01	-1.830420643091201782e-01
-1.588618755340576172e-01	5.198854804039001465e-01	-7.107546925544738770e-02	-4.215760156512260437e-02	-3.462909162044525146e-01	2.439367920160293579e-01	5.930159687995910645e-01	-2.529923021793365479e-01	-3.202421069145202637e-01	1.551817753352224827e-03
6.942736357450485229e-02	4.816251397132873535e-01	-4.396457970142364502e-01	4.575948119163513184e-01	1.844877153635025024e-01	-2.126472443342208862e-01	-1.985378935933113098e-02	-2.440162599086761475e-01	4.075587093830108643e-01	2.350294142961502075e-01
-1.421384215354919434e-01	6.375268697738647461e-01	3.833173587918281555e-02	-2.659195661544799805e-01	2.295962125062942505e-01	-1.693075150251388550e-01	3.630403876304626465e-01	3.445008993148803711e-01	-2.047884166240692139e-01	-3.568988144397735596e-01
-4.540352523326873779e-01	3.075422644615173340e-01	1.359368711709976196e-01	-3.676276654005050659e-02	-1.924770772457122803e-01	-2.987559139728546143e-01	4.967426136136054993e-02	7.016851305961608887e-01	-2.494811825454235077e-02	-2.401767820119857788e-01
2.693431973457336426e-01	2.587538063526153564e-01	-5.143850669264793396e-02	3.120576441287994385e-01	2.755027823150157928e-02	1.890984773635864258e-01	1.819723695516586304e-01	5.958375334739685059e-01	-7.316781580448150635e-02	-5.748632550239562988e-01
-1.946844346821308136e-02	-3.493356704711914062e-01	-5.840035676956176758e-01	2.248241454362869263e-01	-3.468910455703735352e-01	3.206617236137390137e-01	3.674934059381484985e-02	1.141708120703697205e-01	4.113475978374481201e-01	-2.814782261848449707e-01
1.757273226976394653e-01	-9.033906459808349609e-02	-3.815618455410003662e-01	3.429226279258728027e-01	-2.488729506731033325e-01	-2.235325612127780914e-02	-6.622361391782760620e-02	6.692386269569396973e-01	4.169143438339233398e-01	-9.619062393903732300e-02
2.558341063559055328e-02	-7.122892886400222778e-02	-5.763631463050842285e-01	-2.972193062305450439e-01	2.689851522445678711e-01	4.952464103698730469e-01	-1.127934455871582031e-02	1.598111391067504883e-01	-3.582808747887611389e-02	-4.787124097347259521e-01
2.602697610855102539e-01	1.909439116716384888e-01	-9.628624469041824341e-02	5.720911026000976562e-01	1.366772651672363281e-01	3.358281552791595459e-01	-7.898367941379547119e-02	3.333635926246643066e-01	4.457662999629974365e-01	-3.342188298702239990e-01
-4.631231725215911865e-01	-9.527092799544334412e-03	-9.921513497829437256e-02	-3.161429241299629211e-02	1.741081178188323975e-01	5.081737041473388672e-01	8.697852492332458496e-02	1.419293433427810669e-01	2.816884517669677734e-01	-6.156065464019775391e-01
-5.192015171051025391e-01	2.154968976974487305e-01	-4.280940443277359009e-02	4.790344089269638062e-02	-1.300901621580123901e-01	5.972436666488647461e-01	2.232142686843872070e-01	2.838857173919677734e-01	2.708200514316558838e-01	3.201260566711425781e-01
3.351820111274719238e-01	6.199588775634765625e-01	3.192387521266937256e-01	-5.319852828979492188e-01	-1.340527534484863281e-01	8.428991585969924927e-02	2.236391156911849976e-01	-3.087610565125942230e-02	-1.847245395183563232e-01	9.064371138811111450e-02
5.087462663650512695e-01	4.858011007308959961e-01	1.993326395750045776e-01	-1.104793027043342590e-01	-1.472822427749633789e-01	4.258929789066314697e-01	1.144319996237754822e-01	-3.870608285069465637e-02	-3.466686308383941650e-01	-3.396858572959899902e-01
1.876844763755798340e-01	9.101646542549133301e-01	9.719871729612350464e-02	-2.432877868413925171e-01	1.255932897329330444e-01	-1.433741301298141479e-01	-1.207772940397262573e-01	6.589096784591674805e-02	-9.283623099327087402e-02	-6.213653460144996643e-02
4.091595113277435303e-01	4.556367099285125732e-01	-1.194273978471755981e-01	-1.631715297698974609e-01	4.470707178115844727e-01	3.185015022754669189e-01	-2.977710366249084473e-01	-1.867082342505455017e-02	-6.664672493934631348e-02	4.351121783256530762e-01
-4.910253584384918213e-01	2.358780354261398315e-01	2.479878515005111694e-01	-4.012644290924072266e-01	3.597905039787292480e-01	4.189726337790489197e-02	1.220774427056312561e-01	-1.449745148420333862e-03	-5.573183894157409668e-01	-1.550199389457702637e-01
-3.016504347324371338e-01	3.324828743934631348e-01	-4.561533033847808838e-01	-6.374317407608032227e-02	3.171708285808563232e-01	-6.330371648073196411e-02	-4.284886419773101807e-01	1.867295354604721069e-01	-2.454306334257125854e-01	4.505684375762939453e-01
-1.375630497932434082e-01	1.718134284019470215e-01	6.021126173436641693e-03	-1.440903991460800171e-01	6.593173146247863770e-01	-9.820798784494400024e-02	-2.382998354732990265e-02	3.379479944705963135e-01	-6.011086106300354004e-01	-1.015182659029960632e-01
-5.538045894354581833e-03	3.472593054175376892e-02	5.559360980987548828e-01	-4.872675836086273193e-01	1.631315052509307861e-01	1.166904345154762268e-02	-9.642033278942108154e-02	5.126666426658630371e-01	2.590989470481872559e-01	2.937081456184387207e-01
-5.290738940238952637e-01	7.418400049209594727e-02	1.982956677675247192e-01	-4.367108345031738281e-01	9.054671227931976318e-02	-5.094270780682563782e-02	3.769892752170562744e-01	-5.270348191261291504e-01	-2.155553698539733887e-01	-8.599605411291122437e-02
-1.990609765052795410e-01	4.224034771323204041e-02	-8.362567424774169922e-02	4.148053228855133057e-01	-2.656043469905853271e-01	1.003754809498786926e-01	4.238319993019104004e-01	-4.477475285530090332e-01	-5.244536399841308594e-01	-2.091647982597351074e-01
-7.896251976490020752e-02	5.767146348953247070e-01	-2.007365524768829346e-01	-2.791349589824676514e-01	5.258972570300102234e-02	8.799427747726440430e-02	2.416550740599632263e-02	6.028454899787902832e-01	-4.098132550716400146e-01	2.216938883066177368e-02
-2.996737658977508545e-01	2.726117614656686783e-03	-2.634553611278533936e-01	-4.287249445915222168e-01	-3.669189512729644775e-01	-5.238950252532958984e-01	2.194655388593673706e-01	-5.704261362552642822e-02	2.529006302356719971e-01	-3.640069961547851562e-01
1.219657063484191895e-02	-6.004559248685836792e-02	-1.187524572014808655e-02	-6.088847517967224121e-01	-4.257819950580596924e-01	-1.152337491512298584e-01	6.207680106163024902e-01	-1.411582529544830322e-02	-2.043661624193191528e-01	-5.896782130002975464e-02
-7.614566385746002197e-02	9.161207824945449829e-02	-3.333984017372131348e-01	3.796555474400520325e-02	-2.872763574123382568e-01	2.067510187625885010e-01	6.624815613031387329e-02	8.081934452056884766e-01	1.472695618867874146e-01	-2.620795667171478271e-01
-2.135098725557327271e-01	4.754052683711051941e-02	-6.316061615943908691e-01	1.747328490018844604e-01	-1.182901784777641296e-01	-9.211151301860809326e-02	1.957253664731979370e-01	5.248126387596130371e-01	-1.551980972290039062e-01	-4.029828310012817383e-01
-9.282603114843368530e-02	-3.135239481925964355e-01	-6.886212527751922607e-02	2.592902183532714844e-01	-5.809431076049804688e-01	-2.664887718856334686e-02	6.444422602653503418e-01	4.493906348943710327e-02	-1.425492297857999802e-02	-2.556933462619781494e-01
1.369691938161849976e-01	2.022823691368103027e-02	-2.893037796020507812e-01	-2.655123472213745117e-01	-5.539815500378608704e-02	6.091731786727905273e-02	-3.422589004039764404e-01	6.698616743087768555e-01	5.039380788803100586e-01	6.883153691887855530e-03
1.287187486886978149e-01	2.938727438449859619e-01	-2.938394844532012939e-01	2.708577215671539307e-01	-7.128671742975711823e-03	3.676439821720123291e-02	9.345855563879013062e-02	8.081492781639099121e-01	2.473112493753433228e-01	-1.138403564691543579e-01
-5.389817953109741211e-01	-5.949662253260612488e-02	2.810333073139190674e-01	-2.334970533847808838e-01	-1.019091010093688965e-01	-8.128177374601364136e-02	4.432436451315879822e-02	7.346630692481994629e-01	-3.454186394810676575e-02	1.121524795889854431e-01
1.102385371923446655e-01	3.720460534095764160e-01	3.445981144905090332e-01	-8.748891204595565796e-02	-7.584348320960998535e-01	2.689915522933006287e-02	4.024415835738182068e-02	1.977375894784927368e-01	-1.815966144204139709e-02	-3.256233334541320801e-01
6.026700735092163086e-01	1.181955188512802124e-01	4.271281063556671143e-01	1.203867048025131226e-01	4.363591969013214111e-02	8.658687025308609009e-02	1.689503192901611328e-01	3.543245494365692139e-01	-2.690963447093963623e-01	-4.358701109886169434e-01
3.144417405128479004e-01	2.913198769092559814e-01	2.870506942272186279e-01	1.158993169665336609e-01	-4.051307141780853271e-01	8.469029515981674194e-02	-5.500660464167594910e-02	-6.118494272232055664e-01	3.058162927627563477e-01	-2.796710133552551270e-01
-2.546651363372802734e-01	3.500182032585144043e-01	-4.351283013820648193e-01	-5.030025243759155273e-01	-2.770394384860992432e-01	3.944681584835052490e-01	3.401772975921630859e-01	1.388158649206161499e-01	-3.906658664345741272e-02	-3.757672756910324097e-02
-2.910208404064178467e-01	1.279204785823822021e-01	-1.193861365318298340e-01	-4.896364510059356689e-01	5.076431035995483398e-01	-4.011067450046539307e-01	-4.361833259463310242e-02	3.003457188606262207e-01	-3.631025254726409912e-01	-4.903633892536163330e-02
-3.376753926277160645e-01	4.806925356388092041e-01	1.281089186668395996e-01	3.069776892662048340e-01	-3.317693471908569336e-01	2.321954257786273956e-02	5.065657496452331543e-01	3.295261859893798828e-01	-2.315696477890014648e-01	1.217857301235198975e-01
-2.319480478763580322e-01	8.109532594680786133e-01	1.634640544652938843e-01	-2.831887602806091309e-01	-4.328445717692375183e-02	3.449592366814613342e-02	2.823728919029235840e-01	-5.594275146722793579e-02	6.999285519123077393e-02	3.013502359390258789e-01
-2.876240611076354980e-01	2.102167457342147827e-01	9.365916997194290161e-02	-2.389813959598541260e-01	-4.913444630801677704e-03	3.517962992191314697e-01	-3.296436369419097900e-01	-4.654565155506134033e-01	-5.084812641143798828e-01	-3.155064582824707031e-01
