-2.745783329010009766e-01	-3.990851938724517822e-01	-1.315087229013442993e-01	2.261950820684432983e-01	-3.026336729526519775e-01	-4.259518682956695557e-01	-3.107104077935218811e-02	6.468660831451416016e-01	4.996852576732635498e-02	4.426041990518569946e-02
1.130857989192008972e-01	-2.765075266361236572e-01	-1.260834932327270508e-01	-1.356582343578338623e-01	-5.514073744416236877e-02	1.852374523878097534e-01	-9.531156718730926514e-02	5.297651290893554688e-01	-4.270967543125152588e-01	-6.057679653167724609e-01
2.759557366371154785e-01	-4.867424070835113525e-01	2.488225549459457397e-01	1.221738830208778381e-01	-1.815398484468460083e-01	-2.783525288105010986e-01	4.602007567882537842e-01	-8.345521241426467896e-02	1.259663552045822144e-01	-5.148175358772277832e-01
-2.165051251649856567e-01	3.504891395568847656e-01	4.689801931381225586e-01	-3.201071545481681824e-02	-6.132466793060302734e-01	-3.242419958114624023e-01	-1.434062421321868896e-02	2.386848181486129761e-01	1.098370850086212158e-01	-2.426335960626602173e-01
-2.439695298671722412e-01	-1.858941316604614258e-01	1.272163540124893188e-01	5.408402085304260254e-01	3.521181046962738037e-01	1.920203566551208496e-01	-2.479532063007354736e-01	5.845334529876708984e-01	-1.284785866737365723e-01	1.292444765567779541e-01
-4.855395555496215820e-01	-1.961131989955902100e-01	2.659033536911010742e-01	-2.478442639112472534e-01	-9.428980760276317596e-03	-2.871484160423278809e-01	-2.692906260490417480e-01	-4.281702339649200439e-01	-1.378989815711975098e-01	4.860586822032928467e-01
9.681588411331176758e-02	4.719613865017890930e-02	-1.985402852296829224e-01	2.083122171461582184e-02	-6.834796071052551270e-01	-2.219777554273605347e-01	-6.043073534965515137e-01	1.871214509010314941e-01	8.194810152053833008e-02	-1.587803363800048828e-01
3.133217990398406982e-01	4.202064871788024902e-01	-1.189179159700870514e-02	-1.544568389654159546e-01	-6.600643396377563477e-01	-1.396443545818328857e-01	-4.281932115554809570e-01	4.322893172502517700e-02	-1.127998530864715576e-02	2.464278638362884521e-01
-3.944032192230224609e-01	-8.411303907632827759e-02	-7.300511002540588379e-02	6.309048533439636230e-01	-4.315609931945800781e-01	9.335539489984512329e-02	2.752578258514404297e-01	-1.108085662126541138e-01	-1.485623121261596680e-01	-3.590603172779083252e-01
-1.549846827983856201e-01	-5.005741715431213379e-01	-1.673936694860458374e-01	-1.180841624736785889e-01	-4.371863901615142822e-01	2.515747845172882080e-01	2.172189056873321533e-01	-3.995166718959808350e-01	-4.548370242118835449e-01	1.238729804754257202e-01
1.970420032739639282e-02	2.117925286293029785e-01	-1.933308690786361694e-01	4.486149847507476807e-01	-4.548722878098487854e-02	1.945891082286834717e-01	6.856347918510437012e-01	1.671575754880905151e-01	3.059273660182952881e-01	-2.907937467098236084e-01
3.422169983386993408e-01	1.724233627319335938e-01	-1.743036508560180664e-01	3.756712377071380615e-01	3.777333796024322510e-01	2.056052237749099731e-01	-4.195180535316467285e-01	4.242931902408599854e-01	7.840036600828170776e-02	-3.667753338813781738e-01
-4.183916449546813965e-01	-4.420365691184997559e-01	2.660002112388610840e-01	3.923493623733520508e-01	-3.634962141513824463e-01	3.247925639152526855e-01	-1.996098756790161133e-01	1.224436983466148376e-02	-7.082699984312057495e-02	-3.496106863021850586e-01
4.873469471931457520e-02	2.532196640968322754e-01	3.795255422592163086e-01	1.257412880659103394e-02	3.183383643627166748e-01	-1.993498057126998901e-01	4.281607568264007568e-01	5.508298873901367188e-01	1.089875549077987671e-01	-3.867995142936706543e-01
-2.597878873348236084e-01	7.083734869956970215e-02	6.326574087142944336e-01	-2.169097512960433960e-01	-4.916966259479522705e-01	-1.712182909250259399e-01	-1.740994900465011597e-01	3.042769134044647217e-01	3.665855899453163147e-02	-2.913189828395843506e-01
-1.974636465311050415e-01	-5.269061923027038574e-01	3.544526994228363037e-01	3.732748925685882568e-01	8.277841657400131226e-02	2.126134485006332397e-01	-3.925865292549133301e-01	3.692934811115264893e-01	2.719162106513977051e-01	-4.370389878749847412e-02
3.206339180469512939e-01	4.058301746845245361e-01	2.498337067663669586e-03	2.019948661327362061e-01	-4.301323294639587402e-01	3.905158936977386475e-01	-1.643435806035995483e-01	-3.933072984218597412e-01	-1.318990290164947510e-01	-3.937948048114776611e-01
-2.935545742511749268e-01	-1.444510221481323242e-01	-7.202648520469665527e-01	-2.239072620868682861e-01	1.151991784572601318e-01	-2.120917737483978271e-01	-2.698904573917388916e-01	3.465712070465087891e-02	3.315925598144531250e-01	2.859969735145568848e-01
8.503431081771850586e-02	-1.583186835050582886e-01	-2.118803113698959351e-01	-4.643406867980957031e-01	3.136098980903625488e-01	1.819871068000793457e-01	3.556223586201667786e-02	-5.648512244224548340e-01	1.102692708373069763e-01	4.932014048099517822e-01
1.694341301918029785e-01	2.151822000741958618e-01	8.022314310073852539e-02	-1.179459039121866226e-02	5.204074978828430176e-01	5.274602174758911133e-01	3.670073747634887695e-01	-3.290697336196899414e-01	1.961528509855270386e-01	-2.965104877948760986e-01
-2.502392828464508057e-01	-4.881947040557861328e-01	-3.876166641712188721e-01	3.731245175004005432e-03	1.486293673515319824e-01	6.086402386426925659e-02	3.056144416332244873e-01	-4.534969627857208252e-01	-4.708683192729949951e-01	4.705256968736648560e-02
1.183467581868171692e-01	2.264591753482818604e-01	-3.295307457447052002e-01	9.598093479871749878e-02	2.897224128246307373e-01	-6.502439379692077637e-01	-2.802837491035461426e-01	-4.515686035156250000e-01	-9.174956940114498138e-03	-1.661140322685241699e-01
-8.382580429315567017e-02	-9.998820722103118896e-02	2.450453639030456543e-01	-3.875344991683959961e-01	-5.783578157424926758e-01	-4.737009406089782715e-01	-3.364016711711883545e-01	2.286081165075302124e-01	2.130372375249862671e-01	5.515708401799201965e-02
2.334625720977783203e-01	-1.542633920907974243e-01	-1.980449706315994263e-01	5.065948367118835449e-01	2.167894840240478516e-01	2.557280063629150391e-01	-3.562590181827545166e-01	-4.186765253543853760e-01	8.658985048532485962e-02	-4.513702094554901123e-01
7.339967787265777588e-02	-7.045213133096694946e-02	1.137622669339179993e-01	1.928665339946746826e-01	-6.100316047668457031e-01	-9.114447236061096191e-02	-7.112284302711486816e-01	-3.341519739478826523e-03	-2.252094894647598267e-01	-4.987538605928421021e-02
4.298580065369606018e-02	5.852324143052101135e-02	-3.772358177229762077e-03	-1.802452355623245239e-01	-7.222983241081237793e-01	-4.161835312843322754e-01	-4.879778921604156494e-01	1.441719233989715576e-01	5.885374546051025391e-02	-7.020922750234603882e-02
-3.668473288416862488e-02	1.575428545475006104e-01	5.588701367378234863e-02	-2.833475470542907715e-01	-7.541700005531311035e-01	-1.250269636511802673e-02	-4.839681386947631836e-01	2.588476836681365967e-01	-2.609423361718654633e-02	-1.399588882923126221e-01
1.556696593761444092e-01	-9.395958483219146729e-02	-3.118191957473754883e-01	1.319201886653900146e-01	1.022812444716691971e-03	4.385673403739929199e-01	2.911841571331024170e-01	2.479085624217987061e-01	-4.729132354259490967e-01	-5.385797023773193359e-01
-1.599230617284774780e-01	1.416900157928466797e-01	-4.200960993766784668e-01	-3.718475997447967529e-01	-4.032694697380065918e-01	-1.804126799106597900e-01	-3.350625336170196533e-01	3.047100901603698730e-01	-4.054713249206542969e-01	-2.736785411834716797e-01
-6.971246749162673950e-02	2.838920056819915771e-01	1.912184758111834526e-03	-1.675968021154403687e-01	-5.297828912734985352e-01	-4.641786217689514160e-01	-6.102212071418762207e-01	-2.995864860713481903e-02	1.223047599196434021e-01	4.577831178903579712e-02
4.270412027835845947e-01	2.832372188568115234e-01	-2.041230499744415283e-01	5.131696462631225586e-01	-9.542439877986907959e-02	-3.390745446085929871e-02	5.999257564544677734e-01	-2.489920705556869507e-01	1.087959390133619308e-02	1.101510319858789444e-02
-4.322763085365295410e-01	-6.195505261421203613e-01	2.507608830928802490e-01	3.136261403560638428e-01	-1.555761843919754028e-01	-7.778505235910415649e-02	2.472801692783832550e-02	3.617127239704132080e-01	-2.693037092685699463e-01	-1.839171797037124634e-01
1.182601228356361389e-01	-5.326866507530212402e-01	-5.876303911209106445e-01	-1.425497233867645264e-02	7.867201417684555054e-02	1.890025138854980469e-01	1.471600532531738281e-01	3.576715290546417236e-01	-1.855956763029098511e-01	-3.616692721843719482e-01
-2.797430455684661865e-01	-3.024923801422119141e-01	-3.978464305400848389e-01	2.671711742877960205e-01	1.191932410001754761e-01	3.844251334667205811e-01	-4.320906475186347961e-02	-2.057511806488037109e-01	-4.459327459335327148e-01	-4.421918690204620361e-01
2.144348472356796265e-01	3.244169950485229492e-01	-9.621380269527435303e-02	-2.240895926952362061e-01	-2.718161344528198242e-01	-5.364965796470642090e-01	3.728131055831909180e-01	4.047868251800537109e-01	7.111074775457382202e-02	-3.459576964378356934e-01
-1.418396383523941040e-01	2.160053849220275879e-01	4.777365550398826599e-02	-1.694106757640838623e-01	-6.236098408699035645e-01	-3.905543982982635498e-01	-4.120601713657379150e-01	5.363148823380470276e-02	8.449058979749679565e-02	4.254530370235443115e-01
3.095522522926330566e-01	1.756926625967025757e-01	-3.106563091278076172e-01	-4.435816705226898193e-01	2.604444921016693115e-01	-1.977641880512237549e-01	4.663525819778442383e-01	1.068637445569038391e-01	4.508830606937408447e-01	-2.022260725498199463e-01
1.871811151504516602e-01	2.406068742275238037e-01	-3.829777240753173828e-01	4.265456795692443848e-01	1.733902245759963989e-01	1.224414035677909851e-01	2.412832677364349365e-01	3.900508582592010498e-02	5.102647542953491211e-01	4.618366360664367676e-01
2.014011144638061523e-01	-7.337833940982818604e-02	-7.559460401535034180e-01	-3.295851945877075195e-01	-2.021078616380691528e-01	-3.043915927410125732e-01	1.216264739632606506e-01	1.504282206296920776e-01	1.294946670532226562e-01	2.937347888946533203e-01
-2.573047280311584473e-01	9.838527441024780273e-02	1.495609432458877563e-01	1.439412832260131836e-01	-7.112907767295837402e-01	4.443632066249847412e-02	-5.165237188339233398e-01	-2.339910715818405151e-02	3.163293898105621338e-01	-7.555996626615524292e-02
2.073802500963211060e-01	4.399849772453308105e-01	1.911062896251678467e-01	-2.754220664501190186e-01	3.352318108081817627e-01	-1.812062561511993408e-01	4.051864147186279297e-01	3.456764221191406250e-01	-4.475909769535064697e-01	-1.476682722568511963e-01
6.296203732490539551e-01	-3.485166132450103760e-01	7.539527118206024170e-02	1.471207588911056519e-01	-3.627346158027648926e-01	3.181736543774604797e-02	-1.087180301547050476e-01	4.215935170650482178e-01	-3.360149860382080078e-01	-1.404629051685333252e-01
-2.632441222667694092e-01	-5.353385582566261292e-02	-1.429839283227920532e-01	-7.027711719274520874e-02	-6.664897799491882324e-01	-1.551739573478698730e-01	-2.079121172428131104e-01	-6.149981543421745300e-02	4.366957247257232666e-01	4.432300031185150146e-01
-1.112585216760635376e-01	1.122653558850288391e-01	8.865390717983245850e-02	-2.542177736759185791e-01	-4.970051646232604980e-01	-3.104410767555236816e-01	-5.762556791305541992e-01	7.541830837726593018e-02	4.477635025978088379e-01	1.445458382368087769e-01
-1.543630063533782959e-01	3.109154999256134033e-01	1.334923654794692993e-01	-2.577268481254577637e-01	-3.893415331840515137e-01	-6.170082688331604004e-01	-4.692640304565429688e-01	-9.032089263200759888e-03	-9.904651902616024017e-03	2.063637673854827881e-01
-3.867579624056816101e-02	1.384699195623397827e-01	3.673645853996276855e-01	1.947171613574028015e-02	-3.020820021629333496e-01	6.162931323051452637e-01	2.685851417481899261e-02	1.125647053122520447e-01	4.794392287731170654e-01	3.600964248180389404e-01
5.018401145935058594e-02	3.762022405862808228e-02	-4.636756777763366699e-01	1.806252449750900269e-01	2.517596483230590820e-01	1.761259511113166809e-02	2.011492103338241577e-01	-5.096076130867004395e-01	1.933011412620544434e-01	5.892588496208190918e-01
-2.791395783424377441e-01	2.363212257623672485e-01	-3.584393858909606934e-01	1.743345558643341064e-01	3.827462438493967056e-03	-4.573830664157867432e-01	-3.802469968795776367e-01	4.168537259101867676e-01	1.274667531251907349e-01	-4.044076800346374512e-01
4.915910586714744568e-02	2.250472009181976318e-01	-6.360219325870275497e-03	-1.016728579998016357e-01	-6.557214856147766113e-01	-4.050279408693313599e-02	-6.367303133010864258e-01	2.206394076347351074e-01	1.653813123703002930e-01	-1.532645225524902344e-01
-4.052984714508056641e-01	-2.611967734992504120e-02	4.332265853881835938e-01	1.980230510234832764e-01	-1.837527602910995483e-01	-3.233196437358856201e-01	-3.746466934680938721e-01	-2.628300487995147705e-01	-9.485188126564025879e-02	5.014131665229797363e-01
-7.244775295257568359e-01	1.161863207817077637e-01	-1.499243974685668945e-01	7.406288385391235352e-02	-3.779304027557373047e-01	-2.017728798091411591e-02	-1.166445985436439514e-01	-2.394463419914245605e-01	4.504948854446411133e-02	4.663277864456176758e-01
-4.613523483276367188e-01	-1.467938721179962158e-01	-3.412844985723495483e-02	-9.441682696342468262e-02	-3.400239944458007812e-01	-1.148227453231811523e-01	-5.166874527931213379e-01	2.702203094959259033e-01	1.657401472330093384e-01	-5.091865658760070801e-01
1.846333891153335571e-01	5.612072944641113281e-01	-3.799042403697967529e-01	3.220482766628265381e-01	1.909788548946380615e-01	-3.554554283618927002e-01	-3.699083626270294189e-01	7.604096829891204834e-02	-3.073064386844635010e-01	5.514923110604286194e-02
2.471486777067184448e-01	4.518942832946777344e-01	-2.311518341302871704e-01	-9.306649863719940186e-02	-2.532763481140136719e-01	-4.203291535377502441e-01	-4.056721925735473633e-01	3.038426637649536133e-01	7.304404675960540771e-02	-4.117829203605651855e-01
-1.543842703104019165e-01	1.352797895669937134e-01	1.477048397064208984e-01	1.248214021325111389e-01	-8.792774677276611328e-01	-3.027153313159942627e-01	-3.871978074312210083e-02	1.971511393785476685e-01	-9.987429529428482056e-02	-7.320981472730636597e-02
2.226521074771881104e-01	-2.828830182552337646e-01	3.576848283410072327e-02	1.414674371480941772e-01	4.288160204887390137e-01	-2.949312627315521240e-01	-3.657827973365783691e-01	-5.252486467361450195e-01	2.517342567443847656e-01	3.243298232555389404e-01
-4.591657519340515137e-01	3.084750175476074219e-01	-3.629203736782073975e-01	-2.735742628574371338e-01	4.146991372108459473e-01	2.513687610626220703e-01	1.738429069519042969e-01	3.193036615848541260e-01	-3.436984419822692871e-01	4.460390657186508179e-02
-3.170607089996337891e-01	2.934375703334808350e-01	2.070617116987705231e-02	-3.600453734397888184e-01	-3.393421471118927002e-01	-5.896177291870117188e-01	-3.520927205681800842e-02	3.412071764469146729e-01	2.467969059944152832e-01	2.047743499279022217e-01
-3.105010837316513062e-02	-3.989619314670562744e-01	-4.368908703327178955e-01	2.438830584287643433e-01	-1.021459698677062988e-01	2.179128527641296387e-01	2.500826716423034668e-01	-4.426429569721221924e-01	3.124132752418518066e-01	-4.189471602439880371e-01
-1.639753580093383789e-02	-3.889093399047851562e-01	2.411456257104873657e-01	1.191671192646026611e-01	-3.923414051532745361e-01	5.138232111930847168e-01	3.132492303848266602e-01	-3.243967294692993164e-01	2.970988452434539795e-01	2.579853236675262451e-01
-3.139147162437438965e-01	4.046167731285095215e-01	-4.971590340137481689e-01	-4.464066326618194580e-01	2.654480934143066406e-01	4.417778924107551575e-03	2.313180714845657349e-01	-1.284246146678924561e-01	3.877970874309539795e-01	-2.066404558718204498e-02
-1.364610344171524048e-01	-8.374665863811969757e-03	1.508986204862594604e-01	-5.558860301971435547e-01	-3.277623355388641357e-01	-2.878475189208984375e-01	-2.312310636043548584e-01	-3.069306015968322754e-01	4.762537777423858643e-01	-2.911226749420166016e-01
6.796704232692718506e-02	1.903013139963150024e-01	2.502590231597423553e-02	-2.179135978221893311e-01	-5.382031202316284180e-01	-5.294690728187561035e-01	-5.327025651931762695e-01	-4.149065166711807251e-02	-5.824599042534828186e-02	-2.284013926982879639e-01
-4.228579252958297729e-02	-4.246420562267303467e-01	3.552890121936798096e-01	-1.151625066995620728e-01	1.063987910747528076e-01	3.699502348899841309e-01	-4.142812192440032959e-01	-2.467073947191238403e-01	-5.424357652664184570e-01	5.902906134724617004e-02
-3.069507889449596405e-02	-2.950707077980041504e-01	5.805331468582153320e-01	-4.261978864669799805e-01	-9.040927886962890625e-02	-3.395008444786071777e-01	-2.968948483467102051e-01	2.838735654950141907e-02	7.948821038007736206e-02	-4.178783893585205078e-01
7.427832484245300293e-02	2.637796998023986816e-01	-9.611234813928604126e-02	-1.608752012252807617e-01	-4.621117115020751953e-01	-2.690158188343048096e-01	-7.355633974075317383e-01	-1.187034472823143005e-01	4.596026241779327393e-02	2.158969789743423462e-01
-2.069717049598693848e-01	-1.414607279002666473e-02	-1.804862320423126221e-01	-4.167340695858001709e-01	3.294719457626342773e-01	-4.506174623966217041e-01	1.225402280688285828e-01	5.142525434494018555e-01	-3.753197193145751953e-01	-1.370240747928619385e-01
-1.506304889917373657e-01	4.140427112579345703e-01	-2.326894998550415039e-01	-3.086984157562255859e-02	-1.421085447072982788e-01	-4.340561926364898682e-01	-3.437083363533020020e-01	7.617375999689102173e-02	3.761194050312042236e-01	-5.260972380638122559e-01
-1.771365404129028320e-01	-5.144221335649490356e-02	2.343153059482574463e-01	1.917812228202819824e-01	7.034779191017150879e-01	2.037625014781951904e-02	-2.947271168231964111e-01	4.469565302133560181e-02	-6.406105309724807739e-02	5.348183512687683105e-01
3.198669254779815674e-01	4.539056420326232910e-01	-3.832505941390991211e-01	-5.282984972000122070e-01	-5.266434699296951294e-02	-1.424149721860885620e-01	-2.704435586929321289e-01	1.275038570165634155e-01	3.402775824069976807e-01	-1.934760659933090210e-01
-1.174610406160354614e-01	1.258975267410278320e-01	-2.106292359530925751e-02	-2.344595044851303101e-01	-2.741352319717407227e-01	-5.686976909637451172e-01	-6.064165234565734863e-01	-2.201177924871444702e-01	1.677498966455459595e-01	2.683981955051422119e-01
1.543818116188049316e-01	4.280382394790649414e-02	-3.401189446449279785e-01	-3.648312762379646301e-02	-6.734144687652587891e-01	-1.040100976824760437e-01	-5.549741983413696289e-01	9.843416512012481689e-02	1.956418305635452271e-01	-1.924980729818344116e-01
8.905075490474700928e-02	1.793298423290252686e-01	6.172678247094154358e-02	-2.096551358699798584e-01	-3.536906838417053223e-01	-5.626955628395080566e-01	-5.850290060043334961e-01	3.145044744014739990e-01	1.447335630655288696e-01	-9.111544489860534668e-02
1.599676609039306641e-01	-3.284687176346778870e-02	1.326166689395904541e-01	-6.453238129615783691e-01	3.999585509300231934e-01	2.343375608325004578e-02	-1.662980914115905762e-01	5.205447077751159668e-01	1.776804476976394653e-01	-2.204387933015823364e-01
-3.233090639114379883e-01	-1.785503327846527100e-01	-4.514887183904647827e-02	1.278855949640274048e-01	-7.867764830589294434e-01	1.889803819358348846e-02	3.848823904991149902e-01	2.766777575016021729e-01	2.428139559924602509e-02	2.343117631971836090e-02
-1.203508228063583374e-01	3.914079070091247559e-01	4.481905996799468994e-01	1.287254095077514648e-01	-5.948752760887145996e-01	2.579122781753540039e-01	-2.743459492921829224e-02	-2.928752005100250244e-01	-2.345317453145980835e-01	2.300903052091598511e-01
-1.133605558425188065e-02	-5.517297540791332722e-04	5.337804555892944336e-01	5.671816412359476089e-03	-2.337440699338912964e-01	-5.982061624526977539e-01	-3.057249784469604492e-01	-3.693060874938964844e-01	-2.611057758331298828e-01	-6.632912158966064453e-02
-4.890890419483184814e-01	7.929555326700210571e-02	-4.816630482673645020e-01	-3.227397799491882324e-01	4.097463786602020264e-01	-1.772977262735366821e-01	-1.957203596830368042e-01	1.505611985921859741e-01	1.209901943802833557e-01	3.786865770816802979e-01
-5.165033936500549316e-01	3.087410926818847656e-01	3.337364271283149719e-02	-2.441707551479339600e-01	-3.660656213760375977e-01	-5.551432967185974121e-01	1.731150895357131958e-01	-3.161579966545104980e-01	-7.083912938833236694e-02	-6.243190262466669083e-03
1.969175338745117188e-01	4.321989789605140686e-02	-3.125114738941192627e-01	3.668992221355438232e-01	-3.479974865913391113e-01	3.241001963615417480e-01	-3.961929082870483398e-01	-1.035116836428642273e-01	-4.140079915523529053e-01	4.023029506206512451e-01
-2.724743187427520752e-01	-2.684219777584075928e-01	-3.226675093173980713e-01	-1.830317825078964233e-01	-4.338258504867553711e-01	4.457533825188875198e-03	4.099099338054656982e-01	-5.032986998558044434e-01	3.166128098964691162e-01	7.929914444684982300e-02
3.877109289169311523e-02	1.122317165136337280e-01	-3.635922446846961975e-02	-3.834840059280395508e-01	-3.309860229492187500e-01	-4.975746572017669678e-01	-5.521830320358276367e-01	1.796361804008483887e-01	3.484135270118713379e-01	-1.477138996124267578e-01
3.042939305305480957e-01	8.059927225112915039e-01	-3.003237247467041016e-01	-1.886936128139495850e-01	1.160414442420005798e-01	2.145687639713287354e-01	-2.574684321880340576e-01	-7.394034415483474731e-03	6.646540760993957520e-02	4.139421507716178894e-02
6.800239533185958862e-02	-5.234112739562988281e-01	1.390816420316696167e-01	1.179445683956146240e-01	2.531449310481548309e-02	-8.630827814340591431e-02	-3.999177515506744385e-01	-3.732387125492095947e-01	-2.527253627777099609e-01	-5.629920959472656250e-01
3.784413039684295654e-01	3.963032662868499756e-01	7.395907491445541382e-02	-1.091418936848640442e-01	-3.239981457591056824e-02	2.153152227401733398e-01	-2.611511349678039551e-01	-4.659850299358367920e-01	-2.300726473331451416e-01	-5.446632504463195801e-01
-1.686819940805435181e-01	-2.681924700736999512e-01	1.801560968160629272e-01	-3.717283904552459717e-02	-1.621709316968917847e-01	-5.344631075859069824e-01	-3.445173501968383789e-01	-5.896320343017578125e-01	2.699349522590637207e-01	1.208631992340087891e-01
-7.619015127420425415e-02	-4.173228144645690918e-01	2.033080458641052246e-01	1.155817434191703796e-01	4.352916479110717773e-01	2.159559428691864014e-01	-3.184365332126617432e-01	-4.397472441196441650e-01	3.816188573837280273e-01	2.980185747146606445e-01
3.372907638549804688e-01	-2.223778814077377319e-01	-2.492156326770782471e-01	1.021228730678558350e-01	4.301169216632843018e-01	9.062364697456359863e-03	-2.727139592170715332e-01	3.905054926872253418e-01	4.353740811347961426e-01	-4.034163355827331543e-01
-2.426954656839370728e-01	-3.921717703342437744e-01	-9.868445247411727905e-02	-4.391621351242065430e-01	8.769830316305160522e-02	-5.103649497032165527e-01	-1.378844380378723145e-01	-2.723738849163055420e-01	1.323069632053375244e-01	4.536848366260528564e-01
-7.463786005973815918e-02	1.137253418564796448e-01	-3.731722533702850342e-01	1.818590760231018066e-01	-2.946286797523498535e-01	-4.135689139366149902e-01	-1.501210927963256836e-01	-6.422874927520751953e-01	3.735115379095077515e-02	-3.389033973217010498e-01
5.706847310066223145e-01	-4.873408675193786621e-01	-3.167153894901275635e-01	-2.093528658151626587e-01	-2.457565814256668091e-02	3.046725690364837646e-01	-1.134133115410804749e-01	-7.434929162263870239e-02	-3.803922235965728760e-01	1.901648789644241333e-01
3.660439047962427139e-03	1.143905334174633026e-02	-5.078771710395812988e-01	-4.436869621276855469e-01	-5.307373404502868652e-01	-3.536997735500335693e-01	-1.307924687862396240e-01	2.014218717813491821e-01	2.036805152893066406e-01	-1.977609992027282715e-01
-4.522095918655395508e-01	-1.203111410140991211e-01	1.791170686483383179e-01	2.662548236548900604e-02	-3.623902201652526855e-01	3.930832147598266602e-01	3.225732445716857910e-01	5.423524975776672363e-01	2.514442801475524902e-01	-3.122020699083805084e-02
-3.495066463947296143e-01	-5.632548332214355469e-01	2.392616868019104004e-01	5.478708744049072266e-01	1.523343026638031006e-01	1.221016719937324524e-01	7.453040033578872681e-02	-1.663710922002792358e-01	2.191590368747711182e-01	-2.894841432571411133e-01
-7.989585399627685547e-02	3.507950603961944580e-01	-3.361665010452270508e-01	3.113746941089630127e-01	4.630101621150970459e-01	1.853321045637130737e-01	-5.303770899772644043e-01	-1.533769518136978149e-01	3.108470737934112549e-01	1.020817235112190247e-01
-3.733086287975311279e-01	-4.043686985969543457e-01	1.791156381368637085e-01	-4.561178386211395264e-01	1.787775568664073944e-02	2.746205329895019531e-01	1.746082305908203125e-01	-3.789652884006500244e-01	-3.088614046573638916e-01	-3.343151807785034180e-01
-1.036151573061943054e-01	4.551703333854675293e-01	8.071728795766830444e-02	-9.464291483163833618e-02	3.200560510158538818e-01	-8.012723922729492188e-01	1.411301195621490479e-01	-2.895325422286987305e-02	1.499871909618377686e-02	-3.401383012533187866e-02
4.756217896938323975e-01	-2.029567807912826538e-01	7.825782895088195801e-02	4.573170095682144165e-02	-5.162833929061889648e-01	-4.411858618259429932e-01	1.030756309628486633e-01	6.005385424941778183e-03	3.881787508726119995e-02	-5.010148882865905762e-01
-4.607113599777221680e-01	-9.277182817459106445e-02	-2.654211223125457764e-01	4.340825974941253662e-01	-3.212614357471466064e-01	-2.470070570707321167e-01	2.274513393640518188e-01	-2.701095044612884521e-01	1.675593107938766479e-01	-4.508566558361053467e-01
3.720659017562866211e-01	-8.261489123106002808e-02	1.276225149631500244e-01	-5.191884040832519531e-01	-2.256982773542404175e-01	-2.171441763639450073e-01	-3.931613564491271973e-01	2.543924450874328613e-01	4.901008009910583496e-01	-1.063780263066291809e-01
-1.405037641525268555e-01	5.790445804595947266e-01	-2.093189656734466553e-01	-3.359467387199401855e-01	-3.886712491512298584e-01	1.432783808559179306e-02	3.972633183002471924e-01	1.098381914198398590e-02	-3.459605574607849121e-01	2.437073439359664917e-01
3.960477709770202637e-01	4.635083079338073730e-01	-1.822743266820907593e-01	-1.717521436512470245e-02	-3.855512440204620361e-01	6.414776435121893883e-04	-4.489383995532989502e-01	4.283139407634735107e-01	-4.965604096651077271e-02	2.422250658273696899e-01
-8.980535715818405151e-02	2.545088827610015869e-01	-9.365025162696838379e-02	-1.856836974620819092e-01	-6.624602675437927246e-01	-3.336600959300994873e-01	-5.428169965744018555e-01	5.220754817128181458e-02	6.915896385908126831e-02	1.776790618896484375e-01
3.317872062325477600e-02	9.747177362442016602e-03	-7.557984441518783569e-02	-3.368521630764007568e-01	4.618306457996368408e-01	-5.126591920852661133e-01	1.825603842735290527e-01	3.988677561283111572e-01	-1.698725223541259766e-01	-4.268897175788879395e-01
3.427149057388305664e-01	-7.656141370534896851e-02	2.118224650621414185e-01	3.258815705776214600e-01	4.453563988208770752e-01	6.517419964075088501e-02	-4.788497984409332275e-01	-5.156292319297790527e-01	2.014944329857826233e-02	1.656822860240936279e-01
-1.401178240776062012e-01	3.864887356758117676e-01	-2.249693721532821655e-01	-3.346556425094604492e-01	-3.791447579860687256e-01	-3.118925690650939941e-01	-6.222293376922607422e-01	7.242598105221986771e-03	4.288557544350624084e-02	1.957019716501235962e-01
4.421679973602294922e-01	-2.760162949562072754e-01	6.862894631922245026e-03	-8.961058408021926880e-02	2.920988500118255615e-01	1.134402453899383545e-01	5.092745423316955566e-01	2.918860316276550293e-02	-4.268997013568878174e-01	4.237675368785858154e-01
1.631973981857299805e-01	-8.671213686466217041e-02	-3.192249536514282227e-01	-3.417008519172668457e-01	2.232682108879089355e-01	-2.601397037506103516e-01	4.495828449726104736e-01	-1.793726347386837006e-02	3.271408677101135254e-01	-5.658572912216186523e-01
3.765780627727508545e-01	4.773908555507659912e-01	-3.089664578437805176e-01	3.113597631454467773e-01	-2.794613838195800781e-01	-3.086197376251220703e-01	1.026227027177810669e-01	-8.638013154268264771e-02	-4.965315461158752441e-01	-7.701747817918658257e-04
-1.310794204473495483e-01	2.763393521308898926e-01	-8.509643375873565674e-02	-1.775123775005340576e-01	-5.528212189674377441e-01	-5.224187970161437988e-01	-4.036899209022521973e-01	-7.155069708824157715e-02	3.036836087703704834e-01	1.698858439922332764e-01
-2.196306437253952026e-01	4.190667271614074707e-01	2.429544776678085327e-01	-1.926228702068328857e-01	-2.106148600578308105e-01	-5.592209696769714355e-01	-4.413151443004608154e-01	-2.105149030685424805e-01	3.744827955961227417e-02	2.871417105197906494e-01
3.326550126075744629e-01	3.096466064453125000e-01	-1.193435490131378174e-01	-4.660806655883789062e-01	-4.124200344085693359e-01	2.374176383018493652e-01	-4.512785971164703369e-01	1.197716686874628067e-02	-3.337385952472686768e-01	1.426565945148468018e-01
-2.641372196376323700e-02	-2.812079191207885742e-01	-2.943007946014404297e-01	-2.717440426349639893e-01	2.706469893455505371e-01	-4.475346803665161133e-01	-2.851917147636413574e-01	-3.483861088752746582e-01	2.462232112884521484e-01	4.721192717552185059e-01
3.959992527961730957e-02	-3.300640285015106201e-01	4.611848890781402588e-01	-2.952659130096435547e-01	2.630744278430938721e-01	-8.523485809564590454e-02	-2.586059272289276123e-01	-5.327112674713134766e-01	-2.330939173698425293e-01	-3.288646936416625977e-01
-2.074424922466278076e-01	9.528995305299758911e-02	-2.367106080055236816e-01	-2.085179686546325684e-01	-4.723853170871734619e-01	4.727341234683990479e-01	5.247073769569396973e-01	-7.564146537333726883e-03	-2.404147386550903320e-01	-2.618699669837951660e-01
-1.551834940910339355e-01	4.355754852294921875e-01	-5.528611540794372559e-01	3.263837695121765137e-01	-7.818754017353057861e-02	-3.040822967886924744e-02	-1.916225254535675049e-01	4.261503815650939941e-01	-3.208129703998565674e-01	-2.138408273458480835e-01
3.756489232182502747e-02	3.370498120784759521e-01	1.043075975030660629e-02	5.600251555442810059e-01	-5.229200422763824463e-02	-2.894341945648193359e-01	-3.254673182964324951e-01	-4.291856661438941956e-02	5.163446664810180664e-01	-3.322047293186187744e-01
4.634197354316711426e-01	-5.869400501251220703e-02	-1.167452558875083923e-01	4.052262306213378906e-01	3.664717972278594971e-01	-3.649377822875976562e-01	-2.705231904983520508e-01	3.598177134990692139e-01	2.069098353385925293e-01	-3.016867637634277344e-01
2.345685213804244995e-01	1.751429140567779541e-01	-3.927494287490844727e-01	-1.459687352180480957e-01	2.677719295024871826e-01	2.503422200679779053e-01	-5.673916935920715332e-01	-3.238163292407989502e-01	-3.797683417797088623e-01	1.826368123292922974e-01
4.560993984341621399e-02	3.668616712093353271e-01	-1.692262142896652222e-01	-2.307298183441162109e-01	-5.438812971115112305e-01	-1.633964627981185913e-01	-6.619426012039184570e-01	2.823281288146972656e-02	-5.619350448250770569e-02	1.297316700220108032e-01
-2.493434995412826538e-01	4.731471240520477295e-01	1.569184809923171997e-01	-2.083759307861328125e-01	1.423323713243007660e-02	3.583951890468597412e-01	4.411937594413757324e-01	-2.075265944004058838e-01	4.512328803539276123e-01	-2.755641937255859375e-01
8.479084074497222900e-02	-1.724481880664825439e-01	2.141740322113037109e-01	-2.206965684890747070e-01	-1.042454503476619720e-02	-3.716115951538085938e-01	-7.357578873634338379e-01	-4.333352148532867432e-01	3.605590434744954109e-03	-3.403975814580917358e-02
-5.009482502937316895e-01	2.227187156677246094e-01	1.061617508530616760e-01	9.352397173643112183e-02	2.682058811187744141e-01	-2.649019062519073486e-01	-3.054279983043670654e-01	-1.117764506489038467e-02	-4.452086389064788818e-01	4.956822395324707031e-01
-2.574570775032043457e-01	1.881150454282760620e-01	7.053517550230026245e-02	-1.721141338348388672e-01	-3.886489272117614746e-01	-4.993077814579010010e-01	-6.359389424324035645e-01	-2.363162636756896973e-01	1.101570669561624527e-03	5.575605109333992004e-02
1.035689488053321838e-01	3.000456094741821289e-01	-3.549370467662811279e-01	-1.198529973626136780e-01	4.747677147388458252e-01	4.160712063312530518e-01	5.968402139842510223e-03	3.003835082054138184e-01	3.446729183197021484e-01	3.889937698841094971e-01
-1.803985387086868286e-01	3.862791061401367188e-01	6.431125849485397339e-02	-4.610244631767272949e-01	4.307552054524421692e-02	-2.268648445606231689e-01	-1.892413496971130371e-01	-6.549935340881347656e-01	1.721982508897781372e-01	2.318645119667053223e-01
-5.227685570716857910e-01	-4.790557175874710083e-02	-8.628638088703155518e-02	-1.649925112724304199e-01	-2.980309426784515381e-01	-5.328709483146667480e-01	-1.827019006013870239e-01	-1.796122491359710693e-01	2.805212736129760742e-01	4.155039489269256592e-01
-3.994962275028228760e-01	1.422890573740005493e-01	-2.370858937501907349e-01	-1.679519414901733398e-01	-4.276861548423767090e-01	-4.704578816890716553e-01	-2.011066973209381104e-01	-1.750279031693935394e-02	2.753899693489074707e-01	4.635764658451080322e-01
3.541125059127807617e-01	-2.418963760137557983e-01	4.447055757045745850e-01	3.230817019939422607e-01	-9.053334593772888184e-02	4.890424609184265137e-01	1.172742769122123718e-01	3.318228423595428467e-01	3.404047191143035889e-01	-1.638654470443725586e-01
1.425559725612401962e-02	-4.475426077842712402e-01	-2.894789278507232666e-01	-4.911694228649139404e-01	1.322496384382247925e-01	5.618651048280298710e-04	-3.111613690853118896e-01	-5.533692240715026855e-01	7.198839634656906128e-02	-2.207838296890258789e-01
-2.933246493339538574e-01	3.300757706165313721e-01	5.819952860474586487e-02	-2.843835055828094482e-01	-7.505039572715759277e-01	-1.507095247507095337e-01	-2.897191047668457031e-01	-7.107353210449218750e-02	2.126888632774353027e-01	-2.355536818504333496e-02
1.538727432489395142e-01	3.835213184356689453e-02	1.033252626657485962e-01	3.566893637180328369e-01	-2.436596341431140900e-02	4.862182438373565674e-01	-6.013115644454956055e-01	3.775114119052886963e-01	1.543212383985519409e-01	-2.684053778648376465e-01
2.101498246192932129e-01	-2.570768594741821289e-01	-1.683913171291351318e-02	-1.222565472126007080e-01	-6.085607409477233887e-01	1.355350315570831299e-01	-5.403276085853576660e-01	2.971086502075195312e-01	-2.439299412071704865e-02	-3.240060210227966309e-01
2.995780706405639648e-01	3.407897055149078369e-01	-5.043018460273742676e-01	-2.569426596164703369e-01	-3.631046116352081299e-01	3.863319754600524902e-01	2.800762839615345001e-02	1.763842105865478516e-01	-8.698308840394020081e-03	4.008823037147521973e-01
-1.284579634666442871e-01	-2.606215476989746094e-01	-3.056957721710205078e-01	-3.532021045684814453e-01	3.426242172718048096e-01	2.568939328193664551e-01	-3.052740097045898438e-01	-4.799987673759460449e-01	-6.226797774434089661e-02	-4.318784177303314209e-01
-3.759391978383064270e-02	4.294596910476684570e-01	2.773169875144958496e-01	-3.403708040714263916e-01	1.271168794482946396e-02	4.623543024063110352e-01	4.462067782878875732e-01	-3.806194961071014404e-01	-1.058425903320312500e-01	2.286628186702728271e-01
-3.636148869991302490e-01	-3.207214772701263428e-01	-2.195130437612533569e-01	-4.517569839954376221e-01	2.969926595687866211e-01	2.381734699010848999e-01	3.633189797401428223e-01	3.245005607604980469e-01	-2.616290450096130371e-01	2.489363402128219604e-01
-5.744602680206298828e-01	2.186983823776245117e-02	-4.329897463321685791e-01	3.150329887866973877e-01	-2.771287858486175537e-01	1.373068541288375854e-01	3.612531721591949463e-01	-4.291837662458419800e-02	-1.499842852354049683e-01	3.637258708477020264e-01
-3.306700661778450012e-02	3.465409576892852783e-01	-2.646617963910102844e-02	-1.723027229309082031e-01	-4.094476103782653809e-01	-3.429325520992279053e-01	-7.322971820831298828e-01	-1.550057977437973022e-01	-4.131422191858291626e-02	3.441390767693519592e-02
5.353135466575622559e-01	3.017391860485076904e-01	-4.518013596534729004e-01	-1.025573387742042542e-01	1.972400099039077759e-01	-1.414737850427627563e-01	-1.428337991237640381e-01	1.780495792627334595e-02	5.518686175346374512e-01	-1.534746587276458740e-01
-2.067595720291137695e-01	2.392122596502304077e-01	4.463218748569488525e-01	-2.987887859344482422e-01	-2.478520572185516357e-02	4.235477447509765625e-01	3.617167472839355469e-01	3.932048678398132324e-01	2.843194901943206787e-01	-2.554534971714019775e-01
2.454729676246643066e-01	3.214849233627319336e-01	6.242368370294570923e-03	-1.825181990861892700e-01	-5.712168216705322266e-01	-4.693376421928405762e-01	-4.943859577178955078e-01	1.092696636915206909e-01	-1.039776764810085297e-02	-2.565813949331641197e-03
-3.758053779602050781e-01	4.573470652103424072e-01	3.338625133037567139e-01	-2.134253084659576416e-01	3.753933608531951904e-01	1.241920283064246178e-03	-3.908984654117375612e-04	-4.354172945022583008e-01	4.010015428066253662e-01	3.573809936642646790e-02
-3.147711157798767090e-01	-2.299460023641586304e-01	1.487591117620468140e-01	-1.373685151338577271e-01	-6.202453970909118652e-01	-1.025831177830696106e-01	-4.988531768321990967e-02	1.727876663208007812e-01	4.727764427661895752e-01	3.949114978313446045e-01
-4.714470803737640381e-01	-6.871699541807174683e-02	-6.769637018442153931e-02	-2.007326632738113403e-01	2.850333787500858307e-02	7.088797539472579956e-02	8.926900476217269897e-02	-1.241439655423164368e-01	4.664016664028167725e-01	-6.938230991363525391e-01
-1.688330993056297302e-02	4.139611423015594482e-01	1.560259163379669189e-01	-2.813473641872406006e-01	-3.546169698238372803e-01	-4.804271757602691650e-01	-5.401093363761901855e-01	-2.878662198781967163e-02	2.132210880517959595e-01	1.740029752254486084e-01
-4.069531857967376709e-01	-3.215302824974060059e-01	-3.745070397853851318e-01	2.138883322477340698e-01	3.677313029766082764e-01	-5.176846981048583984e-01	3.190640211105346680e-01	1.440788358449935913e-01	1.291159689426422119e-01	5.047994107007980347e-02
-1.597708612680435181e-01	-6.395897269248962402e-02	-5.300039052963256836e-01	4.504943490028381348e-01	-1.513356566429138184e-01	2.447375208139419556e-01	-2.425304241478443146e-02	-4.605973064899444580e-01	3.074718713760375977e-01	3.105756044387817383e-01
7.252635806798934937e-02	4.661586582660675049e-01	-5.598675832152366638e-02	-2.934861183166503906e-01	-2.370511442422866821e-01	-5.650265216827392578e-01	-5.547730922698974609e-01	6.072242278605699539e-03	2.980756573379039764e-02	6.340679526329040527e-02
2.555406652390956879e-02	4.618686437606811523e-01	-2.436590194702148438e-01	-3.647819161415100098e-01	-5.535658001899719238e-01	-1.963616460561752319e-01	-1.257651299238204956e-01	2.351194322109222412e-01	1.101524382829666138e-01	4.066501259803771973e-01
-1.504562348127365112e-01	1.676692217588424683e-01	9.131168574094772339e-02	-1.095513328909873962e-01	-7.697974443435668945e-01	-1.223229020833969116e-01	-4.570265710353851318e-01	-6.600339710712432861e-02	1.305690594017505646e-02	3.285718560218811035e-01
-3.157966434955596924e-01	-1.130948290228843689e-01	-4.358445703983306885e-01	1.863269656896591187e-01	5.264301896095275879e-01	-3.487916886806488037e-01	-3.267255723476409912e-01	2.809787094593048096e-01	-1.239466369152069092e-01	2.509140968322753906e-01
-3.262743726372718811e-02	3.084245920181274414e-01	-2.066076993942260742e-01	-2.967010736465454102e-01	-4.666386544704437256e-01	-3.882797956466674805e-01	-4.233836829662322998e-01	3.727609664201736450e-02	4.728133678436279297e-01	-1.956548914313316345e-02
8.235395699739456177e-02	-6.404102779924869537e-03	-1.423521935939788818e-01	-1.353328526020050049e-01	3.182598948478698730e-01	-6.043213605880737305e-01	5.873296260833740234e-01	-8.538290113210678101e-02	-2.465764582157135010e-01	-2.739668488502502441e-01
2.740929424762725830e-01	-1.176087260246276855e-01	-4.094548523426055908e-02	5.947856903076171875e-01	-4.235243052244186401e-02	-1.705559343099594116e-02	6.218416094779968262e-01	2.592480778694152832e-01	3.153760135173797607e-01	-1.230944320559501648e-02
9.498929232358932495e-02	4.818933904170989990e-01	-2.475571483373641968e-01	8.188806474208831787e-02	4.535011947154998779e-01	1.787889003753662109e-01	4.621264040470123291e-01	-1.876439750194549561e-01	-3.235205411911010742e-01	-3.157532215118408203e-01
-1.764225214719772339e-01	3.084465563297271729e-01	3.753276541829109192e-02	-1.317283809185028076e-01	-5.800914764404296875e-01	-2.795387506484985352e-01	-6.285102963447570801e-01	1.603084057569503784e-02	1.120241358876228333e-01	1.802642494440078735e-01
-1.886555552482604980e-01	-3.010646700859069824e-01	-9.682630188763141632e-03	-1.557372510433197021e-01	-5.743377208709716797e-01	7.423466444015502930e-02	-4.004619419574737549e-01	-1.123666092753410339e-01	3.657558262348175049e-01	4.552727043628692627e-01
9.352658689022064209e-02	6.504312902688980103e-02	4.572032392024993896e-01	-1.096807653084397316e-03	-4.925908148288726807e-01	-2.710899710655212402e-01	8.990195393562316895e-02	4.520687460899353027e-01	-5.426133424043655396e-02	-4.964450895786285400e-01
-4.580864012241363525e-01	-2.824203576892614365e-03	1.260354463011026382e-02	-8.037321269512176514e-02	-5.188450217247009277e-01	-5.156778693199157715e-01	-4.167826175689697266e-01	-1.382909417152404785e-01	2.347850799560546875e-01	-2.121423557400703430e-02
-3.789631426334381104e-01	2.512640655040740967e-01	4.079752862453460693e-01	-3.071608245372772217e-01	2.432683408260345459e-01	3.959872126579284668e-01	2.999212145805358887e-01	2.197311371564865112e-01	5.355145782232284546e-02	-4.187768399715423584e-01
1.069966703653335571e-01	1.614890061318874359e-02	-4.420934319496154785e-01	-2.372409254312515259e-01	-5.438108369708061218e-02	-1.840485930442810059e-01	-3.805596232414245605e-01	1.767048388719558716e-01	6.822516322135925293e-01	2.412720620632171631e-01
3.473037779331207275e-01	-5.037806034088134766e-01	-4.116088449954986572e-01	2.919901907444000244e-01	4.047695100307464600e-01	-3.742111921310424805e-01	-1.377255469560623169e-01	1.905532926321029663e-01	7.911843061447143555e-02	7.412151247262954712e-02
-3.829166293144226074e-02	2.625041902065277100e-01	-1.661744266748428345e-01	-3.559437394142150879e-01	-3.443249464035034180e-01	-3.762122988700866699e-01	-6.386915445327758789e-01	1.625041961669921875e-01	2.552833259105682373e-01	-1.253630816936492920e-01
-3.659685552120208740e-01	-2.670277953147888184e-01	4.341446161270141602e-01	-2.155771106481552124e-01	4.141126275062561035e-01	3.066443204879760742e-01	-3.108209669589996338e-01	3.868710398674011230e-01	1.218403577804565430e-01	1.821101605892181396e-01
3.386597633361816406e-01	2.716003060340881348e-01	1.942493468523025513e-01	-1.234482675790786743e-01	-1.963762938976287842e-01	9.790173918008804321e-02	-1.840893030166625977e-01	-4.682487249374389648e-02	2.423822693526744843e-02	8.208245635032653809e-01
-1.722803860902786255e-01	3.934946060180664062e-01	-2.417830675840377808e-01	-2.891630530357360840e-01	-1.831123232841491699e-01	-3.832467198371887207e-01	-3.242078721523284912e-01	9.012105315923690796e-02	-2.661095857620239258e-01	-5.558347105979919434e-01
4.713592231273651123e-01	4.563206732273101807e-01	-3.853090703487396240e-01	4.206560552120208740e-02	7.027231156826019287e-02	-2.319581992924213409e-02	1.525302827358245850e-01	2.021366804838180542e-01	-3.531937897205352783e-01	-4.743547737598419189e-01
9.294755756855010986e-02	2.134699523448944092e-01	5.661245062947273254e-02	-3.734700977802276611e-01	-5.275969505310058594e-01	-3.777709603309631348e-01	-5.327625870704650879e-01	1.111359894275665283e-01	2.537243664264678955e-01	1.465391218662261963e-01
1.941278390586376190e-02	4.306347072124481201e-01	-5.213678479194641113e-01	-1.402358859777450562e-01	-3.727821707725524902e-01	-1.044464558362960815e-01	-2.078353464603424072e-01	5.010622739791870117e-01	-2.336176037788391113e-01	1.548372805118560791e-01
-5.452376008033752441e-01	2.620511921122670174e-03	4.943682849407196045e-01	-3.726839646697044373e-02	-2.901619374752044678e-01	-4.873996376991271973e-01	1.047592833638191223e-01	7.183360308408737183e-02	2.980056405067443848e-01	1.738558113574981689e-01
2.907590754330158234e-02	3.574013113975524902e-01	-9.934308379888534546e-02	-2.622297108173370361e-01	-5.116254091262817383e-01	-1.707167625427246094e-01	-5.906108617782592773e-01	5.357849225401878357e-02	3.456268012523651123e-01	1.753025799989700317e-01
1.192294247448444366e-02	1.876808255910873413e-01	-1.803093031048774719e-02	-1.770124882459640503e-01	-5.478935837745666504e-01	-4.508172273635864258e-01	-5.859027504920959473e-01	1.057744845747947693e-01	1.602217257022857666e-01	2.222842723131179810e-01
4.278532564640045166e-01	2.033728957176208496e-01	-2.783711552619934082e-01	-2.737871110439300537e-01	4.405616223812103271e-01	-3.797264099121093750e-01	3.990669548511505127e-01	1.979594975709915161e-01	1.587612330913543701e-01	2.473802417516708374e-01
-3.669477999210357666e-02	6.034069061279296875e-01	-3.255207538604736328e-01	-3.027719557285308838e-01	1.999567747116088867e-01	-2.172827906906604767e-02	-3.457907438278198242e-01	-3.025942444801330566e-01	-4.047869145870208740e-01	-1.465509533882141113e-01
-2.393528670072555542e-01	2.931770384311676025e-01	6.064026802778244019e-02	-5.493081212043762207e-01	-3.991711735725402832e-01	-4.053019285202026367e-01	-2.357211858034133911e-01	2.116456478834152222e-01	2.414201349020004272e-01	-2.628524303436279297e-01
4.588558673858642578e-01	-1.893915534019470215e-01	-2.244990766048431396e-01	4.428124725818634033e-01	4.058759510517120361e-01	-4.690289497375488281e-02	4.266643896698951721e-02	-5.276598781347274780e-02	5.682827234268188477e-01	1.123135611414909363e-01
-1.307329386472702026e-01	5.850899219512939453e-01	2.604788541793823242e-01	-1.256116628646850586e-01	2.437142431735992432e-01	4.739848673343658447e-01	-2.423647344112396240e-01	4.009521305561065674e-01	1.762263029813766479e-01	-1.494449526071548462e-01
-1.136497855186462402e-01	-1.597983986139297485e-01	-3.359191417694091797e-01	-2.758776396512985229e-02	-6.317424774169921875e-02	3.539599776268005371e-01	-2.247641384601593018e-01	3.846071958541870117e-01	4.258938431739807129e-01	-5.820993185043334961e-01
-2.839200496673583984e-01	6.071206182241439819e-02	-2.347182929515838623e-01	-1.549488902091979980e-01	-3.754846155643463135e-01	3.314352035522460938e-01	-1.733940988779067993e-01	-4.789128005504608154e-01	2.272832393646240234e-02	5.708100795745849609e-01
-1.955268830060958862e-01	-1.073919236660003662e-01	1.633080691099166870e-01	3.111064732074737549e-01	-6.536300182342529297e-01	-1.920299977064132690e-01	-3.648111820220947266e-01	-3.848535716533660889e-01	-2.664061486721038818e-01	1.024692356586456299e-01
-5.298393964767456055e-02	3.041474521160125732e-01	-2.656381726264953613e-01	-4.828840494155883789e-01	-3.624202609062194824e-01	-3.607155084609985352e-01	-4.800530374050140381e-01	2.339897602796554565e-01	1.829636693000793457e-01	1.442368626594543457e-01
5.120840668678283691e-02	1.720758825540542603e-01	1.445472147315740585e-02	-2.954130433499813080e-02	-5.262669324874877930e-01	-5.425452589988708496e-01	-4.895833730697631836e-01	1.890676617622375488e-01	9.679060429334640503e-02	3.325159251689910889e-01
5.476285219192504883e-01	4.201482236385345459e-01	-6.160269305109977722e-02	-1.038549561053514481e-02	-6.477141380310058594e-01	-1.882886886596679688e-01	6.530111283063888550e-02	1.211971491575241089e-01	1.287267655134201050e-01	1.707804948091506958e-01
-1.386549770832061768e-01	3.166701495647430420e-01	2.716545164585113525e-01	-4.495357573032379150e-01	2.318781018257141113e-01	4.543677866458892822e-01	-3.989770710468292236e-01	-2.906036078929901123e-01	1.787804253399372101e-02	-3.169319629669189453e-01
-8.120043575763702393e-02	2.768127024173736572e-01	-1.405410468578338623e-01	1.379472166299819946e-01	-3.896470963954925537e-01	-3.777683377265930176e-01	-3.750498890876770020e-01	-1.021490842103958130e-01	6.522126793861389160e-01	8.359385281801223755e-02
-2.981003522872924805e-01	1.685833781957626343e-01	5.418416485190391541e-02	-3.837092816829681396e-01	-2.581255137920379639e-01	-5.057713389396667480e-02	8.986919373273849487e-02	7.051462531089782715e-01	1.833093911409378052e-01	3.527750372886657715e-01
1.159590203315019608e-02	4.189133048057556152e-01	-2.519282400608062744e-01	-2.198922038078308105e-01	-2.931258678436279297e-01	-2.370310872793197632e-01	-6.941028237342834473e-01	-2.748869359493255615e-01	1.106789484620094299e-01	2.930589020252227783e-02
-9.683789312839508057e-02	3.542345464229583740e-01	4.152002036571502686e-01	-4.143533706665039062e-01	1.776641979813575745e-02	-2.728206515312194824e-01	-4.258922338485717773e-01	4.705453217029571533e-01	1.536851674318313599e-01	-1.410578638315200806e-01
1.241572350263595581e-01	3.778806328773498535e-01	4.688698351383209229e-01	2.431413680315017700e-01	2.860277593135833740e-01	-3.556123673915863037e-01	-7.640668749809265137e-02	-2.953100502490997314e-01	1.814589053392410278e-01	-4.781100749969482422e-01
-2.981358170509338379e-01	2.033830583095550537e-01	4.284651577472686768e-02	-2.865526378154754639e-01	-6.360886096954345703e-01	-3.716467022895812988e-01	-4.664990007877349854e-01	1.099496856331825256e-01	7.954423874616622925e-02	8.387270569801330566e-02
3.182353675365447998e-01	3.837488889694213867e-01	-1.132588386535644531e-01	-2.175318747758865356e-01	-2.380114793777465820e-01	3.405902087688446045e-01	4.919151663780212402e-01	4.292277097702026367e-01	1.223226264119148254e-02	-3.038054108619689941e-01
2.599827647209167480e-01	5.150405168533325195e-01	-1.015219464898109436e-01	-3.576419055461883545e-01	-4.367660880088806152e-01	5.359205603599548340e-02	-4.875106215476989746e-01	1.055285856127738953e-01	2.485715150833129883e-01	1.571632474660873413e-01
4.478811621665954590e-01	3.760929033160209656e-02	2.284595966339111328e-01	-1.094465143978595734e-02	-4.246774911880493164e-01	-6.804785132408142090e-01	2.395955473184585571e-01	-1.254364550113677979e-01	-1.632058173418045044e-01	4.995971173048019409e-02
1.927679032087326050e-01	3.181216493248939514e-02	3.045870959758758545e-01	-1.766828298568725586e-01	-7.107690572738647461e-01	-5.555935502052307129e-01	-8.895705640316009521e-02	-3.361693024635314941e-02	-7.411435246467590332e-02	9.708338230848312378e-02
-2.363947331905364990e-01	4.148767590522766113e-01	1.410650759935379028e-01	-4.434171915054321289e-01	-2.911867499351501465e-01	-1.005425825715065002e-01	3.364717960357666016e-01	6.501647084951400757e-02	3.122497200965881348e-01	4.956185221672058105e-01
7.478033751249313354e-02	-2.719929516315460205e-01	-4.044321179389953613e-01	-3.549766242504119873e-01	3.763961791992187500e-01	2.161875367164611816e-01	5.184274315834045410e-01	-3.336881697177886963e-01	-2.404982745647430420e-01	-6.699714809656143188e-02
1.345487534999847412e-01	-5.845222994685173035e-02	-4.747910797595977783e-01	-4.034136533737182617e-01	-1.928757317364215851e-02	4.685767590999603271e-01	3.559252321720123291e-01	-4.272484481334686279e-01	-1.445115059614181519e-01	2.006662636995315552e-01
7.805428653955459595e-02	3.488630950450897217e-01	1.672963649034500122e-01	-2.517063915729522705e-01	-4.632802903652191162e-01	-2.000246047973632812e-01	-5.877245664596557617e-01	2.737968228757381439e-02	3.506234288215637207e-01	2.389829307794570923e-01
-3.359743654727935791e-01	1.959332525730133057e-01	-7.564693689346313477e-02	-2.440491169691085815e-01	-5.271198749542236328e-01	-4.131843447685241699e-01	-5.541821122169494629e-01	-1.293122619390487671e-01	-3.340047597885131836e-02	9.958542138338088989e-02
-5.778410434722900391e-01	3.537961542606353760e-01	-4.277862608432769775e-01	-1.505011022090911865e-01	1.792868077754974365e-01	-9.329161047935485840e-02	-2.270326018333435059e-01	-1.541298031806945801e-01	3.880396187305450439e-01	-2.618297338485717773e-01
-1.106903925538063049e-01	5.186539888381958008e-01	-1.578007489442825317e-01	-1.543441414833068848e-01	-5.047503709793090820e-01	-2.399917691946029663e-01	-5.123754739761352539e-01	-1.071160659193992615e-01	2.070802748203277588e-01	2.019124329090118408e-01
8.840423822402954102e-02	3.676524162292480469e-01	7.410919666290283203e-02	7.779305451549589634e-04	2.133702784776687622e-01	-3.885528445243835449e-01	-4.559519886970520020e-01	4.805501103401184082e-01	-2.968417108058929443e-01	3.578936159610748291e-01
3.124688267707824707e-01	-6.719010416418313980e-03	-6.956715583801269531e-01	2.565386891365051270e-01	-3.960713744163513184e-01	-1.603859215974807739e-01	-3.932157456874847412e-01	-1.361479330807924271e-02	-2.900507487356662750e-02	1.196053698658943176e-01
3.763535991311073303e-02	2.374276965856552124e-01	-2.624684385955333710e-02	-2.088097333908081055e-01	-7.055056095123291016e-01	-3.232480287551879883e-01	-4.680222570896148682e-01	9.968099743127822876e-02	2.465990334749221802e-01	7.682178169488906860e-02
2.556466460227966309e-01	-2.647945880889892578e-01	2.203187942504882812e-01	-3.081205487251281738e-02	-1.695241630077362061e-01	-2.314800955355167389e-02	7.017086744308471680e-01	4.958147108554840088e-01	-1.391127109527587891e-01	-1.678832322359085083e-01
-8.445049077272415161e-02	3.410296738147735596e-01	1.428529769182205200e-01	5.643606185913085938e-01	1.710211299359798431e-02	-2.200061827898025513e-02	3.097131252288818359e-01	-3.220939636230468750e-01	1.741755157709121704e-01	-5.539645552635192871e-01
1.911807209253311157e-01	3.799841105937957764e-01	-2.221643924713134766e-01	-2.953850030899047852e-01	1.014955341815948486e-01	-6.904379725456237793e-01	-2.685691416263580322e-01	1.782736927270889282e-01	-2.810300886631011963e-01	1.120627969503402710e-01
2.802101075649261475e-01	-3.727815151214599609e-01	3.553522229194641113e-01	8.640406280755996704e-02	4.990744292736053467e-01	3.088132143020629883e-01	-2.539494633674621582e-01	4.189425706863403320e-02	3.121220171451568604e-01	3.750586509704589844e-01
1.204171255230903625e-01	8.009909838438034058e-02	3.921999037265777588e-01	-1.606679558753967285e-01	-2.791993021965026855e-01	5.007584691047668457e-01	-4.516023099422454834e-01	3.976633846759796143e-01	3.284829854965209961e-01	-2.749360352754592896e-02
-6.027605757117271423e-02	3.003352880477905273e-01	-2.688209526240825653e-02	-1.106923744082450867e-01	-6.617461442947387695e-01	-3.053355813026428223e-01	-5.451661348342895508e-01	2.441017180681228638e-01	1.912881992757320404e-02	6.996218860149383545e-02
-7.447533309459686279e-02	2.229897379875183105e-01	-3.225570619106292725e-01	-2.690139412879943848e-01	-2.996977269649505615e-01	3.203223273158073425e-02	2.957338392734527588e-01	3.299933373928070068e-01	6.659477949142456055e-01	1.939899772405624390e-01
2.004717476665973663e-02	1.008880510926246643e-01	-2.169402837753295898e-01	-2.241564840078353882e-01	-4.887195825576782227e-01	2.172880768775939941e-01	2.379522323608398438e-01	4.919779896736145020e-01	5.531138777732849121e-01	3.808986395597457886e-02
5.012931823730468750e-01	3.193161785602569580e-01	-1.126974299550056458e-01	-4.653946161270141602e-01	-2.930327355861663818e-01	-4.853936433792114258e-01	-5.599812418222427368e-02	-4.997875541448593140e-02	2.972292304039001465e-01	-4.466991499066352844e-02
-1.722808182239532471e-01	-6.622788906097412109e-01	-5.357391759753227234e-02	-3.195308148860931396e-01	1.625813394784927368e-01	2.626121342182159424e-01	1.849550753831863403e-01	1.602484434843063354e-01	5.200102925300598145e-01	-3.224070742726325989e-02
2.003310173749923706e-01	-4.461906254291534424e-01	-8.296480774879455566e-02	-2.499251812696456909e-01	-4.781396389007568359e-01	-3.398219048976898193e-01	-4.173392429947853088e-02	2.092140167951583862e-01	-4.476588666439056396e-01	3.184784948825836182e-01
1.498302072286605835e-01	2.398389428853988647e-01	-1.822492927312850952e-01	-2.006340622901916504e-01	-5.239339470863342285e-01	-2.907269001007080078e-01	-4.925529658794403076e-01	2.167477309703826904e-01	4.397894740104675293e-01	6.728640198707580566e-02
1.020241230726242065e-01	-1.442676037549972534e-01	-5.292285699397325516e-03	-2.139067500829696655e-01	-5.719983577728271484e-01	-1.521215289831161499e-01	-5.718733072280883789e-01	2.746643126010894775e-01	3.535791933536529541e-01	2.125396281480789185e-01
3.760535418987274170e-01	3.234978318214416504e-01	-2.604838907718658447e-01	2.328171879053115845e-01	-3.049326241016387939e-01	-2.937152087688446045e-01	3.984136879444122314e-01	-4.400163590908050537e-01	-2.612122893333435059e-01	1.790111660957336426e-01
8.538710884749889374e-03	1.904499083757400513e-01	-3.446846008300781250e-01	-4.563024938106536865e-01	-4.780738651752471924e-01	-8.600756525993347168e-02	-4.664439857006072998e-01	2.957946062088012695e-01	9.914967417716979980e-02	2.928985357284545898e-01
-1.890000849962234497e-01	4.293272793292999268e-01	2.678701877593994141e-01	-1.442401111125946045e-01	-5.473466590046882629e-02	5.559183359146118164e-01	7.178821414709091187e-02	3.904733657836914062e-01	2.071640193462371826e-01	-4.181104302406311035e-01
3.636665940284729004e-01	-1.738239675760269165e-01	3.326683640480041504e-01	-5.378220081329345703e-01	1.091146543622016907e-01	-7.302252203226089478e-02	-2.496925592422485352e-01	2.730526030063629150e-01	5.145746469497680664e-01	1.366807371377944946e-01
-3.674162924289703369e-01	-2.310680449008941650e-01	-2.652019560337066650e-01	4.069314002990722656e-01	1.201092302799224854e-01	3.690938055515289307e-01	3.640335202217102051e-01	-2.403773665428161621e-01	-3.020905256271362305e-01	3.787752389907836914e-01
1.984666734933853149e-01	-2.698953747749328613e-01	-4.079217612743377686e-01	-2.595548033714294434e-01	-1.967606693506240845e-02	-3.777909874916076660e-01	-5.088247656822204590e-01	-2.863149642944335938e-01	4.046315550804138184e-01	7.924599945545196533e-02
-2.448889315128326416e-01	4.688477516174316406e-01	6.630527973175048828e-01	-3.732110857963562012e-01	2.295793145895004272e-01	9.464742988348007202e-02	6.492839753627777100e-02	-1.874258071184158325e-01	1.469597667455673218e-01	1.366725265979766846e-01
-3.256844878196716309e-01	3.716652095317840576e-01	6.672739982604980469e-01	-5.436976440250873566e-03	-8.546434342861175537e-02	4.872153103351593018e-01	-5.901013966649770737e-03	1.326598376035690308e-01	8.898307383060455322e-02	2.006891667842864990e-01
5.765127390623092651e-02	5.444804430007934570e-01	-1.343905478715896606e-01	-8.362752944231033325e-02	-5.408136844635009766e-01	-3.619351685047149658e-01	-4.788725972175598145e-01	-5.386125668883323669e-02	3.352134674787521362e-02	1.354353278875350952e-01
-1.975394040346145630e-01	-2.593445479869842529e-01	5.370316505432128906e-01	-1.613171100616455078e-01	-2.151927649974822998e-01	2.487984895706176758e-01	-5.444549918174743652e-01	4.164739251136779785e-01	-2.729066088795661926e-02	-2.138045802712440491e-02
-8.664856851100921631e-02	6.108787655830383301e-01	-1.951211690902709961e-01	-1.180355250835418701e-01	-4.972372651100158691e-01	-3.347898647189140320e-02	1.875599175691604614e-01	4.011097848415374756e-01	2.700680792331695557e-01	2.234821170568466187e-01
-2.201656103134155273e-01	4.389161467552185059e-01	-4.923521280288696289e-01	-2.772659659385681152e-01	-4.164609313011169434e-01	-2.446209490299224854e-01	-8.761805295944213867e-02	9.152273833751678467e-02	4.335684478282928467e-01	-4.773337021470069885e-02
-9.437894076108932495e-02	4.760664701461791992e-01	-1.780023984611034393e-02	-3.252255916595458984e-01	-3.574241697788238525e-01	-4.513331949710845947e-01	-2.190851271152496338e-01	7.207626104354858398e-02	4.319023191928863525e-01	2.952595651149749756e-01
3.989216387271881104e-01	-1.329529583454132080e-01	-3.811592757701873779e-01	2.191804796457290649e-01	1.673420965671539307e-01	-4.010382294654846191e-01	7.469637691974639893e-02	4.781928956508636475e-01	-4.172717034816741943e-01	1.807313710451126099e-01
5.203346610069274902e-01	-9.306347370147705078e-02	-2.132321000099182129e-01	-2.554129362106323242e-01	-2.397974431514739990e-01	-8.443214744329452515e-02	3.823690116405487061e-01	3.021669983863830566e-01	-4.021815359592437744e-01	-3.820928633213043213e-01
2.578999400138854980e-01	-5.161452293395996094e-01	2.306138277053833008e-01	-2.150515019893646240e-01	-1.828020960092544556e-01	3.794520497322082520e-01	-4.298116266727447510e-01	3.423543274402618408e-01	2.962485849857330322e-01	2.331393584609031677e-02
2.162124067544937134e-01	-3.051534295082092285e-01	-4.607430398464202881e-01	-1.792424470186233521e-01	4.285593032836914062e-01	2.890288233757019043e-01	-1.361814737319946289e-01	-1.297547966241836548e-01	4.703209996223449707e-01	-3.032115399837493896e-01
3.520220816135406494e-01	3.946034610271453857e-01	-3.595949411392211914e-01	-3.459962457418441772e-02	-4.917543530464172363e-01	2.031331211328506470e-01	2.689055204391479492e-01	4.553062096238136292e-02	3.904473483562469482e-01	-2.827458083629608154e-01
4.460833966732025146e-01	-1.359894871711730957e-01	-1.076895445585250854e-01	-1.787463575601577759e-01	2.660151422023773193e-01	-1.001896709203720093e-01	-5.863922834396362305e-01	-4.903413951396942139e-01	2.324038892984390259e-01	-1.409434378147125244e-01
-1.689437776803970337e-01	1.096588447690010071e-01	1.598124951124191284e-01	-2.035814970731735229e-01	-4.350425004959106445e-01	-2.454743683338165283e-01	-3.816921412944793701e-01	6.675808429718017578e-01	1.321369111537933350e-01	1.847012788057327271e-01
-4.834765568375587463e-02	4.304817616939544678e-01	5.062355846166610718e-02	1.612189784646034241e-02	-5.028459429740905762e-01	-2.387158572673797607e-01	-6.553454399108886719e-01	-4.805123060941696167e-02	1.751512438058853149e-01	1.929286271333694458e-01
-6.933890283107757568e-03	-4.373466074466705322e-01	3.795149922370910645e-01	-4.343443736433982849e-02	1.058694124221801758e-01	-3.226338326930999756e-01	3.771719038486480713e-01	3.638957440853118896e-01	-3.970191776752471924e-01	3.393492996692657471e-01
-6.096158623695373535e-01	-2.782097458839416504e-01	3.154084458947181702e-02	-4.656907618045806885e-01	1.319784820079803467e-01	1.217722669243812561e-01	3.981123268604278564e-01	-9.694833308458328247e-03	2.925561666488647461e-01	-2.380794584751129150e-01
-1.730824471451342106e-03	1.321096569299697876e-01	-1.377963125705718994e-01	-7.219459116458892822e-02	-7.900076508522033691e-01	-2.382752150297164917e-01	-6.934057921171188354e-02	-4.650731086730957031e-01	-7.216577231884002686e-02	2.261593639850616455e-01
3.789696395397186279e-01	-3.373825550079345703e-01	5.416338890790939331e-02	-1.235051900148391724e-01	-2.459414154291152954e-01	5.106238722801208496e-01	9.505673497915267944e-02	4.270267188549041748e-01	4.251636862754821777e-01	1.760455965995788574e-01
-1.261034756898880005e-01	2.738654315471649170e-01	-1.531349122524261475e-01	-2.209171205759048462e-01	-5.657404661178588867e-01	-5.404506921768188477e-01	-4.588484764099121094e-01	3.805688396096229553e-02	7.976850867271423340e-02	-7.961520552635192871e-02
3.585171103477478027e-01	4.005278944969177246e-01	4.129094183444976807e-01	-2.456795424222946167e-01	-4.350245893001556396e-01	1.299958080053329468e-01	3.176290094852447510e-01	-4.003363847732543945e-01	-2.554075047373771667e-02	1.106124296784400940e-01
1.611139774322509766e-01	6.075237989425659180e-01	-3.272097408771514893e-01	-3.198585808277130127e-01	-8.605845272541046143e-02	-3.904801011085510254e-01	-7.267910242080688477e-02	3.517261147499084473e-01	3.035920560359954834e-01	1.205777600407600403e-01
-3.391604423522949219e-01	1.972124278545379639e-01	-3.729589283466339111e-01	-2.990249097347259521e-01	1.441216915845870972e-01	-1.953651010990142822e-01	8.899015933275222778e-02	4.274253845214843750e-01	4.033302068710327148e-01	4.531420469284057617e-01
-4.329631626605987549e-01	-3.969412147998809814e-01	1.756466627120971680e-01	-7.197605073451995850e-02	3.642083704471588135e-01	-3.747217655181884766e-01	-3.948169350624084473e-01	-3.468524813652038574e-01	-2.293117046356201172e-01	-1.308167576789855957e-01
-4.876179154962301254e-03	2.202797979116439819e-01	7.543566823005676270e-02	-1.295282095670700073e-01	-4.919463098049163818e-01	-3.904556334018707275e-01	-7.095449566841125488e-01	8.601955324411392212e-02	1.472178995609283447e-01	-4.462842643260955811e-02
-6.924032419919967651e-02	9.253843128681182861e-02	-2.534836530685424805e-01	-3.602989614009857178e-01	-5.230848193168640137e-01	-4.969432353973388672e-01	-3.929777741432189941e-01	1.197458989918231964e-02	3.307701647281646729e-01	-8.954835683107376099e-02
-1.136182248592376709e-01	-5.291782021522521973e-01	-2.306953258812427521e-02	-5.455736517906188965e-01	-3.473633527755737305e-01	3.026638925075531006e-01	-4.081055521965026855e-01	-1.001680046319961548e-01	1.410635858774185181e-01	-1.136277895420789719e-02
-5.196881890296936035e-01	-3.016492426395416260e-01	-1.498926281929016113e-01	-3.330612182617187500e-01	6.059744954109191895e-02	2.112212479114532471e-01	1.283481717109680176e-01	-4.963401556015014648e-01	4.276259541511535645e-01	1.075040027499198914e-01
5.469582080841064453e-01	3.038623929023742676e-01	1.693254560232162476e-01	-5.060042142868041992e-01	2.485476434230804443e-02	1.316771060228347778e-01	-3.610582351684570312e-01	9.545332938432693481e-02	-1.858142949640750885e-02	-4.074515104293823242e-01
-6.129213422536849976e-02	-1.400881260633468628e-01	-4.430714547634124756e-01	-2.216092348098754883e-01	-7.224838715046644211e-03	5.081210136413574219e-01	3.489450812339782715e-01	5.327276587486267090e-01	-9.067908674478530884e-02	-2.432531714439392090e-01
-4.669115841388702393e-01	-2.729122936725616455e-01	3.426574543118476868e-02	-5.152863860130310059e-01	3.779599666595458984e-01	2.654970288276672363e-01	-1.431331932544708252e-01	-3.769347071647644043e-01	1.961499303579330444e-01	-1.625857353210449219e-01
2.712440788745880127e-01	3.527525365352630615e-01	-1.549429893493652344e-01	-3.965217247605323792e-02	-2.339347600936889648e-01	8.615111559629440308e-02	-7.827560305595397949e-01	3.551503643393516541e-02	2.887572050094604492e-01	1.300609558820724487e-01
-1.403570175170898438e-01	3.897024095058441162e-01	3.202874660491943359e-01	2.727108299732208252e-01	-3.547488152980804443e-01	1.089520156383514404e-01	3.908118903636932373e-01	3.901176154613494873e-01	-1.609505265951156616e-01	4.277015030384063721e-01
-2.729875743389129639e-01	-2.485433071851730347e-01	1.152915954589843750e-01	-5.962387919425964355e-01	1.481544822454452515e-01	-3.309634029865264893e-01	1.835345774888992310e-01	3.954543769359588623e-01	3.206118643283843994e-01	-2.656376957893371582e-01
-9.429853409528732300e-02	-6.388217806816101074e-01	3.883546292781829834e-01	3.448398113250732422e-01	-6.501708924770355225e-02	1.093514915555715561e-02	-2.961537837982177734e-01	-3.005444109439849854e-01	-3.478389680385589600e-01	9.953899681568145752e-02
3.938417732715606689e-01	1.246492117643356323e-01	3.341434001922607422e-01	1.372769325971603394e-01	6.512573361396789551e-02	-3.770511150360107422e-01	-4.912006258964538574e-01	4.213751554489135742e-01	5.772593617439270020e-02	-3.609406948089599609e-01
3.878050148487091064e-01	3.251494467258453369e-01	-4.402494728565216064e-01	6.012884154915809631e-02	-6.127806901931762695e-01	5.109586194157600403e-02	-3.635990917682647705e-01	9.182126075029373169e-02	-1.327986717224121094e-01	1.003397926688194275e-01
-1.397218462079763412e-02	3.664887547492980957e-01	-2.214331477880477905e-01	-2.215720415115356445e-01	-5.372810363769531250e-01	-4.504625499248504639e-01	-3.338273167610168457e-01	3.736427724361419678e-01	1.281639486551284790e-01	9.111037105321884155e-02
-4.759211838245391846e-01	-4.106304943561553955e-01	1.395549178123474121e-01	-3.956728875637054443e-01	-4.296786189079284668e-01	-1.879298985004425049e-01	2.801634371280670166e-01	-2.166768908500671387e-02	-3.458084166049957275e-01	1.017992570996284485e-01
-9.359826892614364624e-02	4.737220108509063721e-01	-1.912465244531631470e-01	-1.680696308612823486e-01	-4.924716353416442871e-01	-3.683856129646301270e-01	-1.130696237087249756e-01	4.208550155162811279e-01	2.539838552474975586e-01	2.633562386035919189e-01
-1.103450134396553040e-01	2.476365119218826294e-01	1.846847534179687500e-01	-2.414747923612594604e-01	2.485533207654953003e-01	-3.924688696861267090e-01	4.073582291603088379e-01	4.143907725811004639e-01	-5.177512168884277344e-01	-1.120010763406753540e-01
4.885022640228271484e-01	2.665450572967529297e-01	-3.831095099449157715e-01	2.731777429580688477e-01	1.541144996881484985e-01	1.668494939804077148e-01	2.912842333316802979e-01	3.690865635871887207e-02	-4.263916909694671631e-01	-3.864085972309112549e-01
3.525188565254211426e-02	3.654887676239013672e-01	1.097115129232406616e-01	-1.547283977270126343e-01	-6.647200584411621094e-01	-2.056474238634109497e-01	-5.665290951728820801e-01	5.898552387952804565e-02	1.197790950536727905e-01	7.919982820749282837e-02
2.834151089191436768e-01	2.384936660528182983e-01	-6.350131034851074219e-01	3.168860375881195068e-01	-4.503893256187438965e-01	-6.109540536999702454e-02	-1.545161604881286621e-01	-1.022046208381652832e-01	2.099035829305648804e-01	-2.723498046398162842e-01
-1.895319223403930664e-01	1.468027681112289429e-01	-3.618283271789550781e-01	3.907182067632675171e-02	-7.231475114822387695e-01	-1.188134923577308655e-01	-3.266635239124298096e-01	1.420112997293472290e-01	3.454357683658599854e-01	1.637655347585678101e-01
-3.180636093020439148e-02	5.459566712379455566e-01	3.530066907405853271e-01	-1.565779596567153931e-01	-5.939341783523559570e-01	-1.702435016632080078e-01	-3.161447048187255859e-01	-1.206622123718261719e-01	-2.970365621149539948e-02	2.337937802076339722e-01
