-5.169100165367126465e-01	-3.378256559371948242e-01	-2.946891486644744873e-01	2.108747065067291260e-01	7.797212153673171997e-02	8.032123446464538574e-01	-1.014595508575439453e+00	-1.337984800338745117e-01	-8.122872114181518555e-01	3.576217591762542725e-01
-1.356384158134460449e-01	-2.594943642616271973e-01	-2.225231379270553589e-01	-6.621068716049194336e-02	-5.288178101181983948e-02	1.633369624614715576e-01	8.860767632722854614e-02	-1.099051628261804581e-02	8.817483484745025635e-02	-3.678809106349945068e-02
1.113164424896240234e-01	-3.647642433643341064e-01	-1.495709717273712158e-01	-8.756283521652221680e-01	-3.524073660373687744e-01	-1.742612570524215698e-01	-2.791903614997863770e-01	-2.186974883079528809e-01	1.109047606587409973e-01	-1.476979106664657593e-01
-5.001366138458251953e-01	-1.157186031341552734e-01	2.187825888395309448e-01	-8.701259493827819824e-01	3.766146898269653320e-01	4.363681375980377197e-01	3.627142310142517090e-01	-1.479917764663696289e-01	9.837117791175842285e-01	-1.851310282945632935e-01
-1.272400021553039551e-01	-3.644236326217651367e-01	-4.546034708619117737e-02	-2.108751684427261353e-01	-4.651352763175964355e-02	1.028970032930374146e-01	3.729180246591567993e-02	6.740736216306686401e-02	1.493644267320632935e-01	2.918123267590999603e-02
7.290777564048767090e-02	-2.998135387897491455e-01	-6.967571973800659180e-01	-3.307724595069885254e-01	-1.668317317962646484e-01	-2.433501929044723511e-02	-1.464066505432128906e-01	-7.893868535757064819e-02	-2.673141062259674072e-01	5.884146783500909805e-03
-2.033687569200992584e-02	-1.176292151212692261e-01	-2.227753996849060059e-01	-2.738478407263755798e-02	-3.366043269634246826e-01	2.052019834518432617e-01	-2.043228894472122192e-01	-1.964999586343765259e-01	7.081589102745056152e-01	2.423854172229766846e-01
1.110363453626632690e-01	1.478196587413549423e-03	-2.117501012980937958e-02	-7.789013981819152832e-01	6.528540849685668945e-01	-5.277132391929626465e-01	1.656065322458744049e-02	-2.137606777250766754e-02	-5.571374297142028809e-01	-8.511477708816528320e-02
-6.242554783821105957e-01	-1.588109284639358521e-01	-4.512321650981903076e-01	-2.837579846382141113e-01	3.992980718612670898e-02	-1.249866709113121033e-01	6.349784880876541138e-02	-1.532801389694213867e-01	3.941105008125305176e-01	2.079311758279800415e-01
1.714557707309722900e-01	-8.141683936119079590e-01	3.576605618000030518e-01	-1.587864197790622711e-02	1.847944110631942749e-01	6.409104466438293457e-01	4.243826568126678467e-01	-3.208957239985466003e-02	-3.246193751692771912e-02	-3.686843216419219971e-01
8.248627781867980957e-01	5.701538324356079102e-01	-3.790613114833831787e-01	-4.265628159046173096e-01	8.106826543807983398e-01	7.197658419609069824e-01	-1.625724881887435913e-01	-7.754024863243103027e-01	-1.766964048147201538e-01	4.193023443222045898e-01
-1.987724453210830688e-01	3.455332219600677490e-01	2.477230429649353027e-01	-5.682727098464965820e-01	3.745588287711143494e-02	7.758245617151260376e-02	-6.419029831886291504e-02	9.087660312652587891e-01	-3.795203566551208496e-01	1.455326080322265625e-01
3.540487587451934814e-02	-7.749667167663574219e-01	3.869529962539672852e-01	-8.634438514709472656e-01	1.810893118381500244e-01	3.334694802761077881e-01	9.042803198099136353e-02	9.237785935401916504e-01	6.446070037782192230e-04	2.485070936381816864e-02
-8.765496611595153809e-01	-1.139077544212341309e-01	-7.399426102638244629e-01	-1.862089931964874268e-01	-7.104926556348800659e-02	8.559787869453430176e-01	2.309157699346542358e-01	3.403301239013671875e-01	-9.933798015117645264e-02	1.395836025476455688e-01
8.775730133056640625e-01	-4.353532791137695312e-01	4.477614760398864746e-01	-5.682595968246459961e-01	-7.612460255622863770e-01	-9.628742337226867676e-01	-2.970752120018005371e-01	3.551434874534606934e-01	6.276234388351440430e-01	2.267308682203292847e-01
5.681871175765991211e-01	1.034114509820938110e-01	1.164763513952493668e-02	-7.919464111328125000e-01	-1.535357683897018433e-01	7.568992972373962402e-01	-4.321774467825889587e-02	2.377537339925765991e-01	2.819303870201110840e-01	-1.127183437347412109e+00
6.517398357391357422e-01	2.492998689413070679e-01	7.485488057136535645e-02	-4.584155604243278503e-02	-8.644934892654418945e-01	2.465574741363525391e-01	1.661062091588973999e-01	3.263075649738311768e-01	-1.617053747177124023e-01	-7.816465497016906738e-01
-2.601011991500854492e-01	-4.199184179306030273e-01	-1.537843197584152222e-01	-2.497087568044662476e-01	3.985030949115753174e-01	6.718724966049194336e-02	-3.212074041366577148e-01	-3.841055333614349365e-01	-6.183104515075683594e-01	-1.387831419706344604e-01
-5.497453212738037109e-01	-3.292962014675140381e-01	7.504003494977951050e-02	-1.642721742391586304e-01	1.169489473104476929e-01	2.635774388909339905e-02	4.857679009437561035e-01	2.684935331344604492e-01	-2.289224714040756226e-01	4.025812447071075439e-02
1.849237382411956787e-01	-6.165155172348022461e-01	5.619092583656311035e-01	2.600010037422180176e-01	-1.056394100189208984e+00	5.708392858505249023e-01	-6.919509172439575195e-01	1.532901078462600708e-01	1.543430238962173462e-01	-2.084172815084457397e-01
1.150606393814086914e+00	3.112647831439971924e-01	4.431957900524139404e-01	2.242086827754974365e-01	-4.637804627418518066e-01	5.588840842247009277e-01	-4.880034923553466797e-02	3.220622241497039795e-01	4.852073490619659424e-01	-8.111406117677688599e-02
1.539928168058395386e-01	-3.809414505958557129e-01	4.377901256084442139e-01	-7.521345280110836029e-03	-1.049231410026550293e+00	7.658160924911499023e-01	-5.055763125419616699e-01	2.140245586633682251e-01	-5.454519391059875488e-02	6.944350898265838623e-02
-2.312076091766357422e-01	-7.428562641143798828e-01	-6.729183197021484375e-01	2.432842254638671875e-01	6.263847351074218750e-01	2.169146537780761719e-01	-1.279034614562988281e-01	1.374464035034179688e-01	1.587812900543212891e-01	8.926713466644287109e-01
3.677826821804046631e-01	5.644086599349975586e-01	5.261077284812927246e-01	2.321509830653667450e-02	7.083623409271240234e-01	-4.390301927924156189e-02	-4.184107109904289246e-02	7.230799794197082520e-01	-4.316445589065551758e-01	1.011473238468170166e-01
3.578168749809265137e-01	5.664974451065063477e-01	3.573434650897979736e-01	2.869691550731658936e-01	-1.036956310272216797e+00	4.926684498786926270e-01	-6.042646765708923340e-01	7.734429240226745605e-01	-7.753982543945312500e-01	2.421725094318389893e-01
8.904410526156425476e-03	-2.874343842267990112e-02	-3.871749043464660645e-01	-7.314886152744293213e-02	-3.968611657619476318e-01	2.693520784378051758e-01	8.318278938531875610e-02	9.937318414449691772e-02	-8.269941061735153198e-02	-1.184034645557403564e-01
-8.801167011260986328e-01	-4.596287310123443604e-01	-1.886885017156600952e-01	-1.176895648241043091e-01	4.713985323905944824e-01	-4.281452298164367676e-01	5.878222361207008362e-02	-8.028113842010498047e-02	5.512155592441558838e-02	4.679374694824218750e-01
-2.127370834350585938e-01	-6.463891267776489258e-01	5.713639855384826660e-01	1.358377486467361450e-01	1.794431060552597046e-01	5.240052565932273865e-02	1.752386428415775299e-02	5.148604512214660645e-01	1.632242351770401001e-01	-4.326225519180297852e-01
2.515349090099334717e-01	1.425803005695343018e-01	-2.839650511741638184e-01	6.859530806541442871e-01	-8.362224102020263672e-01	-4.823334515094757080e-02	-4.373903274536132812e-01	1.857387125492095947e-01	-3.272114098072052002e-01	1.191883459687232971e-01
-3.451311290264129639e-01	7.769776582717895508e-01	9.984543323516845703e-01	-4.364998340606689453e-01	-5.741403698921203613e-01	-4.400510489940643311e-01	-9.609345346689224243e-02	-8.819923400878906250e-01	-8.157232659868896008e-04	-8.198284506797790527e-01
-2.209528684616088867e-01	3.940510377287864685e-02	-4.277524352073669434e-01	-6.197630763053894043e-01	7.024532556533813477e-01	-8.120350837707519531e-01	-3.148269057273864746e-01	1.784832477569580078e-01	-1.025386214256286621e+00	-6.375902891159057617e-01
-1.297640204429626465e-01	1.369677305221557617e+00	-5.240420103073120117e-01	2.401050925254821777e-01	5.825686454772949219e-01	5.399924516677856445e-02	-8.069158196449279785e-01	1.451154351234436035e-01	-2.825365662574768066e-01	6.943025588989257812e-01
8.513003587722778320e-01	8.311338424682617188e-01	-1.051956936717033386e-01	-8.040558695793151855e-01	-3.708566725254058838e-01	5.861988663673400879e-01	-1.904131472110748291e-01	5.240263342857360840e-01	-3.400173485279083252e-01	-3.151434957981109619e-01
5.513920783996582031e-01	4.101224541664123535e-01	-7.265108823776245117e-01	4.722750484943389893e-01	3.960414826869964600e-01	2.800996601581573486e-01	-5.069097876548767090e-01	4.137643575668334961e-01	5.073793530464172363e-01	8.055103421211242676e-01
-1.056078150868415833e-01	-3.177658319473266602e-01	-3.749414905905723572e-02	-1.314343810081481934e-01	-4.874102026224136353e-02	1.079937890172004700e-01	-9.508411586284637451e-02	1.910576373338699341e-01	1.236120164394378662e-01	-4.076998680830001831e-02
-5.302916169166564941e-01	7.627383470535278320e-01	-3.259617984294891357e-01	4.137952923774719238e-01	-7.114941477775573730e-01	-3.643012940883636475e-01	2.930327355861663818e-01	5.245829224586486816e-01	-5.880813598632812500e-01	-1.804058849811553955e-01
3.684679046273231506e-02	-1.744447350502014160e-01	-3.203665912151336670e-01	8.140733465552330017e-03	-3.956216871738433838e-01	2.082510441541671753e-01	9.704714640974998474e-03	4.029575586318969727e-01	2.056498825550079346e-01	1.488966196775436401e-01
-1.660203188657760620e-01	-2.566736638545989990e-01	-3.479341566562652588e-01	-3.429709672927856445e-01	-8.795890212059020996e-02	5.557360500097274780e-02	-2.955979667603969574e-02	8.948795497417449951e-02	7.856909185647964478e-02	5.468675866723060608e-02
6.895012855529785156e-01	-7.765845954418182373e-02	3.157570660114288330e-01	-9.710716009140014648e-01	-2.548835277557373047e-01	1.430106759071350098e+00	-2.102567255496978760e-01	-4.779954254627227783e-01	-1.986087113618850708e-01	1.761671900749206543e+00
8.180759549140930176e-01	-5.655214786529541016e-01	1.177690476179122925e-01	-5.248654484748840332e-01	7.729288190603256226e-02	1.519112586975097656e+00	3.987455964088439941e-01	3.778037428855895996e-02	-6.288281679153442383e-01	7.235500812530517578e-01
-1.245428919792175293e-01	-1.690084934234619141e-01	-1.564141660928726196e-01	-1.625301688909530640e-01	-2.060965150594711304e-01	7.739181816577911377e-02	-4.242090508341789246e-03	-4.150154069066047668e-02	5.169237777590751648e-02	-1.680974476039409637e-02
-1.022961884737014771e-01	4.639977812767028809e-01	-1.496780067682266235e-01	-8.244117498397827148e-01	1.439943313598632812e-01	2.783707976341247559e-01	1.755945384502410889e-01	-1.302347183227539062e-01	-7.996239066123962402e-01	-1.130472868680953979e-01
2.147880345582962036e-01	5.013803839683532715e-01	-9.766660332679748535e-01	-1.180926933884620667e-01	1.585279554128646851e-01	-9.739708900451660156e-01	8.958345651626586914e-01	1.244098424911499023e+00	-1.129191875457763672e+00	-1.649201810359954834e-01
-1.340683400630950928e-01	-2.540090382099151611e-01	-2.275772690773010254e-01	-1.597226560115814209e-01	-9.662671387195587158e-02	8.155080676078796387e-02	7.995507679879665375e-03	5.923893302679061890e-02	6.434319168329238892e-02	3.813640400767326355e-02
-2.340326756238937378e-01	1.042909741401672363e+00	3.988094329833984375e-01	-4.188026487827301025e-01	6.741415262222290039e-01	-9.553821086883544922e-01	1.091096520423889160e+00	5.936166644096374512e-01	8.208813071250915527e-01	-5.916458964347839355e-01
-1.070973157882690430e+00	7.677713632583618164e-01	1.246175393462181091e-01	-4.511362314224243164e-01	1.473219972103834152e-02	-2.286421805620193481e-01	9.737281799316406250e-01	1.847064942121505737e-01	2.556953132152557373e-01	-6.529529094696044922e-01
-3.729399144649505615e-01	-5.128666162490844727e-01	7.937887310981750488e-01	-4.297878146171569824e-01	5.248102545738220215e-01	5.734211802482604980e-01	4.146898388862609863e-01	-5.220473408699035645e-01	3.016300201416015625e-01	-3.713621199131011963e-01
3.352808654308319092e-01	6.522042751312255859e-01	-5.068697929382324219e-01	-6.159892082214355469e-01	1.081825375556945801e+00	-3.431451916694641113e-01	6.735461354255676270e-01	-6.741131655871868134e-03	-9.238423109054565430e-01	-7.346518635749816895e-01
7.067924141883850098e-01	3.992326259613037109e-01	-1.498854309320449829e-01	4.533576667308807373e-01	3.483301997184753418e-01	5.494281649589538574e-01	-8.771608471870422363e-01	-8.109498620033264160e-01	-9.237771630287170410e-01	4.456589221954345703e-01
4.919729661196470261e-03	2.125974744558334351e-01	-2.702535688877105713e-01	-1.007161855697631836e+00	5.534632802009582520e-01	-3.520158231258392334e-01	2.755662798881530762e-01	1.662182621657848358e-02	3.308306634426116943e-01	-1.567045748233795166e-01
-9.843257814645767212e-02	-3.384153842926025391e-01	6.069386750459671021e-02	-5.826325416564941406e-01	2.395309507846832275e-02	1.161913648247718811e-01	8.681012392044067383e-01	1.957298070192337036e-01	-3.916053473949432373e-01	-5.469080805778503418e-02
1.465412974357604980e-01	1.900230348110198975e-02	-3.537020385265350342e-01	-1.023231819272041321e-01	-3.744648396968841553e-01	1.955671459436416626e-01	-7.787981033325195312e-01	-7.451812028884887695e-01	-2.360603213310241699e-01	6.579267978668212891e-01
-1.108738422393798828e+00	-5.591967105865478516e-01	1.328267335891723633e+00	3.872961699962615967e-01	6.696621328592300415e-02	4.459549784660339355e-01	9.231030344963073730e-01	4.005278348922729492e-01	-9.149545431137084961e-01	-9.703280925750732422e-01
-2.682000026106834412e-02	-2.871101498603820801e-01	-6.731149554252624512e-02	-2.168137580156326294e-02	-1.696989238262176514e-01	2.599719166755676270e-01	3.530377447605133057e-01	-1.988554373383522034e-02	2.030553370714187622e-01	-1.618991494178771973e-01
1.725730150938034058e-01	6.655334681272506714e-02	-3.200362920761108398e-01	-1.652676761150360107e-01	-5.599935650825500488e-01	2.439002990722656250e-01	3.459225967526435852e-02	8.748360872268676758e-01	-4.284008145332336426e-01	1.786799430847167969e-01
-9.625180959701538086e-01	2.588239908218383789e-01	3.314591944217681885e-01	2.564743757247924805e-01	7.456389069557189941e-01	7.616892457008361816e-01	1.081057824194431305e-02	-5.342700481414794922e-01	-5.151807069778442383e-01	-7.642702013254165649e-02
-1.628499664366245270e-02	-3.015860617160797119e-01	4.601571857929229736e-01	7.690020203590393066e-01	-1.897160112857818604e-01	-2.282937765121459961e-01	-7.022756934165954590e-01	-4.775157198309898376e-02	-8.074411004781723022e-02	2.357835620641708374e-01
-4.512451291084289551e-01	-2.180763632059097290e-01	-2.710222303867340088e-01	-3.059161305427551270e-01	1.735931634902954102e-01	-2.240672111511230469e-01	2.630165815353393555e-01	4.765910562127828598e-04	4.512448906898498535e-01	2.856908142566680908e-01
-1.506414413452148438e-01	-1.328663527965545654e-02	-2.916730642318725586e-01	-2.716304361820220947e-01	3.789365291595458984e-02	2.989185042679309845e-02	4.582493752241134644e-02	5.663558840751647949e-01	-1.543951034545898438e-01	-1.870576292276382446e-01
-1.038548257201910019e-02	-4.254032671451568604e-01	-2.174879759550094604e-01	-1.436946988105773926e-01	-5.660428479313850403e-02	9.988211840391159058e-02	5.565775185823440552e-02	1.513662748038768768e-02	2.202032208442687988e-01	1.457241326570510864e-01
-3.122683167457580566e-01	-9.212516546249389648e-01	-3.262068331241607666e-01	1.599311083555221558e-01	-4.183291494846343994e-01	-6.237959265708923340e-01	4.631953686475753784e-02	-1.341540832072496414e-02	-2.633991539478302002e-01	4.892849624156951904e-01
-1.136623546481132507e-01	-4.230363368988037109e-01	-5.539807677268981934e-01	1.689783930778503418e-01	-4.850571602582931519e-02	-6.732711195945739746e-02	3.752738833427429199e-01	-1.088561788201332092e-01	1.046800762414932251e-01	4.144466817378997803e-01
2.559936344623565674e-01	-1.953184306621551514e-01	-3.445331156253814697e-01	1.146970033645629883e+00	6.316856294870376587e-02	3.399514257907867432e-01	-7.399697303771972656e-01	1.432996749877929688e+00	-2.450531870126724243e-01	8.437517285346984863e-01
-5.742808580398559570e-01	-3.866368830204010010e-01	-2.323415577411651611e-01	2.903207242488861084e-01	-4.076654314994812012e-01	1.544095277786254883e-01	3.073138892650604248e-01	-3.892240524291992188e-01	-2.359557598829269409e-01	-7.463217377662658691e-01
2.153870016336441040e-01	-5.093098878860473633e-01	2.594403326511383057e-01	1.989172548055648804e-01	-4.906682372093200684e-01	3.243308961391448975e-01	-2.674311399459838867e-01	-3.913621306419372559e-01	-5.450448989868164062e-01	1.117404475808143616e-01
-1.285323500633239746e-02	-1.334093362092971802e-01	-3.385848999023437500e-01	-1.894892193377017975e-02	-3.781786561012268066e-01	2.258760631084442139e-01	1.980864070355892181e-02	-4.097741842269897461e-02	1.653832346200942993e-01	-9.824877232313156128e-02
2.399245947599411011e-01	1.157915115356445312e+00	-2.600781023502349854e-01	1.017903208732604980e+00	-4.564180374145507812e-01	7.052701115608215332e-01	-1.376557797193527222e-01	-7.183459997177124023e-01	4.563428759574890137e-01	-7.268258929252624512e-02
3.243558481335639954e-02	-3.046163022518157959e-01	-2.970165014266967773e-01	-2.731792032718658447e-01	-7.688871771097183228e-02	1.245852410793304443e-01	4.527096822857856750e-02	1.793410331010818481e-01	1.529801636934280396e-01	-5.970888212323188782e-02
-2.499588578939437866e-01	-2.802240662276744843e-03	-1.758653074502944946e-01	-9.887881577014923096e-02	-6.318013183772563934e-03	9.515593945980072021e-02	-7.549075782299041748e-02	-1.134990900754928589e-01	1.544443815946578979e-01	-8.051653206348419189e-02
-9.536915272474288940e-02	-8.884834498167037964e-02	-6.112678647041320801e-01	7.353976368904113770e-02	-1.194800511002540588e-01	-4.077205657958984375e-01	-4.103640615940093994e-01	-5.411513894796371460e-02	3.996987342834472656e-01	6.625955104827880859e-01
3.113976493477821350e-02	3.574237823486328125e-01	8.675503730773925781e-01	-1.196252629160881042e-01	7.144282460212707520e-01	-5.824167132377624512e-01	2.282488197088241577e-01	7.058404088020324707e-01	-6.881217360496520996e-01	3.627623915672302246e-01
5.172743797302246094e-01	-3.460142910480499268e-01	-8.645089268684387207e-01	-3.973126411437988281e-01	-6.188284158706665039e-01	-7.445749640464782715e-02	-1.489456444978713989e-01	4.436110556125640869e-01	8.935730159282684326e-02	4.758131206035614014e-01
-2.850605845451354980e-01	-7.783617377281188965e-01	-1.902429908514022827e-01	-4.207444190979003906e-01	-1.487679123878479004e+00	-7.158797383308410645e-01	7.294523715972900391e-01	2.923318445682525635e-01	-1.572387933731079102e+00	4.121079742908477783e-01
8.772929310798645020e-01	-4.382636845111846924e-01	1.360979199409484863e+00	-3.613524436950683594e-01	1.072954654693603516e+00	-1.456048935651779175e-01	-1.337947994470596313e-01	-2.519295085221529007e-03	9.244012832641601562e-01	8.045371174812316895e-01
-5.126007199287414551e-01	6.379557251930236816e-01	2.660019099712371826e-01	1.449605226516723633e-01	5.247890949249267578e-01	-2.021790146827697754e-01	1.761428415775299072e-01	2.830883860588073730e-01	-7.516276836395263672e-01	-7.179003953933715820e-01
7.242556214332580566e-01	-4.489158391952514648e-01	-3.948326110839843750e-01	5.305305719375610352e-01	2.033658772706985474e-01	-1.228927671909332275e-01	9.766083210706710815e-02	4.046720266342163086e-01	5.613022446632385254e-01	6.296709775924682617e-01
-1.173138737678527832e+00	1.533223092555999756e-01	6.058827787637710571e-02	-1.500049710273742676e+00	-6.615841984748840332e-01	3.523688614368438721e-01	3.190698921680450439e-01	-7.840439081192016602e-01	-6.822687387466430664e-01	-3.618816733360290527e-01
-7.731055617332458496e-01	-1.860366016626358032e-02	-4.751302301883697510e-02	-1.060899138450622559e+00	-4.867460131645202637e-01	4.104333221912384033e-01	1.626168563961982727e-02	-7.807983756065368652e-01	-5.666602849960327148e-01	-6.016451120376586914e-01
-1.698989421129226685e-01	-2.327152192592620850e-01	-5.100242495536804199e-01	2.431586086750030518e-01	-3.386590257287025452e-02	1.346857845783233643e-01	8.482813090085983276e-02	1.689393967390060425e-01	7.467848807573318481e-02	-3.519253805279731750e-02
-9.499064832925796509e-02	-1.971765905618667603e-01	-2.552500963211059570e-01	1.703860051929950714e-02	-2.591694593429565430e-01	4.241188615560531616e-02	2.067941240966320038e-03	1.418613791465759277e-01	-2.441244432702660561e-03	-9.781756997108459473e-02
-2.694403529167175293e-01	5.009688735008239746e-01	6.167644858360290527e-01	1.565689034759998322e-02	5.231499075889587402e-01	4.944148957729339600e-01	4.381896853446960449e-01	-1.653551906347274780e-01	1.006208881735801697e-01	-5.642468929290771484e-01
-4.134325981140136719e-01	-9.169507026672363281e-02	4.652731120586395264e-01	1.977421045303344727e-01	-2.269877493381500244e-01	6.914819031953811646e-02	-3.347613289952278137e-02	3.529716432094573975e-01	2.982543408870697021e-01	-2.154966145753860474e-01
2.143565565347671509e-01	3.731337189674377441e-01	3.009257316589355469e-01	-5.177879333496093750e-01	-7.436891794204711914e-01	3.825808167457580566e-01	9.830251336097717285e-01	1.851764470338821411e-01	-9.211659431457519531e-01	-6.028887629508972168e-01
9.739777445793151855e-01	-1.265775263309478760e-01	-5.921909213066101074e-01	-6.513044238090515137e-01	-2.356716692447662354e-01	1.429412961006164551e-01	6.947706639766693115e-02	-8.307811617851257324e-01	-1.490131974220275879e+00	-4.012164473533630371e-01
7.945287227630615234e-01	7.338495850563049316e-01	2.191575765609741211e-01	1.097543001174926758e+00	-6.121016144752502441e-01	1.046077728271484375e+00	7.563912868499755859e-02	-1.062152624130249023e+00	2.523721754550933838e-01	-9.997640252113342285e-01
9.303305745124816895e-01	-1.912076175212860107e-01	-7.933670878410339355e-01	1.100837469100952148e+00	-6.171531677246093750e-01	5.203716754913330078e-01	1.053446650505065918e+00	1.009821295738220215e+00	-1.458988338708877563e-01	-5.300433635711669922e-01
-2.780109643936157227e-01	1.161227673292160034e-01	6.630454957485198975e-02	-6.093683242797851562e-01	2.298986017704010010e-01	-1.063858121633529663e-01	-2.279640138149261475e-01	6.156075373291969299e-02	3.244155943393707275e-01	5.490352511405944824e-01
-2.671991586685180664e-01	-2.685841321945190430e-01	1.367286145687103271e-01	-3.182578086853027344e-01	-1.681200601160526276e-02	1.760316193103790283e-01	-1.362773030996322632e-01	1.104338909499347210e-03	-8.314604312181472778e-02	5.652580261230468750e-01
8.378863334655761719e-02	6.523275971412658691e-01	-4.842487573623657227e-01	-7.514210939407348633e-01	-7.021409273147583008e-01	1.508716195821762085e-01	-3.882875740528106689e-01	3.411680832505226135e-02	-2.371899038553237915e-02	1.263274848461151123e-01
-2.131802737712860107e-01	-7.180612683296203613e-01	3.654474914073944092e-01	8.915783762931823730e-01	8.918784856796264648e-01	-6.596007943153381348e-02	5.499261617660522461e-02	1.811715215444564819e-01	-2.131600677967071533e-01	8.401564359664916992e-01
-9.287474304437637329e-02	-2.310883253812789917e-01	-9.778795391321182251e-02	-1.603995859622955322e-01	-1.458764523267745972e-01	3.555643558502197266e-02	1.229538321495056152e-01	-5.802866071462631226e-02	9.027035534381866455e-02	2.889400580897927284e-03
-7.899003685452044010e-04	-2.488773465156555176e-01	-1.839515268802642822e-01	-1.234820112586021423e-01	1.467846147716045380e-02	-6.430322676897048950e-02	1.940967589616775513e-01	1.153250783681869507e-02	-9.841122478246688843e-02	-6.614812463521957397e-02
-3.917845785617828369e-01	7.294987440109252930e-01	-9.215763211250305176e-01	1.077261328697204590e+00	3.693700432777404785e-01	-1.210738778114318848e+00	3.122009336948394775e-01	-1.023507952690124512e+00	-2.331622689962387085e-01	6.592741012573242188e-01
2.090392410755157471e-01	-6.476798653602600098e-01	7.848905920982360840e-01	-4.608297348022460938e-01	-2.437189668416976929e-01	-1.492796063423156738e+00	-6.534022092819213867e-01	1.092479098588228226e-02	-3.782555460929870605e-01	-1.087561249732971191e+00
3.208418786525726318e-01	1.537407934665679932e-01	1.061306357383728027e+00	-3.597327470779418945e-01	4.574486911296844482e-01	-4.207526892423629761e-02	-8.840490579605102539e-01	8.163397908210754395e-01	-6.397421360015869141e-01	1.264000497758388519e-02
7.645864486694335938e-01	-4.671429991722106934e-01	-3.547750711441040039e-01	-2.558529078960418701e-01	-2.662444114685058594e-01	-3.481316268444061279e-01	-1.572933644056320190e-01	3.580027520656585693e-01	-2.738591134548187256e-01	-7.269334197044372559e-01
1.751198917627334595e-01	7.682459950447082520e-01	-4.773635864257812500e-01	-4.117849171161651611e-01	8.514332771301269531e-01	2.673058807849884033e-01	5.757717490196228027e-01	3.783400356769561768e-01	3.631708025932312012e-01	-2.069547176361083984e-01
-2.997270822525024414e-01	-7.594937086105346680e-01	5.103596448898315430e-01	-2.619941830635070801e-01	-1.384006813168525696e-02	3.611165881156921387e-01	-2.116732299327850342e-01	-2.120899707078933716e-01	2.063662707805633545e-01	-6.536433845758438110e-02
-3.024813234806060791e-01	-4.045180082321166992e-01	1.489499211311340332e-01	2.741216123104095459e-01	8.186448216438293457e-01	5.365350246429443359e-01	-7.348690032958984375e-01	3.478117287158966064e-01	6.535614728927612305e-01	-8.576998114585876465e-01
-8.418993651866912842e-02	-2.442593127489089966e-01	-3.169235885143280029e-01	-1.384864747524261475e-01	-1.621670424938201904e-01	9.699455648660659790e-02	1.143415272235870361e-01	1.000885367393493652e-01	2.534708380699157715e-01	-2.533213496208190918e-01
-5.788432359695434570e-01	5.566552877426147461e-01	-6.525952816009521484e-01	8.324308991432189941e-01	-1.511345356702804565e-01	4.838597774505615234e-01	-2.136210650205612183e-01	2.500313818454742432e-01	6.295639276504516602e-01	-7.245127558708190918e-01
-7.140905261039733887e-01	8.654512763023376465e-01	2.172380536794662476e-01	-9.621720314025878906e-01	-3.485749363899230957e-01	-5.556977391242980957e-01	-5.453240275382995605e-01	3.409920930862426758e-01	-4.175440371036529541e-01	1.184197187423706055e+00
-1.369076669216156006e-01	3.902875781059265137e-01	-3.243815302848815918e-01	-4.939512014389038086e-01	-1.689125001430511475e-01	-3.439757972955703735e-02	1.244862228631973267e-01	-4.375298321247100830e-01	5.459544435143470764e-02	2.157248556613922119e-01
-2.648580372333526611e-01	6.931334733963012695e-03	-8.247625827789306641e-02	-4.908070564270019531e-01	2.010574005544185638e-02	1.328571438789367676e-01	-1.281043607741594315e-02	-9.353580325841903687e-02	2.454388188198208809e-03	5.422335267066955566e-01
5.368850827217102051e-01	2.334619760513305664e-01	4.718962907791137695e-01	-3.595618605613708496e-01	-5.059103369712829590e-01	3.272834122180938721e-01	4.335980117321014404e-01	8.402474923059344292e-04	8.537855744361877441e-01	3.483013510704040527e-01
-3.196548819541931152e-01	-7.683604955673217773e-02	-2.052004821598529816e-02	-2.731365859508514404e-01	-4.812256619334220886e-02	-2.567046135663986206e-02	-6.754039973020553589e-02	-2.620062828063964844e-01	1.028613820672035217e-01	-3.173306286334991455e-01
3.870446681976318359e-01	5.600348114967346191e-01	-7.194125652313232422e-01	-8.556141704320907593e-02	-4.695966839790344238e-02	7.514711618423461914e-01	-2.217871844768524170e-01	5.991117358207702637e-01	1.513800740242004395e+00	2.450404316186904907e-02
-9.367518424987792969e-01	8.501911759376525879e-01	1.441707730293273926e+00	2.900979667901992798e-02	-5.970178246498107910e-01	5.265562534332275391e-01	-6.932388544082641602e-01	1.941710524260997772e-02	1.280027389526367188e+00	3.487606346607208252e-01
7.986778020858764648e-01	-6.204791069030761719e-01	1.626042276620864868e-01	-4.353585541248321533e-01	-1.097428202629089355e+00	-1.263625472784042358e-01	6.039711236953735352e-01	-5.897135734558105469e-01	5.342666804790496826e-02	-1.529416203498840332e+00
5.212587118148803711e-01	6.078575178980827332e-02	4.614432156085968018e-01	1.667283773422241211e-01	-5.054385401308536530e-03	3.670310974121093750e-01	4.798548221588134766e-01	9.160266518592834473e-01	-5.602813884615898132e-02	-5.321011543273925781e-01
3.876034915447235107e-01	6.196905970573425293e-01	-3.294638693332672119e-01	-4.379493892192840576e-01	4.083973169326782227e-01	-1.267610490322113037e-01	-5.543072223663330078e-01	6.934981793165206909e-02	-2.149346917867660522e-01	2.849812507629394531e-01
-7.040289044380187988e-02	-2.803868651390075684e-01	-1.322329491376876831e-01	-2.050358951091766357e-01	8.148032426834106445e-02	2.834844887256622314e-01	-1.688907295465469360e-01	-4.268324375152587891e-02	4.904950559139251709e-01	1.581370681524276733e-01
-9.848180413246154785e-02	-4.449472725391387939e-01	-9.922695904970169067e-02	-4.301344230771064758e-02	-2.579301893711090088e-01	-3.801721706986427307e-02	-1.266063898801803589e-01	-4.096676036715507507e-02	1.663414984941482544e-01	-1.080497279763221741e-01
-2.376421093940734863e-01	-2.199276536703109741e-01	-2.620959579944610596e-01	4.429850578308105469e-01	-7.973982095718383789e-01	2.515933811664581299e-01	3.140621781349182129e-01	6.226954460144042969e-01	1.273607760667800903e-01	-5.689389538019895554e-03
-2.555577456951141357e-02	-1.832835227251052856e-01	-3.990043997764587402e-01	-1.622713655233383179e-01	-1.383583843708038330e-01	-1.095239818096160889e-02	-8.759015053510665894e-02	1.534642837941646576e-02	1.444995850324630737e-01	6.680493056774139404e-02
5.010757446289062500e-01	-2.904054224491119385e-01	-7.346037626266479492e-01	6.057729721069335938e-01	-3.360722362995147705e-01	6.343977451324462891e-01	-6.912149786949157715e-01	4.378845393657684326e-01	1.803097873926162720e-01	8.485887050628662109e-01
6.237816810607910156e-01	-4.688534140586853027e-01	-1.939465105533599854e-01	4.730286002159118652e-01	-2.808680571615695953e-02	-5.121456980705261230e-01	7.957434058189392090e-01	5.839921999722719193e-03	9.000737071037292480e-01	-4.693222045898437500e-01
-8.013927191495895386e-02	-1.412173360586166382e-01	-9.589402377605438232e-02	-5.612498521804809570e-02	-7.027196139097213745e-02	3.753468766808509827e-02	3.307061037048697472e-03	5.172846838831901550e-02	6.765946745872497559e-02	-5.137117113918066025e-03
-7.121206521987915039e-01	-7.285481691360473633e-01	-6.155315786600112915e-02	7.078604400157928467e-02	2.630616128444671631e-01	-7.168937921524047852e-01	5.792543292045593262e-01	-6.693217754364013672e-01	-6.658056974411010742e-01	6.713886260986328125e-01
-4.185865223407745361e-01	-2.167730182409286499e-01	-1.111746532842516899e-04	1.137713193893432617e-01	8.585141897201538086e-01	7.901437580585479736e-02	4.002510309219360352e-01	-5.527321696281433105e-01	-7.331928610801696777e-01	6.269013285636901855e-01
-1.164188161492347717e-01	-1.869107037782669067e-01	-3.593935966491699219e-01	-3.804210722446441650e-01	-1.091334894299507141e-01	6.418205052614212036e-02	-1.121850535273551941e-01	-9.224794059991836548e-02	1.780145615339279175e-01	-2.819101326167583466e-02
1.030713170766830444e-01	-2.100109755992889404e-01	-2.352083772420883179e-01	-1.774755865335464478e-01	2.320526540279388428e-01	-3.516083061695098877e-01	-6.979259662330150604e-03	4.249011874198913574e-01	2.898451983928680420e-01	1.444975137710571289e-01
3.151000663638114929e-02	7.648953199386596680e-01	7.202931642532348633e-01	-1.804121136665344238e-01	2.905351854860782623e-02	1.414903551340103149e-01	4.014257341623306274e-02	3.605720996856689453e-01	6.351304650306701660e-01	3.505455851554870605e-01
-6.549409125000238419e-03	-5.527140945196151733e-02	-6.410055756568908691e-01	8.833144605159759521e-02	-6.545829772949218750e-01	-8.641116619110107422e-01	3.985680937767028809e-01	6.360951662063598633e-01	-3.052898645401000977e-01	-2.416875511407852173e-01
-1.479656547307968140e-01	1.322206258773803711e-01	2.099202126264572144e-01	4.019891619682312012e-01	1.123172566294670105e-01	1.668752282857894897e-01	-3.931925594806671143e-01	6.383057683706283569e-02	-1.409544795751571655e-02	-1.062794178724288940e-01
-1.072012662887573242e+00	9.409706592559814453e-01	-2.365094721317291260e-01	-5.025987029075622559e-01	7.769922614097595215e-01	-4.826615452766418457e-01	-4.672720730304718018e-01	8.501588106155395508e-01	5.786888673901557922e-02	7.999119758605957031e-01
-4.442810416221618652e-01	9.766764044761657715e-01	-2.617332041263580322e-01	-4.784823954105377197e-01	9.453973174095153809e-01	-9.918999671936035156e-01	-6.644461750984191895e-01	-7.954044342041015625e-01	8.957895040512084961e-01	-6.118850708007812500e-01
3.755438029766082764e-01	7.270339131355285645e-02	1.745300143957138062e-01	9.595030546188354492e-02	2.996018528938293457e-01	-6.702472567558288574e-01	-7.344011664390563965e-01	-3.711862564086914062e-01	-4.631339386105537415e-02	2.858581840991973877e-01
3.392701745033264160e-01	2.358225546777248383e-02	-8.316708207130432129e-01	-2.401642352342605591e-01	-1.618606299161911011e-01	-9.024351835250854492e-01	4.242693781852722168e-01	6.504299640655517578e-01	7.659728527069091797e-01	3.173223435878753662e-01
-7.858867943286895752e-02	4.635051358491182327e-03	-8.515661358833312988e-01	2.373138219118118286e-01	-5.741693973541259766e-01	-2.248850092291831970e-02	-2.161335051059722900e-01	-5.801767706871032715e-01	1.214425638318061829e-01	-2.614724934101104736e-01
4.071882963180541992e-01	8.667684793472290039e-01	-2.711238265037536621e-01	-2.021438181400299072e-01	6.387162208557128906e-01	-6.984438896179199219e-01	-9.149379134178161621e-01	-3.589440509676933289e-02	-7.391495108604431152e-01	2.503435015678405762e-01
6.138339638710021973e-01	-3.727481961250305176e-01	-2.621861398220062256e-01	4.750142097473144531e-01	3.200868144631385803e-02	-2.891453504562377930e-01	-6.901022046804428101e-02	-3.754113018512725830e-01	1.693268418312072754e-01	-2.587044537067413330e-01
-8.855091035366058350e-02	-2.122717648744583130e-01	-7.983513176441192627e-02	-2.289690375328063965e-01	-3.059278726577758789e-01	6.129146367311477661e-02	1.160489022731781006e-01	4.023190960288047791e-02	4.304697811603546143e-01	3.489574650302529335e-03
1.682840287685394287e-01	-1.071344912052154541e-01	1.282012015581130981e-01	-2.408340573310852051e-02	-3.672718703746795654e-01	-1.504979431629180908e-01	3.180265128612518311e-01	-4.003528356552124023e-01	2.964804768562316895e-01	-2.866627573966979980e-01
-9.863363504409790039e-01	5.555590242147445679e-02	2.257803454995155334e-03	-1.900446712970733643e-01	-4.754895567893981934e-01	-5.238973498344421387e-01	-6.743141412734985352e-01	8.807422965764999390e-02	4.167862832546234131e-01	-3.866802453994750977e-01
-1.093459874391555786e-02	-6.702628731727600098e-01	6.623093038797378540e-02	-3.171341121196746826e-01	-1.941346973180770874e-01	7.633285969495773315e-02	6.940753757953643799e-02	9.579953551292419434e-02	1.710146069526672363e-01	-3.093615472316741943e-01
3.651289939880371094e-01	-9.567511267960071564e-03	-1.069525182247161865e-01	1.102790594100952148e+00	7.653828859329223633e-01	5.823230147361755371e-01	-1.015291735529899597e-01	1.650519967079162598e-01	-6.379041075706481934e-01	5.969893187284469604e-02
2.017397433519363403e-01	-9.224756807088851929e-02	-3.523766398429870605e-01	8.434137701988220215e-01	-5.915966033935546875e-01	-2.295068055391311646e-01	-3.288798034191131592e-01	6.830577254295349121e-01	-1.364878099411725998e-02	-8.551992177963256836e-01
2.013347893953323364e-01	-3.434230759739875793e-02	-5.621954202651977539e-01	1.541444063186645508e-01	-8.408089876174926758e-01	-7.337114214897155762e-01	-2.000273615121841431e-01	1.055496811866760254e+00	3.643317818641662598e-01	-5.244280099868774414e-01
8.186195977032184601e-03	-9.348391741514205933e-02	8.364927954971790314e-03	-8.456026017665863037e-02	-1.605072170495986938e-01	1.312545239925384521e-01	-1.311368495225906372e-01	-2.347563393414020538e-02	1.647923290729522705e-01	-9.969872236251831055e-02
5.568909049034118652e-01	2.686900459229946136e-02	1.657468676567077637e+00	3.978403508663177490e-01	4.901536107063293457e-01	2.103730887174606323e-01	-5.959057435393333435e-02	-4.746384024620056152e-01	5.073725581169128418e-01	2.543699741363525391e-01
-1.279181838035583496e-01	8.676861226558685303e-02	-3.666218519210815430e-01	1.129782319068908691e+00	-6.903246045112609863e-01	-3.552917838096618652e-01	-2.005677819252014160e-01	-1.038489863276481628e-01	4.081110656261444092e-01	6.181997060775756836e-01
4.990381002426147461e-01	-1.884543061256408691e+00	1.385831236839294434e+00	7.800710797309875488e-01	1.168314591050148010e-01	9.840904474258422852e-01	8.525407314300537109e-01	-7.431256175041198730e-01	2.870248556137084961e-01	-1.151310354471206665e-01
-3.563612103462219238e-01	-6.966481208801269531e-01	-3.663085699081420898e-01	5.129528641700744629e-01	9.488279819488525391e-01	3.548779487609863281e-01	6.208931207656860352e-01	1.749290898442268372e-02	6.501125097274780273e-01	8.819175884127616882e-03
-1.019693762063980103e-01	-1.065190806984901428e-01	-3.608880043029785156e-01	-1.074229553341865540e-01	-3.537953794002532959e-01	7.671184837818145752e-02	-8.517689257860183716e-02	-5.502605438232421875e-02	2.353999912738800049e-01	1.079308316111564636e-01
5.792531371116638184e-01	1.285823807120323181e-02	-9.758297204971313477e-01	-1.050513982772827148e+00	4.408006072044372559e-01	-7.654871344566345215e-01	-3.817270696163177490e-01	-3.495796620845794678e-01	1.308227330446243286e-01	2.906344830989837646e-01
6.503187417984008789e-01	-8.953680098056793213e-02	-1.104424238204956055e+00	-1.103124141693115234e+00	5.781865119934082031e-01	-9.088882207870483398e-01	-1.720144003629684448e-01	-3.538092076778411865e-01	4.530121088027954102e-01	1.681208610534667969e-02
-8.243194818496704102e-01	-9.187363386154174805e-01	4.067890346050262451e-01	-4.395360052585601807e-01	7.401786446571350098e-01	9.865637421607971191e-01	1.708023622632026672e-02	-2.599711418151855469e-01	8.203437328338623047e-01	5.963830947875976562e-01
1.056419849395751953e+00	-7.316802144050598145e-01	-3.890056014060974121e-01	-3.351986110210418701e-01	2.095937430858612061e-01	-7.688211742788553238e-03	2.712166011333465576e-01	-6.535572409629821777e-01	2.877919375896453857e-01	5.181299149990081787e-02
5.377548933029174805e-01	9.443630576133728027e-01	-7.907814979553222656e-01	2.555695474147796631e-01	-7.508464455604553223e-01	-8.231628537178039551e-01	-7.061831951141357422e-01	9.994833171367645264e-02	-1.064836680889129639e-01	2.609283626079559326e-01
6.478879451751708984e-01	-2.914206981658935547e-01	-1.485682725906372070e-01	-1.331884711980819702e-01	-6.277097016572952271e-02	-5.906890332698822021e-02	-3.452013134956359863e-01	-7.637385725975036621e-01	-1.180719807744026184e-01	-2.530155330896377563e-02
-8.045508861541748047e-01	5.349211692810058594e-01	3.523454368114471436e-01	-8.376179337501525879e-01	4.797810912132263184e-01	-3.138470649719238281e-01	-1.553397923707962036e-01	-5.495235919952392578e-01	-4.880219995975494385e-01	8.992332816123962402e-01
-6.463260650634765625e-01	-7.283974885940551758e-01	1.999137401580810547e-01	-8.599339127540588379e-01	8.010767400264739990e-03	6.782750487327575684e-01	-2.272208780050277710e-01	-3.307124078273773193e-01	3.823692798614501953e-01	4.708606749773025513e-02
3.637397661805152893e-02	-3.394043445587158203e-01	-3.893602788448333740e-01	-1.741310656070709229e-01	1.174702271819114685e-01	3.517642244696617126e-02	-7.314708828926086426e-01	1.671189665794372559e-01	-6.051607131958007812e-01	-2.402398735284805298e-01
-9.912154078483581543e-01	-6.990039348602294922e-02	-1.108413562178611755e-01	-2.559148967266082764e-01	-1.465123891830444336e-01	-6.155289411544799805e-01	-6.872724890708923340e-01	9.698016941547393799e-02	4.482921063899993896e-01	-5.108422636985778809e-01
-5.169793963432312012e-01	1.223476827144622803e-01	4.411067962646484375e-01	9.976171255111694336e-01	-4.198602139949798584e-01	-1.616507619619369507e-01	-4.678441882133483887e-01	1.699419766664505005e-01	-3.254127502441406250e-01	-3.276954293251037598e-01
-7.578482478857040405e-02	-2.192742675542831421e-01	-1.399338394403457642e-01	-2.696396112442016602e-01	-2.010853588581085205e-01	1.115124896168708801e-01	-7.691854238510131836e-02	2.485521510243415833e-02	1.117711588740348816e-01	9.894943982362747192e-02
5.677677392959594727e-01	5.211505293846130371e-01	5.009013414382934570e-01	-7.470982074737548828e-01	-1.508286893367767334e-01	-6.308292150497436523e-01	-8.162003159523010254e-01	1.846503019332885742e-01	2.391445040702819824e-01	-7.678847014904022217e-02
-1.504187751561403275e-02	4.317708611488342285e-01	-1.238174140453338623e-01	6.512884795665740967e-02	-4.985119998455047607e-01	-6.338030099868774414e-01	-1.116698011755943298e-01	3.145734071731567383e-01	-9.704058617353439331e-02	7.361763119697570801e-01
6.632722020149230957e-01	-4.426699280738830566e-01	2.692232131958007812e-01	-6.418569087982177734e-01	8.496616482734680176e-01	-3.394352793693542480e-01	-2.929175794124603271e-01	-2.024139743298292160e-03	1.019609332084655762e+00	-5.446397066116333008e-01
4.197016060352325439e-01	8.451691269874572754e-01	-4.504306018352508545e-01	-2.332579344511032104e-02	6.829016655683517456e-02	-1.067622229456901550e-01	-5.832638144493103027e-01	9.798173606395721436e-02	1.546156406402587891e-01	-2.472100853919982910e-01
4.676474630832672119e-02	-2.075569182634353638e-01	-2.972916364669799805e-01	-9.958349168300628662e-02	-1.741598248481750488e-01	-7.543028891086578369e-02	7.894431473687291145e-04	3.035582602024078369e-02	2.351185232400894165e-01	-7.811071723699569702e-02
-1.217484101653099060e-02	-1.483065187931060791e-01	-3.055295944213867188e-01	-1.307339519262313843e-01	-9.483329206705093384e-02	8.988192677497863770e-02	4.558610916137695312e-02	1.134355366230010986e-01	1.382667273283004761e-01	1.997306197881698608e-02
-2.091694325208663940e-01	-1.215888652950525284e-02	-4.508289694786071777e-01	-2.241687327623367310e-01	5.551220774650573730e-01	8.192554116249084473e-01	-3.516355454921722412e-01	4.985045194625854492e-01	8.436227440834045410e-01	3.485481739044189453e-01
8.858065009117126465e-01	-4.419594705104827881e-01	5.723453760147094727e-01	-6.298826336860656738e-01	2.070940136909484863e-01	1.536332666873931885e-01	4.237283170223236084e-01	-1.718309819698333740e-01	5.842780694365501404e-02	-4.725480973720550537e-01
3.354116976261138916e-01	5.045344680547714233e-02	-1.390059478580951691e-02	-2.908731102943420410e-01	-2.841458618640899658e-01	1.503971666097640991e-01	4.508298039436340332e-01	1.688971221446990967e-01	6.595494151115417480e-01	-6.459613144397735596e-02
5.182484984397888184e-01	6.849543452262878418e-01	-3.945464193820953369e-01	-5.185220241546630859e-01	5.974949598312377930e-01	-7.684270143508911133e-01	-6.569352149963378906e-01	6.707056760787963867e-01	-6.348193287849426270e-01	-5.559430122375488281e-01
3.849284648895263672e-01	-4.828459620475769043e-01	-1.204663217067718506e-01	-1.199863925576210022e-01	1.033052921295166016e+00	-1.153833150863647461e+00	-5.103205442428588867e-01	-2.268647551536560059e-01	6.591170430183410645e-01	1.045330762863159180e+00
-5.541636347770690918e-01	-1.515245884656906128e-01	3.822818696498870850e-01	4.346952140331268311e-01	-2.223120778799057007e-01	1.567146182060241699e-02	1.889630854129791260e-01	1.235970482230186462e-01	-3.148103505373001099e-02	9.305891394615173340e-02
-9.514618515968322754e-01	3.637282550334930420e-01	3.377776145935058594e-01	5.378804206848144531e-01	1.053112864494323730e+00	-5.690916776657104492e-01	-8.865901231765747070e-01	4.690605401992797852e-01	-4.090333282947540283e-01	-1.250373274087905884e-01
-1.060132235288619995e-01	-5.705427527427673340e-01	-8.922940492630004883e-02	1.104619860649108887e+00	5.282958745956420898e-01	-7.528024315834045410e-01	-1.400750689208507538e-02	-5.995459556579589844e-01	3.567700982093811035e-01	-3.083696067333221436e-01
-7.820042371749877930e-01	-5.402123928070068359e-01	1.416651606559753418e-01	8.702634572982788086e-01	1.385586261749267578e-01	-4.657225608825683594e-01	1.307325661182403564e-01	-1.986222118139266968e-01	3.079331219196319580e-01	1.838105469942092896e-01
-3.691298961639404297e-01	-9.365604519844055176e-01	1.196212507784366608e-02	-7.287050783634185791e-02	4.369255006313323975e-01	5.146225094795227051e-01	-5.561000704765319824e-01	-7.270323038101196289e-01	5.887832641601562500e-01	-5.624029319733381271e-03
-9.525331854820251465e-02	-6.943823397159576416e-02	-6.996092945337295532e-02	1.236450597643852234e-01	-2.437511272728443146e-02	-2.225597500801086426e-01	-4.763639569282531738e-01	2.979221045970916748e-01	5.138452053070068359e-01	3.769197165966033936e-01
-1.336944699287414551e-01	-8.699262142181396484e-01	-6.361930966377258301e-01	3.469247370958328247e-02	1.228249147534370422e-01	-4.101864099502563477e-01	1.429368089884519577e-02	5.375449657440185547e-01	4.122439920902252197e-01	-1.155205011367797852e+00
-1.149251833558082581e-01	-2.876791954040527344e-01	-2.118730247020721436e-01	-2.381867170333862305e-01	-1.692143380641937256e-01	-4.694117605686187744e-02	-1.024540700018405914e-02	7.702875882387161255e-02	1.983931660652160645e-01	-6.111237220466136932e-03
-3.085693120956420898e-01	3.801291584968566895e-01	7.352860569953918457e-01	5.381108522415161133e-01	7.145241647958755493e-02	-2.771395444869995117e-01	7.441537976264953613e-01	-8.124349266290664673e-02	-1.898536235094070435e-01	5.432205200195312500e-01
1.484677847474813461e-02	-2.346218675374984741e-01	-3.208224475383758545e-01	-1.555941849946975708e-01	-1.905341893434524536e-01	-5.532209202647209167e-02	7.127258181571960449e-02	8.681987971067428589e-02	3.194963335990905762e-01	-9.217381477355957031e-02
6.549414992332458496e-01	1.011499483138322830e-02	-6.233989000320434570e-01	-2.171587198972702026e-01	-9.458921104669570923e-02	8.344236016273498535e-02	-2.320012450218200684e-02	-6.589264273643493652e-01	4.771437346935272217e-01	9.615767747163772583e-02
5.963597297668457031e-01	-2.370850592851638794e-01	5.639390945434570312e-01	-6.501204967498779297e-01	3.568951487541198730e-01	8.267882466316223145e-02	9.227612018585205078e-01	-4.581353664398193359e-01	1.709318011999130249e-01	-8.932971358299255371e-01
-3.552074432373046875e-01	-1.984315514564514160e-01	-1.311272531747817993e-01	-4.041822254657745361e-01	4.288403317332267761e-02	2.284129559993743896e-01	-1.250770092010498047e-01	2.948853671550750732e-01	-1.423762887716293335e-01	1.710455715656280518e-01
4.233525395393371582e-01	-4.871931374073028564e-01	4.019275009632110596e-01	-1.924279928207397461e-01	1.859388649463653564e-01	-4.266186654567718506e-01	2.492929548025131226e-01	3.039610981941223145e-01	-2.132079377770423889e-02	-6.092759370803833008e-01
-7.347682863473892212e-02	-1.758816987276077271e-01	-9.116176515817642212e-02	-8.332222700119018555e-02	-1.196560114622116089e-01	-6.834820657968521118e-02	2.291116118431091309e-02	2.820913493633270264e-01	1.085708588361740112e-01	7.203658577054738998e-03
-2.896882779896259308e-02	-2.699244916439056396e-01	-1.304050981998443604e-01	7.412849366664886475e-02	-1.493324935436248779e-01	3.079543709754943848e-01	-1.390608996152877808e-01	-1.222716048359870911e-01	2.881682012230157852e-03	2.034988254308700562e-03
7.026423215866088867e-01	-4.520239233970642090e-01	-6.612567305564880371e-01	4.468848556280136108e-02	-2.129063755273818970e-01	2.696156501770019531e-01	3.435910642147064209e-01	-5.475475192070007324e-01	6.006189584732055664e-01	-2.053131163120269775e-01
-6.196460723876953125e-01	7.465887814760208130e-02	-4.169778227806091309e-01	4.443013072013854980e-01	-1.335472017526626587e-01	-7.633871585130691528e-02	3.427526056766510010e-01	3.113953769207000732e-01	2.597648501396179199e-01	-6.998614668846130371e-01
7.611890435218811035e-01	-8.456132411956787109e-01	-1.089942753314971924e-01	8.356028795242309570e-01	4.811117649078369141e-01	-2.246593981981277466e-01	6.751946210861206055e-01	5.222424864768981934e-02	-3.620038926601409912e-01	9.321717619895935059e-01
-6.137779355049133301e-01	-7.476014494895935059e-01	5.790972709655761719e-01	-4.180997014045715332e-01	5.674095153808593750e-01	-1.168819665908813477e+00	-1.980030387639999390e-01	-1.997764259576797485e-01	3.549430966377258301e-01	8.974412083625793457e-01
1.834775656461715698e-01	-4.358621239662170410e-01	2.822464704513549805e-01	7.552727460861206055e-01	1.719654947519302368e-01	2.003512382507324219e-01	8.123746514320373535e-01	-8.247449398040771484e-01	6.580066084861755371e-01	9.985845088958740234e-01
-1.657754629850387573e-01	-4.910714328289031982e-01	2.703786194324493408e-01	1.602084189653396606e-01	2.750582993030548096e-01	1.489936490543186665e-03	3.444558084011077881e-01	-4.174693822860717773e-01	1.966932266950607300e-01	4.177572131156921387e-01
-3.018581867218017578e-01	-4.461105167865753174e-01	2.351627200841903687e-01	8.391440846025943756e-03	-8.503456413745880127e-02	3.715443611145019531e-02	-2.498586028814315796e-01	-1.143677532672882080e-02	-9.528154879808425903e-02	-4.781497642397880554e-02
5.987653732299804688e-01	-4.010667204856872559e-01	-1.594398170709609985e-01	-1.377247422933578491e-01	-3.542511537671089172e-02	-5.789805054664611816e-01	-2.596154510974884033e-01	-4.398262128233909607e-02	-1.191999204456806183e-02	-1.044665947556495667e-01
9.457155466079711914e-01	-6.872478723526000977e-01	-1.392711848020553589e-01	5.366532206535339355e-01	6.413457989692687988e-01	-1.877980828285217285e-01	-1.386310338973999023e+00	3.287795484066009521e-01	1.129971742630004883e+00	-2.711553871631622314e-01
-5.335049703717231750e-02	-5.028490424156188965e-01	-2.946586115285754204e-03	-2.654138207435607910e-01	2.513947784900665283e-01	1.508399844169616699e-01	-5.599709749221801758e-01	-1.540969870984554291e-02	-1.094613522291183472e-01	1.164583954960107803e-03
7.330517172813415527e-01	2.959489524364471436e-01	-3.481032252311706543e-01	-3.703911900520324707e-01	3.060550689697265625e-01	-6.531953811645507812e-01	-8.157993555068969727e-01	-5.069021135568618774e-02	-5.465074181556701660e-01	8.434877544641494751e-02
-2.417401969432830811e-01	2.838239073753356934e-01	-6.598159670829772949e-01	3.975065946578979492e-01	5.045925378799438477e-01	3.563523888587951660e-01	4.580204188823699951e-01	-5.362998247146606445e-01	6.759544014930725098e-01	-7.604776024818420410e-01
1.074383854866027832e+00	-3.101355433464050293e-01	-2.913932800292968750e-01	1.082103967666625977e+00	-4.273411035537719727e-01	-1.514509081840515137e+00	-1.554052811115980148e-02	-3.940389156341552734e-01	7.287027835845947266e-01	-3.242859840393066406e-01
-2.107963198795914650e-03	-2.934332191944122314e-01	-2.836695611476898193e-01	-2.392232418060302734e-01	3.978509083390235901e-02	-8.365508168935775757e-02	1.947954744100570679e-01	-4.273733496665954590e-02	8.037699013948440552e-02	1.071583200246095657e-02
-1.164652705192565918e-01	-2.601205408573150635e-01	-1.422192454338073730e-01	-2.090763598680496216e-01	-1.903269439935684204e-02	1.103424355387687683e-01	1.272315680980682373e-01	-9.456917643547058105e-03	-1.320530194789171219e-03	-1.386041287332773209e-02
-3.987932205200195312e-01	3.177023679018020630e-02	8.998152613639831543e-01	9.091238677501678467e-02	-1.360535994172096252e-02	-1.438892483711242676e-01	7.363642454147338867e-01	5.191812515258789062e-01	-1.631060242652893066e-02	-6.088342666625976562e-01
