-2.984942793846130371e-01	-1.950804144144058228e-01	-1.701708585023880005e-01	1.217714697122573853e-01	4.502569139003753662e-02	4.638220965862274170e-01	-5.858871936798095703e-01	-7.726311683654785156e-02	-4.690624475479125977e-01	2.065118551254272461e-01
-3.143256306648254395e-01	-6.013467907905578613e-01	-5.156704187393188477e-01	-1.534352600574493408e-01	-1.225471273064613342e-01	3.785136342048645020e-01	2.053375691175460815e-01	-2.546919137239456177e-02	2.043345123529434204e-01	-8.525194972753524780e-02
9.960474073886871338e-02	-3.263870775699615479e-01	-1.338344812393188477e-01	-7.835026979446411133e-01	-3.153302669525146484e-01	-1.559270769357681274e-01	-2.498164921998977661e-01	-1.956881284713745117e-01	9.923636913299560547e-02	-1.321584731340408325e-01
-3.128180205821990967e-01	-7.237795740365982056e-02	1.368408799171447754e-01	-5.442334413528442383e-01	2.355593591928482056e-01	2.729330658912658691e-01	2.268651127815246582e-01	-9.256369620561599731e-02	6.152774691581726074e-01	-1.157930046319961548e-01
-2.611588239669799805e-01	-7.479758858680725098e-01	-9.330690652132034302e-02	-4.328191876411437988e-01	-9.546855092048645020e-02	2.111950665712356567e-01	7.654105126857757568e-02	1.383529305458068848e-01	3.065689802169799805e-01	5.989418923854827881e-02
8.062793314456939697e-02	-3.315605819225311279e-01	-7.705363631248474121e-01	-3.657977283000946045e-01	-1.844974309206008911e-01	-2.691183798015117645e-02	-1.619095504283905029e-01	-8.729744702577590942e-02	-2.956198155879974365e-01	6.507215090095996857e-03
-2.192167192697525024e-02	-1.267957389354705811e-01	-2.401356697082519531e-01	-2.951880358159542084e-02	-3.628349602222442627e-01	2.211928069591522217e-01	-2.202452123165130615e-01	-2.118126600980758667e-01	7.633437514305114746e-01	2.612738311290740967e-01
8.663763105869293213e-02	1.153383171185851097e-03	-1.652209274470806122e-02	-6.077485084533691406e-01	5.093983411788940430e-01	-4.117555022239685059e-01	1.292167697101831436e-02	-1.667897030711174011e-02	-4.347141385078430176e-01	-6.641197204589843750e-02
-6.430683135986328125e-01	-1.635969281196594238e-01	-4.648306965827941895e-01	-2.923094332218170166e-01	4.113315045833587646e-02	-1.287533342838287354e-01	6.541144847869873047e-02	-1.578994542360305786e-01	4.059875905513763428e-01	2.141974866390228271e-01
1.362534314393997192e-01	-6.470078825950622559e-01	2.842276990413665771e-01	-1.261852774769067764e-02	1.468534618616104126e-01	5.093222856521606445e-01	3.372507989406585693e-01	-2.550112083554267883e-02	-2.579703368246555328e-02	-2.929881215095520020e-01
4.512704312801361084e-01	3.119228780269622803e-01	-2.073789387941360474e-01	-2.333663105964660645e-01	4.435127079486846924e-01	3.937734365463256836e-01	-8.894104510545730591e-02	-4.242114424705505371e-01	-9.666803479194641113e-02	2.293942123651504517e-01
-1.598737090826034546e-01	2.779141664505004883e-01	1.992449313402175903e-01	-4.570646882057189941e-01	3.012596070766448975e-02	6.239997223019599915e-02	-5.162858963012695312e-02	7.309252619743347168e-01	-3.052501976490020752e-01	1.170526295900344849e-01
2.237745933234691620e-02	-4.898135066032409668e-01	2.445715367794036865e-01	-5.457350015640258789e-01	1.144565120339393616e-01	2.107675671577453613e-01	5.715454369783401489e-02	5.838692188262939453e-01	4.074203316122293472e-04	1.570675522089004517e-02
-5.780112743377685547e-01	-7.511264830827713013e-02	-4.879303276538848877e-01	-1.227892711758613586e-01	-4.685105383396148682e-02	5.644465088844299316e-01	1.522696614265441895e-01	2.244192808866500854e-01	-6.550509482622146606e-02	9.204372018575668335e-02
4.593806266784667969e-01	-2.278931289911270142e-01	2.343884110450744629e-01	-2.974652051925659180e-01	-3.984872698783874512e-01	-5.040330290794372559e-01	-1.555090993642807007e-01	1.859059333801269531e-01	3.285402357578277588e-01	1.186861544847488403e-01
3.299325108528137207e-01	6.004852429032325745e-02	6.763499695807695389e-03	-4.598641097545623779e-01	-8.915450423955917358e-02	4.395130872726440430e-01	-2.509549818933010101e-02	1.380578279495239258e-01	1.637101471424102783e-01	-6.545281410217285156e-01
4.525592029094696045e-01	1.731104105710983276e-01	5.197820439934730530e-02	-3.183174878358840942e-02	-6.002924442291259766e-01	1.712061315774917603e-01	1.153418794274330139e-01	2.265835106372833252e-01	-1.122859939932823181e-01	-5.427646636962890625e-01
-2.430123388767242432e-01	-3.923294246196746826e-01	-1.436805576086044312e-01	-2.333026826381683350e-01	3.723210990428924561e-01	6.277298927307128906e-02	-3.001038134098052979e-01	-3.588694930076599121e-01	-5.776869654655456543e-01	-1.296649724245071411e-01
-6.071922779083251953e-01	-3.637067973613739014e-01	8.288152515888214111e-02	-1.814381927251815796e-01	1.291698068380355835e-01	2.911205962300300598e-02	5.365294218063354492e-01	2.965504229068756104e-01	-2.528442740440368652e-01	4.446499422192573547e-02
1.103356853127479553e-01	-3.678471148014068604e-01	3.352659940719604492e-01	1.551309227943420410e-01	-6.303029060363769531e-01	3.405941426753997803e-01	-4.128560125827789307e-01	9.146132320165634155e-02	9.208954870700836182e-02	-1.243532299995422363e-01
7.215246558189392090e-01	1.951885819435119629e-01	2.779201567173004150e-01	1.405972540378570557e-01	-2.908284366130828857e-01	3.504662215709686279e-01	-3.060182556509971619e-02	2.019594609737396240e-01	3.042648434638977051e-01	-5.086517706513404846e-02
1.003020107746124268e-01	-2.481232285499572754e-01	2.851511538028717041e-01	-4.898969084024429321e-03	-6.834086179733276367e-01	4.988082945346832275e-01	-3.293031752109527588e-01	1.394032239913940430e-01	-3.552758321166038513e-02	4.523148387670516968e-02
-1.488094329833984375e-01	-4.781158268451690674e-01	-4.331024885177612305e-01	1.565821617841720581e-01	4.031526446342468262e-01	1.396102309226989746e-01	-8.232099562883377075e-02	8.846300840377807617e-02	1.021945327520370483e-01	5.745395421981811523e-01
2.629705667495727539e-01	4.035613238811492920e-01	3.761755526065826416e-01	1.659917086362838745e-02	5.064905285835266113e-01	-3.139137104153633118e-02	-2.991704270243644714e-02	5.170139074325561523e-01	-3.086328506469726562e-01	7.232197374105453491e-02
1.885798126459121704e-01	2.985605001449584961e-01	1.883303225040435791e-01	1.512410193681716919e-01	-5.465059280395507812e-01	2.596504986286163330e-01	-3.184649348258972168e-01	4.076267480850219727e-01	-4.086572527885437012e-01	1.276319026947021484e-01
1.367705035954713821e-02	-4.414952173829078674e-02	-5.946952700614929199e-01	-1.123556345701217651e-01	-6.095732450485229492e-01	4.137210249900817871e-01	1.277676075696945190e-01	1.526358276605606079e-01	-1.270251423120498657e-01	-1.818660646677017212e-01
-6.804952621459960938e-01	-3.553791940212249756e-01	-1.458915919065475464e-01	-9.099610149860382080e-02	3.644794523715972900e-01	-3.310365378856658936e-01	4.544968158006668091e-02	-6.207237392663955688e-02	4.261929914355278015e-02	3.618034124374389648e-01
-1.850151419639587402e-01	-5.621576309204101562e-01	4.969090819358825684e-01	1.181366220116615295e-01	1.560597270727157593e-01	4.557216912508010864e-02	1.524031534790992737e-02	4.477685689926147461e-01	1.419543474912643433e-01	-3.762471377849578857e-01
1.938648223876953125e-01	1.098905280232429504e-01	-2.188596129417419434e-01	5.286827683448791504e-01	-6.444994211196899414e-01	-3.717475384473800659e-02	-3.371086418628692627e-01	1.431538909673690796e-01	-2.521907687187194824e-01	9.186170995235443115e-02
-1.749255210161209106e-01	3.938016891479492188e-01	5.060544610023498535e-01	-2.212346345186233521e-01	-2.909960746765136719e-01	-2.230345308780670166e-01	-4.870379716157913208e-02	-4.470270872116088867e-01	-4.134394112043082714e-04	-4.155200719833374023e-01
-1.205539628863334656e-01	2.149979583919048309e-02	-2.333857566118240356e-01	-3.381485641002655029e-01	3.832651078701019287e-01	-4.430539906024932861e-01	-1.717725247144699097e-01	9.738214313983917236e-02	-5.594604015350341797e-01	-3.478752672672271729e-01
-6.655456125736236572e-02	7.024925947189331055e-01	-2.687754631042480469e-01	1.231472939252853394e-01	2.987931370735168457e-01	2.769562602043151855e-02	-4.138583540916442871e-01	7.442813366651535034e-02	-1.449099332094192505e-01	3.561002612113952637e-01
4.850718379020690918e-01	4.735809266567230225e-01	-5.994061380624771118e-02	-4.581518769264221191e-01	-2.113145142793655396e-01	3.340167105197906494e-01	-1.084976047277450562e-01	2.985907495021820068e-01	-1.937422305345535278e-01	-1.795690953731536865e-01
3.299419283866882324e-01	2.454090416431427002e-01	-4.347295165061950684e-01	2.825998961925506592e-01	2.369832694530487061e-01	1.676060110330581665e-01	-3.033246397972106934e-01	2.475882768630981445e-01	3.036056160926818848e-01	4.820012152194976807e-01
-2.319323718547821045e-01	-6.978667378425598145e-01	-8.234340697526931763e-02	-2.886518239974975586e-01	-1.070434078574180603e-01	2.371723651885986328e-01	-2.088205814361572266e-01	4.195944368839263916e-01	2.714726030826568604e-01	-8.953768759965896606e-02
-3.341293931007385254e-01	4.805908501148223877e-01	-2.053840011358261108e-01	2.607266604900360107e-01	-4.483025968074798584e-01	-2.295411974191665649e-01	1.846358627080917358e-01	3.305324316024780273e-01	-3.705419003963470459e-01	-1.136712431907653809e-01
4.918129369616508484e-02	-2.328403145074844360e-01	-4.276096820831298828e-01	1.086585316807031631e-02	-5.280565023422241211e-01	2.779633104801177979e-01	1.295337919145822525e-02	5.378480553627014160e-01	2.744913995265960693e-01	1.987399309873580933e-01
-2.763161957263946533e-01	-4.271952509880065918e-01	-5.790848135948181152e-01	-5.708243250846862793e-01	-1.463945508003234863e-01	9.249402582645416260e-02	-4.919789731502532959e-02	1.489394307136535645e-01	1.307666003704071045e-01	9.101799875497817993e-02
2.596827149391174316e-01	-2.924803830683231354e-02	1.189216822385787964e-01	-3.657288551330566406e-01	-9.599524736404418945e-02	5.386124849319458008e-01	-7.918772846460342407e-02	-1.800245493650436401e-01	-7.480080425739288330e-02	6.634879112243652344e-01
3.785008788108825684e-01	-2.616509795188903809e-01	5.448844656348228455e-02	-2.428405731916427612e-01	3.576125577092170715e-02	7.028509378433227539e-01	1.844884455204010010e-01	1.747992262244224548e-02	-2.909412086009979248e-01	3.347663879394531250e-01
-3.236064314842224121e-01	-4.391437768936157227e-01	-4.064192771911621094e-01	-4.223108291625976562e-01	-5.355115532875061035e-01	2.010912895202636719e-01	-1.102245040237903595e-02	-1.078356653451919556e-01	1.343150585889816284e-01	-4.367765784263610840e-02
-7.786411046981811523e-02	3.531781136989593506e-01	-1.139294132590293884e-01	-6.275120377540588379e-01	1.096032112836837769e-01	2.118856459856033325e-01	1.336561292409896851e-01	-9.912989288568496704e-02	-6.086444258689880371e-01	-8.604745566844940186e-02
8.848938345909118652e-02	2.065610587596893311e-01	-4.023714661598205566e-01	-4.865238443017005920e-02	6.531109660863876343e-02	-4.012611210346221924e-01	3.690701425075531006e-01	5.125495195388793945e-01	-4.652097821235656738e-01	-6.794459372758865356e-02
-3.117425739765167236e-01	-5.906348824501037598e-01	-5.291743278503417969e-01	-3.713953197002410889e-01	-2.246813923120498657e-01	1.896261274814605713e-01	1.859156414866447449e-02	1.377454102039337158e-01	1.496140956878662109e-01	8.867672085762023926e-02
-1.006105020642280579e-01	4.483462274074554443e-01	1.714479178190231323e-01	-1.800429970026016235e-01	2.898130118846893311e-01	-4.107181727886199951e-01	4.690617024898529053e-01	2.551954388618469238e-01	3.528963625431060791e-01	-2.543481886386871338e-01
-5.739374756813049316e-01	4.114507734775543213e-01	6.678288429975509644e-02	-2.417651414871215820e-01	7.895026355981826782e-03	-1.225299686193466187e-01	5.218235850334167480e-01	9.898471832275390625e-02	1.370278149843215942e-01	-3.499192595481872559e-01
-2.361247837543487549e-01	-3.247185945510864258e-01	5.025828480720520020e-01	-2.721177041530609131e-01	3.322806358337402344e-01	3.630583584308624268e-01	2.625585198402404785e-01	-3.305312991142272949e-01	1.909753382205963135e-01	-2.351258099079132080e-01
1.615151017904281616e-01	3.141868412494659424e-01	-2.441747486591339111e-01	-2.967409193515777588e-01	5.211485028266906738e-01	-1.653035879135131836e-01	3.244678676128387451e-01	-3.247410291805863380e-03	-4.450432360172271729e-01	-3.539043664932250977e-01
3.630944788455963135e-01	2.050943970680236816e-01	-7.699937373399734497e-02	2.328995913267135620e-01	1.789447218179702759e-01	2.822530865669250488e-01	-4.506164193153381348e-01	-4.166024029254913330e-01	-4.745642244815826416e-01	2.289445847272872925e-01
3.694672835990786552e-03	1.596588045358657837e-01	-2.029580175876617432e-01	-7.563695311546325684e-01	4.156459569931030273e-01	-2.643607258796691895e-01	2.069478034973144531e-01	1.248284243047237396e-02	2.484508603811264038e-01	-1.176837310194969177e-01
-8.232242614030838013e-02	-2.830280065536499023e-01	5.076029524207115173e-02	-4.872749149799346924e-01	2.003276720643043518e-02	9.717468917369842529e-02	7.260218262672424316e-01	1.636953204870223999e-01	-3.275125324726104736e-01	-4.573973640799522400e-02
1.039772182703018188e-01	1.348293386399745941e-02	-2.509664893150329590e-01	-7.260260730981826782e-02	-2.656985819339752197e-01	1.387631297111511230e-01	-5.525900125503540039e-01	-5.287374258041381836e-01	-1.674947291612625122e-01	4.668267667293548584e-01
-4.365357458591461182e-01	-2.201685607433319092e-01	5.229693055152893066e-01	1.524873822927474976e-01	2.636613324284553528e-02	1.755826920270919800e-01	3.634468317031860352e-01	1.576969921588897705e-01	-3.602385818958282471e-01	-3.820404112339019775e-01
-4.368000105023384094e-02	-4.675977528095245361e-01	-1.096258834004402161e-01	-3.531105443835258484e-02	-2.763776779174804688e-01	4.233994781970977783e-01	5.749697685241699219e-01	-3.238629922270774841e-02	3.307031095027923584e-01	-2.636746764183044434e-01
1.400205194950103760e-01	5.399937182664871216e-02	-2.596677541732788086e-01	-1.340931802988052368e-01	-4.543618261814117432e-01	1.978933215141296387e-01	2.806711196899414062e-02	7.098155021667480469e-01	-3.475914597511291504e-01	1.449754983186721802e-01
-5.689463019371032715e-01	1.529913693666458130e-01	1.959261745214462280e-01	1.516025066375732422e-01	4.407486021518707275e-01	4.502359926700592041e-01	6.390153896063566208e-03	-3.158080577850341797e-01	-3.045243322849273682e-01	-4.517615959048271179e-02
-1.312272530049085617e-02	-2.430231422185897827e-01	3.708024322986602783e-01	6.196748018264770508e-01	-1.528763622045516968e-01	-1.839629858732223511e-01	-5.659056305885314941e-01	-3.847902268171310425e-02	-6.506496667861938477e-02	1.899983733892440796e-01
-4.885891973972320557e-01	-2.361238896846771240e-01	-2.934514284133911133e-01	-3.312330842018127441e-01	1.879593580961227417e-01	-2.426105290651321411e-01	2.847832739353179932e-01	5.160326836630702019e-04	4.885889291763305664e-01	3.093339800834655762e-01
-2.002788484096527100e-01	-1.766467466950416565e-02	-3.877813816070556641e-01	-3.611345589160919189e-01	5.037987604737281799e-02	3.974142298102378845e-02	6.092457473278045654e-02	7.529740929603576660e-01	-2.052693665027618408e-01	-2.486944198608398438e-01
-1.793649420142173767e-02	-7.347027659416198730e-01	-3.756177425384521484e-01	-2.481713294982910156e-01	-9.775976836681365967e-02	1.725037693977355957e-01	9.612503647804260254e-02	2.614207006990909576e-02	3.803071975708007812e-01	2.516763210296630859e-01
-2.234235852956771851e-01	-6.591426134109497070e-01	-2.333963960409164429e-01	1.144284605979919434e-01	-2.993086278438568115e-01	-4.463171958923339844e-01	3.314097598195075989e-02	-9.598535485565662384e-03	-1.884583830833435059e-01	3.500764966011047363e-01
-1.218856647610664368e-01	-4.536424279212951660e-01	-5.940604805946350098e-01	1.812037378549575806e-01	-5.201503634452819824e-02	-7.219813019037246704e-02	4.024244248867034912e-01	-1.167317703366279602e-01	1.122535318136215210e-01	4.444313049316406250e-01
1.141364052891731262e-01	-8.708397299051284790e-02	-1.536123007535934448e-01	5.113839507102966309e-01	2.816410921514034271e-02	1.515695303678512573e-01	-3.299202620983123779e-01	6.389108300209045410e-01	-1.092585399746894836e-01	3.761921226978302002e-01
-4.448986947536468506e-01	-2.995298206806182861e-01	-1.799963414669036865e-01	2.249131351709365845e-01	-3.158207535743713379e-01	1.196219548583030701e-01	2.380778491497039795e-01	-3.015341162681579590e-01	-1.827962845563888550e-01	-5.781797766685485840e-01
1.894281804561614990e-01	-4.479269385337829590e-01	2.281721234321594238e-01	1.749433875083923340e-01	-4.315320253372192383e-01	2.852419614791870117e-01	-2.351998686790466309e-01	-3.441944718360900879e-01	-4.793551266193389893e-01	9.827329218387603760e-02
-2.124350331723690033e-02	-2.204955965280532837e-01	-5.596045851707458496e-01	-3.131829947233200073e-02	-6.250441670417785645e-01	3.733222782611846924e-01	3.273922204971313477e-02	-6.772644817829132080e-02	2.733412384986877441e-01	-1.623830944299697876e-01
1.206226572394371033e-01	5.821445584297180176e-01	-1.307548880577087402e-01	5.117532610893249512e-01	-2.294652462005615234e-01	3.545762300491333008e-01	-6.920676678419113159e-02	-3.611501455307006836e-01	2.294274568557739258e-01	-3.654134273529052734e-02
5.568367987871170044e-02	-5.229489803314208984e-01	-5.099020600318908691e-01	-4.689794480800628662e-01	-1.319984495639801025e-01	2.138812839984893799e-01	7.771877944469451904e-02	3.078831136226654053e-01	2.626281678676605225e-01	-1.025050207972526550e-01
-6.225584745407104492e-01	-6.979383062571287155e-03	-4.380178153514862061e-01	-2.462719082832336426e-01	-1.573592051863670349e-02	2.369995415210723877e-01	-1.880205869674682617e-01	-2.826857864856719971e-01	3.846659362316131592e-01	-2.005379945039749146e-01
-8.218191564083099365e-02	-7.656277716159820557e-02	-5.267443656921386719e-01	6.337100267410278320e-02	-1.029588654637336731e-01	-3.513427376747131348e-01	-3.536206781864166260e-01	-4.663233086466789246e-02	3.444301187992095947e-01	5.709746479988098145e-01
1.828366704285144806e-02	2.098608613014221191e-01	5.093809366226196289e-01	-7.023780047893524170e-02	4.194754958152770996e-01	-3.419651389122009277e-01	1.340159624814987183e-01	4.144331812858581543e-01	-4.040296673774719238e-01	2.129954099655151367e-01
3.540664911270141602e-01	-2.368415594100952148e-01	-5.917432904243469238e-01	-2.719545066356658936e-01	-4.235787093639373779e-01	-5.096503347158432007e-02	-1.019510477781295776e-01	3.036450743675231934e-01	6.116372346878051758e-02	3.256869018077850342e-01
-1.086326017975807190e-01	-2.966227829456329346e-01	-7.249894738197326660e-02	-1.603398174047470093e-01	-5.669336915016174316e-01	-2.728117704391479492e-01	2.779841125011444092e-01	1.114035770297050476e-01	-5.992150902748107910e-01	1.570485830307006836e-01
3.695152103900909424e-01	-1.845963746309280396e-01	5.732435584068298340e-01	-1.522014141082763672e-01	4.519278109073638916e-01	-6.132868677377700806e-02	-5.635428428649902344e-02	-1.061125425621867180e-03	3.893572092056274414e-01	3.388705253601074219e-01
-3.402784168720245361e-01	4.234924912452697754e-01	1.765793561935424805e-01	9.622877091169357300e-02	3.483693897724151611e-01	-1.342119723558425903e-01	1.169284507632255554e-01	1.879218369722366333e-01	-4.989510774612426758e-01	-4.765619635581970215e-01
4.992219805717468262e-01	-3.094330728054046631e-01	-2.721540629863739014e-01	3.656892776489257812e-01	1.401780098676681519e-01	-8.470872789621353149e-02	6.731661409139633179e-02	2.789362668991088867e-01	3.868998885154724121e-01	4.340257644653320312e-01
-4.989407062530517578e-01	6.520860642194747925e-02	2.576844207942485809e-02	-6.379772424697875977e-01	-2.813744544982910156e-01	1.498639136552810669e-01	1.357017308473587036e-01	-3.334570825099945068e-01	-2.901716828346252441e-01	-1.539097577333450317e-01
-4.177929162979125977e-01	-1.005357783287763596e-02	-2.567644603550434113e-02	-5.733190178871154785e-01	-2.630417346954345703e-01	2.218016982078552246e-01	8.787955157458782196e-03	-4.219501614570617676e-01	-3.062281012535095215e-01	-3.251341879367828369e-01
-2.493901848793029785e-01	-3.415965437889099121e-01	-7.486512064933776855e-01	3.569261133670806885e-01	-4.971086606383323669e-02	1.977017223834991455e-01	1.245169788599014282e-01	2.479816973209381104e-01	1.096185892820358276e-01	-5.165820196270942688e-02
-2.062989622354507446e-01	-4.282245337963104248e-01	-5.543475151062011719e-01	3.700412064790725708e-02	-5.628595352172851562e-01	9.210935980081558228e-02	4.491117317229509354e-03	3.080919682979583740e-01	-5.301850382238626480e-03	-2.124384194612503052e-01
-2.025126218795776367e-01	3.765305578708648682e-01	4.635630846023559570e-01	1.176779158413410187e-02	3.932019174098968506e-01	3.716045618057250977e-01	3.293454051017761230e-01	-1.242817342281341553e-01	7.562713325023651123e-02	-4.240905940532684326e-01
-4.766527414321899414e-01	-1.057166457176208496e-01	5.364204645156860352e-01	2.279798835515975952e-01	-2.616976499557495117e-01	7.972200214862823486e-02	-3.859514370560646057e-02	4.069463908672332764e-01	3.438619673252105713e-01	-2.484493255615234375e-01
1.153066381812095642e-01	2.007160186767578125e-01	1.618739217519760132e-01	-2.785283923149108887e-01	-4.000451564788818359e-01	2.057978063821792603e-01	5.287886857986450195e-01	9.961008280515670776e-02	-4.955134093761444092e-01	-3.243058025836944580e-01
4.403575658798217773e-01	-5.722858756780624390e-02	-2.677430212497711182e-01	-2.944695949554443359e-01	-1.065525338053703308e-01	6.462702155113220215e-02	3.141216561198234558e-02	-3.756151199340820312e-01	-6.737226247787475586e-01	-1.813991069793701172e-01
3.219989836215972900e-01	2.974075376987457275e-01	8.881808817386627197e-02	4.448017179965972900e-01	-2.480666786432266235e-01	4.239443540573120117e-01	3.065430186688899994e-02	-4.304590523242950439e-01	1.022789776325225830e-01	-4.051747918128967285e-01
3.854114711284637451e-01	-7.921228557825088501e-02	-3.286710977554321289e-01	4.560479819774627686e-01	-2.556703090667724609e-01	2.155762910842895508e-01	4.364152252674102783e-01	4.183423817157745361e-01	-6.044204533100128174e-02	-2.195830196142196655e-01
-2.789730727672576904e-01	1.165246292948722839e-01	6.653400510549545288e-02	-6.114771366119384766e-01	2.306942045688629150e-01	-1.067539751529693604e-01	-2.287529110908508301e-01	6.177379190921783447e-02	3.255382776260375977e-01	5.509352684020996094e-01
-3.340543210506439209e-01	-3.357858061790466309e-01	1.709391027688980103e-01	-3.978882133960723877e-01	-2.101849019527435303e-02	2.200759947299957275e-01	-1.703748703002929688e-01	1.380652422085404396e-03	-1.039497777819633484e-01	7.066896557807922363e-01
6.053392216563224792e-02	4.712804853916168213e-01	-3.498502969741821289e-01	-5.428715944290161133e-01	-5.072686076164245605e-01	1.089986860752105713e-01	-2.805221974849700928e-01	2.464802376925945282e-02	-1.713601872324943542e-02	9.126653522253036499e-02
-1.215404570102691650e-01	-4.093882143497467041e-01	2.083525508642196655e-01	5.083155035972595215e-01	5.084866285324096680e-01	-3.760581463575363159e-02	3.135293722152709961e-02	1.032913103699684143e-01	-1.215289384126663208e-01	4.789983332157135010e-01
-2.426456212997436523e-01	-6.037440299987792969e-01	-2.554819285869598389e-01	-4.190618097782135010e-01	-3.811185061931610107e-01	9.289515018463134766e-02	3.212305903434753418e-01	-1.516063511371612549e-01	2.358413785696029663e-01	7.548881229013204575e-03
-1.931511447764933109e-03	-6.085697412490844727e-01	-4.498092234134674072e-01	-3.019455671310424805e-01	3.589264675974845886e-02	-1.572380810976028442e-01	4.746169447898864746e-01	2.819997444748878479e-02	-2.406409829854965210e-01	-1.617493331432342529e-01
-1.608618944883346558e-01	2.995231449604034424e-01	-3.783878087997436523e-01	4.423101544380187988e-01	1.516587585210800171e-01	-4.971143305301666260e-01	1.281858384609222412e-01	-4.202396869659423828e-01	-9.573353826999664307e-02	2.706897854804992676e-01
9.052486717700958252e-02	-2.804790735244750977e-01	3.398984670639038086e-01	-1.995632499456405640e-01	-1.055429950356483459e-01	-6.464583873748779297e-01	-2.829571664333343506e-01	4.731002729386091232e-03	-1.638043373823165894e-01	-4.709706008434295654e-01
1.727162450551986694e-01	8.276205509901046753e-02	5.713245868682861328e-01	-1.936520636081695557e-01	2.462547123432159424e-01	-2.265004441142082214e-02	-4.759030938148498535e-01	4.394536912441253662e-01	-3.443872928619384766e-01	6.804393138736486435e-03
5.485790967941284180e-01	-3.351679742336273193e-01	-2.545456886291503906e-01	-1.835705488920211792e-01	-1.910263001918792725e-01	-2.497791200876235962e-01	-1.128555834293365479e-01	2.568615078926086426e-01	-1.964897215366363525e-01	-5.215635895729064941e-01
1.115598827600479126e-01	4.894100427627563477e-01	-3.041037917137145996e-01	-2.623270153999328613e-01	5.424043536186218262e-01	1.702868342399597168e-01	3.667945861816406250e-01	2.410209923982620239e-01	2.313574552536010742e-01	-1.318402141332626343e-01
-2.666988074779510498e-01	-6.758016943931579590e-01	4.541208148002624512e-01	-2.331238687038421631e-01	-1.231496874243021011e-02	3.213235139846801758e-01	-1.883480101823806763e-01	-1.887188255786895752e-01	1.836258471012115479e-01	-5.816154927015304565e-02
-1.708550900220870972e-01	-2.284900099039077759e-01	8.413363248109817505e-02	1.548362523317337036e-01	4.624074995517730713e-01	3.030591607093811035e-01	-4.150871336460113525e-01	1.964597404003143311e-01	3.691609799861907959e-01	-4.844675362110137939e-01
-1.377414166927337646e-01	-3.996275961399078369e-01	-5.185121297836303711e-01	-2.265748530626296997e-01	-2.653181552886962891e-01	1.586907804012298584e-01	1.870718002319335938e-01	1.637527793645858765e-01	4.146983921527862549e-01	-4.144538044929504395e-01
-3.314377367496490479e-01	3.187332153320312500e-01	-3.736671507358551025e-01	4.766385853290557861e-01	-8.653756976127624512e-02	2.770515084266662598e-01	-1.223165094852447510e-01	1.431645601987838745e-01	3.604797124862670898e-01	-4.148461222648620605e-01
-3.310617506504058838e-01	4.012345969676971436e-01	1.007144153118133545e-01	-4.460756182670593262e-01	-1.616039276123046875e-01	-2.576287686824798584e-01	-2.528193891048431396e-01	1.580884158611297607e-01	-1.935789138078689575e-01	5.490093827247619629e-01
-1.524549424648284912e-01	4.346087574958801270e-01	-3.612183928489685059e-01	-5.500444769859313965e-01	-1.880942583084106445e-01	-3.830378130078315735e-02	1.386229246854782104e-01	-4.872158467769622803e-01	6.079532206058502197e-02	2.402226328849792480e-01
-3.313617706298828125e-01	8.671737276017665863e-03	-1.031853854656219482e-01	-6.140447854995727539e-01	2.515413053333759308e-02	1.662165075540542603e-01	-1.602703332901000977e-02	-1.170218884944915771e-01	3.070665290579199791e-03	6.783840060234069824e-01
3.708346188068389893e-01	1.612557023763656616e-01	3.259458839893341064e-01	-2.483547925949096680e-01	-3.494398891925811768e-01	2.260595858097076416e-01	2.994926869869232178e-01	5.803715903311967850e-04	5.897225737571716309e-01	2.405769973993301392e-01
-5.251046419143676758e-01	-1.262204051017761230e-01	-3.370876982808113098e-02	-4.486879408359527588e-01	-7.905207574367523193e-02	-4.216947406530380249e-02	-1.109502166509628296e-01	-4.304039180278778076e-01	1.689728349447250366e-01	-5.212865471839904785e-01
1.876217871904373169e-01	2.714796066284179688e-01	-3.487387299537658691e-01	-4.147631302475929260e-02	-2.276392839848995209e-02	3.642792999744415283e-01	-1.075124144554138184e-01	2.904223203659057617e-01	7.338222861289978027e-01	1.187845412641763687e-02
-3.658950924873352051e-01	3.320845067501068115e-01	5.631307959556579590e-01	1.133122108876705170e-02	-2.331950515508651733e-01	2.056727707386016846e-01	-2.707789838314056396e-01	7.584317587316036224e-03	4.999784529209136963e-01	1.362258344888687134e-01
3.401344716548919678e-01	-2.642446458339691162e-01	6.924857944250106812e-02	-1.854069977998733521e-01	-4.673638641834259033e-01	-5.381426215171813965e-02	2.572143673896789551e-01	-2.511424720287322998e-01	2.275291830301284790e-02	-6.513354182243347168e-01
3.679873943328857422e-01	4.291225969791412354e-02	3.257600963115692139e-01	1.177034303545951843e-01	-3.568189917132258415e-03	2.591089904308319092e-01	3.387579321861267090e-01	6.466774344444274902e-01	-3.955357894301414490e-02	-3.756417036056518555e-01
3.211204111576080322e-01	5.133991241455078125e-01	-2.729530930519104004e-01	-3.628307878971099854e-01	3.383476138114929199e-01	-1.050185561180114746e-01	-4.592305421829223633e-01	5.745469778776168823e-02	-1.780683547258377075e-01	2.361002862453460693e-01
-9.706912934780120850e-02	-3.865879476070404053e-01	-1.823183298110961914e-01	-2.826965749263763428e-01	1.123423278331756592e-01	3.908588588237762451e-01	-2.328608483076095581e-01	-5.885021761059761047e-02	6.762780547142028809e-01	2.180340588092803955e-01
-1.678130477666854858e-01	-7.581903934478759766e-01	-1.690827906131744385e-01	-7.329493016004562378e-02	-4.395132064819335938e-01	-6.478136032819747925e-02	-2.157373577356338501e-01	-6.980738043785095215e-02	2.834460139274597168e-01	-1.841167956590652466e-01
-1.895653158426284790e-01	-1.754346191883087158e-01	-2.090719640254974365e-01	3.533658087253570557e-01	-6.360784769058227539e-01	2.006941288709640503e-01	2.505250275135040283e-01	4.967194497585296631e-01	1.015947237610816956e-01	-4.538382869213819504e-03
-4.897431656718254089e-02	-3.512390255928039551e-01	-7.646400332450866699e-01	-3.109719753265380859e-01	-2.651458382606506348e-01	-2.098884619772434235e-02	-1.678551286458969116e-01	2.940943278372287750e-02	2.769146561622619629e-01	1.280229538679122925e-01
2.810088992118835449e-01	-1.628626137971878052e-01	-4.119740426540374756e-01	3.397242724895477295e-01	-1.884730756282806396e-01	3.557773828506469727e-01	-3.876411020755767822e-01	2.455705702304840088e-01	1.011197492480278015e-01	4.758980572223663330e-01
3.729794919490814209e-01	-2.803428173065185547e-01	-1.159669682383537292e-01	2.828392982482910156e-01	-1.679402031004428864e-02	-3.062286972999572754e-01	4.758010506629943848e-01	3.491880604997277260e-03	5.381835699081420898e-01	-2.806231081485748291e-01
-3.502629399299621582e-01	-6.172155141830444336e-01	-4.191218912601470947e-01	-2.453042417764663696e-01	-3.071361184120178223e-01	1.640520244836807251e-01	1.445409841835498810e-02	2.260884791612625122e-01	2.957177460193634033e-01	-2.245268411934375763e-02
-3.915693759918212891e-01	-4.006022810935974121e-01	-3.384585306048393250e-02	3.892268240451812744e-02	1.446480602025985718e-01	-3.941939473152160645e-01	3.185110092163085938e-01	-3.680358231067657471e-01	-3.661024570465087891e-01	3.691723048686981201e-01
-2.716302275657653809e-01	-1.406688988208770752e-01	-7.214373908936977386e-05	7.382877916097640991e-02	5.571092367172241211e-01	5.127421021461486816e-02	2.597319185733795166e-01	-3.586803674697875977e-01	-4.757854044437408447e-01	4.068104028701782227e-01
-1.859475225210189819e-01	-2.985392212867736816e-01	-5.740339159965515137e-01	-6.076196432113647461e-01	-1.743111908435821533e-01	1.025134399533271790e-01	-1.791852414608001709e-01	-1.473411023616790771e-01	2.843300402164459229e-01	-4.502750560641288757e-02
1.325677186250686646e-01	-2.701107859611511230e-01	-3.025190532207489014e-01	-2.282646000385284424e-01	2.984602451324462891e-01	-4.522296786308288574e-01	-8.976547047495841980e-03	5.464971661567687988e-01	3.727915585041046143e-01	1.858490407466888428e-01
2.338126674294471741e-02	5.675727128982543945e-01	5.344767570495605469e-01	-1.338706016540527344e-01	2.155848592519760132e-02	1.049896180629730225e-01	2.978686057031154633e-02	2.675541341304779053e-01	4.712837636470794678e-01	2.601141929626464844e-01
-4.307289142161607742e-03	-3.634983673691749573e-02	-4.215641915798187256e-01	5.809212103486061096e-02	-4.304935038089752197e-01	-5.682923197746276855e-01	2.621225714683532715e-01	4.183348119258880615e-01	-2.007771581411361694e-01	-1.589484065771102905e-01
-2.191977500915527344e-01	1.958729177713394165e-01	3.109778463840484619e-01	5.955106019973754883e-01	1.663878709077835083e-01	2.472105771303176880e-01	-5.824792385101318359e-01	9.455923736095428467e-02	-2.088113315403461456e-02	-1.574433594942092896e-01
-4.911406338214874268e-01	4.311039745807647705e-01	-1.083563789725303650e-01	-2.302646636962890625e-01	3.559775650501251221e-01	-2.211304903030395508e-01	-2.140798419713973999e-01	3.894986808300018311e-01	2.651252411305904388e-02	3.664782047271728516e-01
-1.881234496831893921e-01	4.135574698448181152e-01	-1.108265966176986694e-01	-2.026054561138153076e-01	4.003128409385681152e-01	-4.200036227703094482e-01	-2.813487350940704346e-01	-3.368008434772491455e-01	3.793072402477264404e-01	-2.590925991535186768e-01
3.080751299858093262e-01	5.964179337024688721e-02	1.431746482849121094e-01	7.871226221323013306e-02	2.457765936851501465e-01	-5.498333573341369629e-01	-6.024616360664367676e-01	-3.045004308223724365e-01	-3.799291700124740601e-02	2.345020622014999390e-01
1.960059553384780884e-01	1.362413447350263596e-02	-4.804796874523162842e-01	-1.387496590614318848e-01	-9.351145476102828979e-02	-5.213622450828552246e-01	2.451123893260955811e-01	3.757717311382293701e-01	4.425241351127624512e-01	1.833260655403137207e-01
-6.243706122040748596e-02	3.682451322674751282e-03	-6.765514612197875977e-01	1.885408610105514526e-01	-4.561655819416046143e-01	-1.786664314568042755e-02	-1.717135459184646606e-01	-4.609383046627044678e-01	9.648357331752777100e-02	-2.077344208955764771e-01
2.216565310955047607e-01	4.718330502510070801e-01	-1.475886404514312744e-01	-1.100387647747993469e-01	3.476907908916473389e-01	-3.802040815353393555e-01	-4.980545043945312500e-01	-1.953943446278572083e-02	-4.023625254631042480e-01	1.362766921520233154e-01
5.759097337722778320e-01	-3.497188389301300049e-01	-2.459875941276550293e-01	4.456666111946105957e-01	3.003110177814960480e-02	-2.712812125682830811e-01	-6.474658846855163574e-02	-3.522174060344696045e-01	1.588653922080993652e-01	-2.427210211753845215e-01
-1.383858025074005127e-01	-3.317345678806304932e-01	-1.247649416327476501e-01	-3.578287959098815918e-01	-4.780986905097961426e-01	9.578522294759750366e-02	1.813591867685317993e-01	6.287372112274169922e-02	6.727306246757507324e-01	5.453445948660373688e-03
2.094000875949859619e-01	-1.333101689815521240e-01	1.595240086317062378e-01	-2.996759302914142609e-02	-4.570057094097137451e-01	-1.872684061527252197e-01	3.957284688949584961e-01	-4.981692135334014893e-01	3.689181804656982422e-01	-3.567017614841461182e-01
-6.506092548370361328e-01	3.664590045809745789e-02	1.489297021180391312e-03	-1.253576576709747314e-01	-3.136433959007263184e-01	-3.455742597579956055e-01	-4.447924792766571045e-01	5.809570476412773132e-02	2.749214470386505127e-01	-2.550628185272216797e-01
-1.273884624242782593e-02	-7.808586359024047852e-01	7.715927064418792725e-02	-3.694623708724975586e-01	-2.261676043272018433e-01	8.892805129289627075e-02	8.086002618074417114e-02	1.116067990660667419e-01	1.992326229810714722e-01	-3.604072928428649902e-01
2.208266854286193848e-01	-5.786343477666378021e-03	-6.468390673398971558e-02	6.669576764106750488e-01	4.628965854644775391e-01	3.521836400032043457e-01	-6.140391528606414795e-02	9.982194006443023682e-02	-3.857985734939575195e-01	3.610536828637123108e-02
1.252663284540176392e-01	-5.727931857109069824e-02	-2.188013643026351929e-01	5.237012505531311035e-01	-3.673402965068817139e-01	-1.425077468156814575e-01	-2.042114585638046265e-01	4.241312742233276367e-01	-8.474942296743392944e-03	-5.310191512107849121e-01
1.127491965889930725e-01	-1.923198439180850983e-02	-3.148342370986938477e-01	8.632218092679977417e-02	-4.708602130413055420e-01	-4.108846485614776611e-01	-1.120170280337333679e-01	5.910872220993041992e-01	2.040289044380187988e-01	-2.936841547489166260e-01
2.426018193364143372e-02	-2.770440578460693359e-01	2.478986233472824097e-02	-2.505983710289001465e-01	-4.756707847118377686e-01	3.889790475368499756e-01	-3.886303007602691650e-01	-6.957115978002548218e-02	4.883699417114257812e-01	-2.954619228839874268e-01
2.766598463058471680e-01	1.334835030138492584e-02	8.234198689460754395e-01	1.976445466279983521e-01	2.435051947832107544e-01	1.045120134949684143e-01	-2.960421703755855560e-02	-2.357973307371139526e-01	2.520594596862792969e-01	1.263693869113922119e-01
-7.876954227685928345e-02	5.343043431639671326e-02	-2.257586419582366943e-01	6.956980824470520020e-01	-4.250885248184204102e-01	-2.187817990779876709e-01	-1.235057562589645386e-01	-6.394819915294647217e-02	2.513068914413452148e-01	3.806754052639007568e-01
1.693225055932998657e-01	-6.394212245941162109e-01	4.702094197273254395e-01	2.646763622760772705e-01	3.964065015316009521e-02	3.338996767997741699e-01	2.892651557922363281e-01	-2.521408498287200928e-01	9.738688170909881592e-02	-3.906369954347610474e-02
-2.112991511821746826e-01	-4.130672812461853027e-01	-2.171972841024398804e-01	3.041478693485260010e-01	5.625936388969421387e-01	2.104196697473526001e-01	3.681494593620300293e-01	1.037216372787952423e-02	3.854746818542480469e-01	5.229200702160596848e-03
-1.672022491693496704e-01	-1.746625304222106934e-01	-5.917589068412780762e-01	-1.761446446180343628e-01	-5.801289081573486328e-01	1.257867217063903809e-01	-1.396671086549758911e-01	-9.022787213325500488e-02	3.859924077987670898e-01	1.769774258136749268e-01
3.078129291534423828e-01	6.832818966358900070e-03	-5.185522437095642090e-01	-5.582391619682312012e-01	2.342397719621658325e-01	-4.067769646644592285e-01	-2.028483152389526367e-01	-1.857653111219406128e-01	6.951870769262313843e-02	1.544420570135116577e-01
3.104432523250579834e-01	-4.274226352572441101e-02	-5.272200107574462891e-01	-5.265994071960449219e-01	2.760094404220581055e-01	-4.338768124580383301e-01	-8.211467415094375610e-02	-1.688982248306274414e-01	2.162548005580902100e-01	8.025600574910640717e-03
-3.885907530784606934e-01	-4.330996274948120117e-01	1.917635798454284668e-01	-2.072007656097412109e-01	3.489260971546173096e-01	4.650740027427673340e-01	8.051759563386440277e-03	-1.225524619221687317e-01	3.867165446281433105e-01	2.811397314071655273e-01
6.621720790863037109e-01	-4.586227834224700928e-01	-2.438317090272903442e-01	-2.101050615310668945e-01	1.313749700784683228e-01	-4.819030407816171646e-03	1.700006574392318726e-01	-4.096547067165374756e-01	1.803901940584182739e-01	3.247678279876708984e-02
2.795228362083435059e-01	4.908761382102966309e-01	-4.110450744628906250e-01	1.328440308570861816e-01	-3.902869820594787598e-01	-4.278767704963684082e-01	-3.670712113380432129e-01	5.195274576544761658e-02	-5.534978583455085754e-02	1.356295198202133179e-01
5.751414299011230469e-01	-2.586992383003234863e-01	-1.318866461515426636e-01	-1.182337254285812378e-01	-5.572288483381271362e-02	-5.243649333715438843e-02	-3.064412176609039307e-01	-6.779840588569641113e-01	-1.048145517706871033e-01	-2.246063016355037689e-02
-4.324806928634643555e-01	2.875431180000305176e-01	1.894008219242095947e-01	-4.502556622028350830e-01	2.579029798507690430e-01	-1.687062978744506836e-01	-8.350181579589843750e-02	-2.953925728797912598e-01	-2.623327970504760742e-01	4.833765625953674316e-01
-4.089936912059783936e-01	-4.609283208847045898e-01	1.265049725770950317e-01	-5.441642403602600098e-01	5.069195758551359177e-03	4.292109310626983643e-01	-1.437848657369613647e-01	-2.092740833759307861e-01	2.419624328613281250e-01	2.979595959186553955e-02
3.189729154109954834e-02	-2.976325452327728271e-01	-3.414402008056640625e-01	-1.527000814676284790e-01	1.030127108097076416e-01	3.084712289273738861e-02	-6.414459347724914551e-01	1.465509831905364990e-01	-5.306812524795532227e-01	-2.106726169586181641e-01
-6.386055350303649902e-01	-4.503438621759414673e-02	-7.141122221946716309e-02	-1.648770421743392944e-01	-9.439282119274139404e-02	-3.965638279914855957e-01	-4.427856802940368652e-01	6.248094141483306885e-02	2.888189554214477539e-01	-3.291178643703460693e-01
-3.537718653678894043e-01	8.372319489717483521e-02	3.018518388271331787e-01	6.826749444007873535e-01	-2.873126864433288574e-01	-1.106185168027877808e-01	-3.201483786106109619e-01	1.162922382354736328e-01	-2.226817458868026733e-01	-2.242438048124313354e-01
-1.587835401296615601e-01	-4.594210684299468994e-01	-2.931878566741943359e-01	-5.649459958076477051e-01	-4.213118553161621094e-01	2.336397469043731689e-01	-1.611588895320892334e-01	5.207637697458267212e-02	2.341817170381546021e-01	2.073177844285964966e-01
3.529930412769317627e-01	3.240101635456085205e-01	3.114207983016967773e-01	-4.644865393638610840e-01	-9.377334266901016235e-02	-3.921996653079986572e-01	-5.074487328529357910e-01	1.148009449243545532e-01	1.486811190843582153e-01	-4.774099215865135193e-02
-1.220360677689313889e-02	3.502994775772094727e-01	-1.004541516304016113e-01	5.283960327506065369e-02	-4.044471383094787598e-01	-5.142099261283874512e-01	-9.059868752956390381e-02	2.552161514759063721e-01	-7.872987538576126099e-02	5.972662568092346191e-01
3.607976138591766357e-01	-2.407974451780319214e-01	1.464482992887496948e-01	-3.491484224796295166e-01	4.621871411800384521e-01	-1.846412867307662964e-01	-1.593372374773025513e-01	-1.101063448004424572e-03	5.546329021453857422e-01	-2.962655425071716309e-01
3.376826345920562744e-01	6.800044178962707520e-01	-3.624064922332763672e-01	-1.876741833984851837e-02	5.494475737214088440e-02	-8.589852601289749146e-02	-4.692811667919158936e-01	7.883393764495849609e-02	1.244003251194953918e-01	-1.988997608423233032e-01
9.508419036865234375e-02	-4.220140874385833740e-01	-6.044667363166809082e-01	-2.024776488542556763e-01	-3.541096150875091553e-01	-1.533682644367218018e-01	1.605131430551409721e-03	6.172083318233489990e-02	4.780535697937011719e-01	-1.588182300329208374e-01
-2.837370894849300385e-02	-3.456313014030456543e-01	-7.120428085327148438e-01	-3.046780824661254883e-01	-2.210108786821365356e-01	2.094716131687164307e-01	1.062393337488174438e-01	2.643637657165527344e-01	3.222333490848541260e-01	4.654761776328086853e-02
-1.327671259641647339e-01	-7.717669475823640823e-03	-2.861568629741668701e-01	-1.422877162694931030e-01	3.523553311824798584e-01	5.200099945068359375e-01	-2.231953442096710205e-01	3.164182007312774658e-01	5.354767441749572754e-01	2.212356775999069214e-01
5.963180065155029297e-01	-2.975236773490905762e-01	3.852984309196472168e-01	-4.240320920944213867e-01	1.394140720367431641e-01	1.034247204661369324e-01	2.852506041526794434e-01	-1.156752780079841614e-01	3.933314234018325806e-02	-3.181156814098358154e-01
3.398315906524658203e-01	5.111829936504364014e-02	-1.408377010375261307e-02	-2.947061061859130859e-01	-2.878901958465576172e-01	1.523790210485458374e-01	4.567706286907196045e-01	1.711227595806121826e-01	6.682406663894653320e-01	-6.544734537601470947e-02
2.693068981170654297e-01	3.559352755546569824e-01	-2.050253301858901978e-01	-2.694490253925323486e-01	3.104871809482574463e-01	-3.993117213249206543e-01	-3.413752019405364990e-01	3.485310077667236328e-01	-3.298827111721038818e-01	-2.888947725296020508e-01
1.785486340522766113e-01	-2.239675670862197876e-01	-5.587816983461380005e-02	-5.565555393695831299e-02	4.791804552078247070e-01	-5.352042317390441895e-01	-2.367116212844848633e-01	-1.052309647202491760e-01	3.057307004928588867e-01	4.848755002021789551e-01
-6.293013095855712891e-01	-1.720694452524185181e-01	4.341145455837249756e-01	4.936344921588897705e-01	-2.524548470973968506e-01	1.779631711542606354e-02	2.145841270685195923e-01	1.403552740812301636e-01	-3.574947267770767212e-02	1.056765466928482056e-01
-4.720339477062225342e-01	1.804508417844772339e-01	1.675763428211212158e-01	2.668502330780029297e-01	5.224645137786865234e-01	-2.823345959186553955e-01	-4.398501515388488770e-01	2.327077090740203857e-01	-2.029273360967636108e-01	-6.203282251954078674e-02
-6.128095090389251709e-02	-3.298022747039794922e-01	-5.157906562089920044e-02	6.385256052017211914e-01	3.053814768791198730e-01	-4.351575076580047607e-01	-8.097040466964244843e-03	-3.465675711631774902e-01	2.062309831380844116e-01	-1.782530695199966431e-01
-5.393729209899902344e-01	-3.726014792919158936e-01	9.771092236042022705e-02	6.002480983734130859e-01	9.556824713945388794e-02	-3.212234973907470703e-01	9.017036855220794678e-02	-1.369959861040115356e-01	2.123911678791046143e-01	1.267799139022827148e-01
-2.263656556606292725e-01	-5.743374228477478027e-01	7.335667964071035385e-03	-4.468719661235809326e-02	2.679407298564910889e-01	3.155877292156219482e-01	-3.410234749317169189e-01	-4.458461701869964600e-01	3.610661625862121582e-01	-3.448886564001441002e-03
-1.060999780893325806e-01	-7.734528183937072754e-02	-7.792750000953674316e-02	1.377247273921966553e-01	-2.715074829757213593e-02	-2.479030042886734009e-01	-5.306083559989929199e-01	3.318470120429992676e-01	5.723576545715332031e-01	4.198402166366577148e-01
-7.523839920759201050e-02	-4.895629286766052246e-01	-3.580264151096343994e-01	1.952366717159748077e-02	6.912141293287277222e-02	-2.308380454778671265e-01	8.043965324759483337e-03	3.025108277797698975e-01	2.319959700107574463e-01	-6.501075029373168945e-01
-2.196082770824432373e-01	-5.497205257415771484e-01	-4.048639833927154541e-01	-4.551463127136230469e-01	-3.233483433723449707e-01	-8.969897031784057617e-02	-1.957774721086025238e-02	1.471927464008331299e-01	3.791055977344512939e-01	-1.167784258723258972e-02
-2.158655077219009399e-01	2.659265398979187012e-01	5.143832564353942871e-01	3.764456212520599365e-01	4.998588934540748596e-02	-1.938782185316085815e-01	5.205868482589721680e-01	-5.683542415499687195e-02	-1.328156888484954834e-01	3.800202012062072754e-01
2.527831308543682098e-02	-3.994701504707336426e-01	-5.462363362312316895e-01	-2.649166285991668701e-01	-3.244059085845947266e-01	-9.419209510087966919e-02	1.213495954871177673e-01	1.478206217288970947e-01	5.439785122871398926e-01	-1.569363027811050415e-01
5.256583690643310547e-01	8.118330501019954681e-03	-5.003421902656555176e-01	-1.742923557758331299e-01	-7.591763883829116821e-02	6.697113066911697388e-02	-1.862050220370292664e-02	-5.288566946983337402e-01	3.829572498798370361e-01	7.717648893594741821e-02
3.346681594848632812e-01	-1.330485939979553223e-01	3.164741992950439453e-01	-3.648379147052764893e-01	2.002842277288436890e-01	4.639812186360359192e-02	5.178397893905639648e-01	-2.570987343788146973e-01	9.592436999082565308e-02	-5.013049840927124023e-01
-4.779866933822631836e-01	-2.670204341411590576e-01	-1.764520555734634399e-01	-5.438898801803588867e-01	5.770711600780487061e-02	3.073650598526000977e-01	-1.683105081319808960e-01	3.968139886856079102e-01	-1.915893703699111938e-01	2.301683425903320312e-01
3.632961809635162354e-01	-4.180804193019866943e-01	3.449104726314544678e-01	-1.651303470134735107e-01	1.595617681741714478e-01	-3.660989701747894287e-01	2.139285057783126831e-01	2.608414888381958008e-01	-1.829624734818935394e-02	-5.228446722030639648e-01
-1.822650134563446045e-01	-4.362882971763610840e-01	-2.261338829994201660e-01	-2.066873013973236084e-01	-2.968160808086395264e-01	-1.695430725812911987e-01	5.683292821049690247e-02	6.997496485710144043e-01	2.693184912204742432e-01	1.786923781037330627e-02
-5.821357294917106628e-02	-5.424199104309082031e-01	-2.620522379875183105e-01	1.489630341529846191e-01	-3.000873029232025146e-01	6.188418865203857422e-01	-2.794463038444519043e-01	-2.457077950239181519e-01	5.790811032056808472e-03	4.089358728379011154e-03
4.876555502414703369e-01	-3.137186169624328613e-01	-4.589326679706573486e-01	3.101519495248794556e-02	-1.477636247873306274e-01	1.871216148138046265e-01	2.384628504514694214e-01	-3.800149559974670410e-01	4.168481826782226562e-01	-1.424936652183532715e-01
-4.967189133167266846e-01	5.984783545136451721e-02	-3.342565596103668213e-01	3.561595380306243896e-01	-1.070537269115447998e-01	-6.119442358613014221e-02	2.747563719749450684e-01	2.496198713779449463e-01	2.082319557666778564e-01	-5.610209703445434570e-01
3.933318555355072021e-01	-4.369566738605499268e-01	-5.632099136710166931e-02	4.317839741706848145e-01	2.486065477132797241e-01	-1.160890311002731323e-01	3.488956689834594727e-01	2.698601782321929932e-02	-1.870595216751098633e-01	4.816843569278717041e-01
-3.014957010746002197e-01	-3.672315478324890137e-01	2.844600975513458252e-01	-2.053759992122650146e-01	2.787189185619354248e-01	-5.741394162178039551e-01	-9.726166725158691406e-02	-9.813277423381805420e-02	1.743526607751846313e-01	4.408347904682159424e-01
9.520865976810455322e-02	-2.261739671230316162e-01	1.464609950780868530e-01	3.919198811054229736e-01	8.923491090536117554e-02	1.039646044373512268e-01	4.215507209300994873e-01	-4.279698133468627930e-01	3.414473533630371094e-01	5.181772112846374512e-01
-1.701534092426300049e-01	-5.040401220321655273e-01	2.775190174579620361e-01	1.644393503665924072e-01	2.823222875595092773e-01	1.529284054413437843e-03	3.535525202751159668e-01	-4.284943044185638428e-01	2.018876820802688599e-01	4.287897348403930664e-01
-4.613814949989318848e-01	-6.818670034408569336e-01	3.594394028186798096e-01	1.282607391476631165e-02	-1.299728602170944214e-01	5.678947642445564270e-02	-3.819016218185424805e-01	-1.748077943921089172e-02	-1.456350833177566528e-01	-7.308380305767059326e-02
6.046509742736816406e-01	-4.050090014934539795e-01	-1.610070317983627319e-01	-1.390785127878189087e-01	-3.577332571148872375e-02	-5.846716165542602539e-01	-2.621673345565795898e-01	-4.441494867205619812e-02	-1.203715987503528595e-02	-1.054934486746788025e-01
4.032182991504669189e-01	-2.930172085762023926e-01	-5.938010662794113159e-02	2.288091778755187988e-01	2.734462618827819824e-01	-8.007019013166427612e-02	-5.910717248916625977e-01	1.401794999837875366e-01	4.817783534526824951e-01	-1.156106814742088318e-01
-6.210701540112495422e-02	-5.853825807571411133e-01	-3.430214943364262581e-03	-3.089766800403594971e-01	2.926566898822784424e-01	1.755976378917694092e-01	-6.518800854682922363e-01	-1.793892122805118561e-02	-1.274274438619613647e-01	1.355729298666119576e-03
4.754132926464080811e-01	1.919347047805786133e-01	-2.257588356733322144e-01	-2.402134686708450317e-01	1.984889209270477295e-01	-4.236232638359069824e-01	-5.290784239768981934e-01	-3.287462517619132996e-02	-3.544318675994873047e-01	5.470354482531547546e-02
-1.485950648784637451e-01	1.744634658098220825e-01	-4.055816829204559326e-01	2.443429827690124512e-01	3.101675510406494141e-01	2.190459370613098145e-01	2.815401554107666016e-01	-3.296576738357543945e-01	4.155018031597137451e-01	-4.674572944641113281e-01
4.471021890640258789e-01	-1.290621459484100342e-01	-1.212625950574874878e-01	4.503148794174194336e-01	-1.778369396924972534e-01	-6.302592158317565918e-01	-6.467152386903762817e-03	-1.639783233404159546e-01	3.032478690147399902e-01	-1.349508166313171387e-01
-3.992728888988494873e-03	-5.557968616485595703e-01	-5.373033285140991211e-01	-4.531168043613433838e-01	7.535761594772338867e-02	-1.584525108337402344e-01	3.689654171466827393e-01	-8.094951510429382324e-02	1.522434204816818237e-01	2.029703930020332336e-02
-2.790638506412506104e-01	-6.232780218124389648e-01	-3.407732844352722168e-01	-5.009704232215881348e-01	-4.560447111725807190e-02	2.643928527832031250e-01	3.048610985279083252e-01	-2.265983633697032928e-02	-3.164138412103056908e-03	-3.321110457181930542e-02
-2.699981331825256348e-01	2.150965668261051178e-02	6.092090606689453125e-01	6.155113503336906433e-02	-9.211344644427299500e-03	-9.741847962141036987e-02	4.985465407371520996e-01	3.515053987503051758e-01	-1.104289665818214417e-02	-4.122039079666137695e-01
