4.396299719810485840e-01	-4.968746006488800049e-01	5.509432777762413025e-02	6.401407718658447266e-01	4.749352037906646729e-01	-3.965598940849304199e-01	-7.094859480857849121e-01	6.971447262912988663e-03	-7.448786403983831406e-03	-5.990288853645324707e-01
-2.414965629577636719e-02	5.588850975036621094e-01	-2.867896556854248047e-01	-4.482054710388183594e-01	9.744083881378173828e-01	-5.347726345062255859e-01	9.232771396636962891e-01	5.959949493408203125e-01	1.785757541656494141e-01	8.313488960266113281e-02
7.007699012756347656e-01	9.391312599182128906e-01	6.236541271209716797e-01	-3.299212455749511719e-02	2.522673606872558594e-01	6.708340644836425781e-01	2.745544910430908203e-01	1.810877323150634766e-01	3.338036537170410156e-01	-6.612324714660644531e-02
3.404678702354431152e-01	-4.805169403553009033e-01	-3.040645718574523926e-01	4.864254295825958252e-01	5.843226239085197449e-02	-6.109157204627990723e-01	-7.407585978507995605e-01	-1.711662113666534424e-01	-3.690893352031707764e-01	-2.695430219173431396e-01
3.600600957870483398e-01	-3.954081237316131592e-02	-1.089866518974304199e+00	-5.112398266792297363e-01	-3.103074729442596436e-01	4.899035990238189697e-01	2.336191833019256592e-01	-3.469425812363624573e-02	-1.022104382514953613e+00	-5.223500728607177734e-01
8.445261120796203613e-01	7.639401555061340332e-01	-8.817740678787231445e-01	-5.729148983955383301e-01	-1.050110384821891785e-01	-2.279386669397354126e-01	7.014879584312438965e-01	-1.403639167547225952e-01	1.653201431035995483e-01	-5.572562217712402344e-01
-6.731775403022766113e-01	4.207290709018707275e-01	-5.891700387001037598e-01	7.569881081581115723e-01	1.099892973899841309e+00	-1.969504505395889282e-01	-8.162589073181152344e-01	-8.327408432960510254e-01	-9.134122729301452637e-01	-3.747902214527130127e-01
-1.535424143075942993e-01	1.293351799249649048e-01	-1.092961788177490234e+00	-2.294615954160690308e-01	6.762977689504623413e-02	-3.825865387916564941e-01	-1.425114870071411133e+00	-1.485308051109313965e+00	-1.360964179039001465e+00	4.478636980056762695e-01
5.242660045623779297e-01	-6.251422166824340820e-01	1.673857569694519043e-01	9.224495291709899902e-01	-2.697317302227020264e-01	-5.386712551116943359e-01	-2.704973816871643066e-01	5.918777585029602051e-01	3.650617599487304688e-01	5.889831185340881348e-01
8.298970013856887817e-02	1.445025444030761719e+00	-4.445118904113769531e-01	-1.136952757835388184e+00	-4.580096006393432617e-01	1.063022136688232422e+00	3.781349956989288330e-01	-9.696979522705078125e-01	6.098727583885192871e-01	-1.251646518707275391e+00
3.875614106655120850e-01	1.164714336395263672e+00	-5.833094716072082520e-01	-6.862410157918930054e-02	6.204590797424316406e-01	4.842359721660614014e-01	5.209236145019531250e-01	-6.562673449516296387e-01	-7.655760645866394043e-01	-7.189482450485229492e-01
-5.610105991363525391e-01	3.865430951118469238e-01	4.970188438892364502e-01	-1.998966783285140991e-01	-8.731139898300170898e-01	-5.199393257498741150e-02	8.016712069511413574e-01	-4.713291823863983154e-01	-8.695071339607238770e-01	6.453158259391784668e-01
1.094200253486633301e+00	8.051251173019409180e-01	7.750779986381530762e-01	4.803256392478942871e-01	-5.126767754554748535e-01	1.521278619766235352e-01	5.912001729011535645e-01	1.504138708114624023e-01	-1.481543034315109253e-01	-1.093689560890197754e+00
-8.500471115112304688e-01	-7.110693454742431641e-01	2.138154506683349609e-01	-3.686250746250152588e-01	5.438188910484313965e-01	-6.707609295845031738e-01	7.447960227727890015e-02	5.257810354232788086e-01	4.432298839092254639e-01	5.092911124229431152e-01
8.340704441070556641e-02	-4.667737185955047607e-01	-8.572810888290405273e-01	5.116150379180908203e-01	-3.805865049362182617e-01	-1.022052764892578125e+00	9.027583152055740356e-02	-2.976238727569580078e-01	1.947318911552429199e-01	-9.015333056449890137e-01
-2.711182236671447754e-01	2.950647771358489990e-01	-1.114326789975166321e-01	3.075498938560485840e-01	-7.749139666557312012e-01	7.128713726997375488e-01	-7.615941762924194336e-01	-7.811118364334106445e-01	-8.206458091735839844e-01	-5.493308901786804199e-01
3.949694633483886719e-01	-4.207491874694824219e-01	-6.596260070800781250e-01	9.640634059906005859e-01	-9.843077659606933594e-01	-6.385762691497802734e-01	-5.592770576477050781e-01	-4.487576484680175781e-01	7.065246105194091797e-01	-3.200938701629638672e-01
4.989097714424133301e-01	-3.007238507270812988e-01	7.935539484024047852e-01	-3.520921468734741211e-01	-8.202005624771118164e-01	2.798204720020294189e-01	-4.738226234912872314e-01	-7.692905664443969727e-01	6.949836611747741699e-01	-4.014221206307411194e-02
-8.325974941253662109e-01	-8.804234862327575684e-01	-4.337806701660156250e-01	5.447433516383171082e-02	-5.132743120193481445e-01	2.267304211854934692e-01	4.157978594303131104e-01	-1.715590506792068481e-01	4.000371098518371582e-01	-4.629939422011375427e-02
-9.910807609558105469e-01	-2.258725166320800781e-01	8.555335998535156250e-01	6.179742813110351562e-01	3.116152286529541016e-01	-9.306046962738037109e-01	-8.021171092987060547e-01	-1.062483787536621094e-01	-5.334949493408203125e-02	-9.059495925903320312e-01
5.019407868385314941e-01	-7.017104029655456543e-01	-9.163615107536315918e-01	3.365854546427726746e-02	5.173984766006469727e-01	4.437357485294342041e-01	5.157523155212402344e-01	-3.666372597217559814e-01	4.063746631145477295e-01	3.006224632263183594e-01
2.952247671782970428e-02	9.058167338371276855e-01	-1.452628254890441895e+00	-2.090183794498443604e-01	9.684473276138305664e-01	-1.085201263427734375e+00	1.893516778945922852e-01	8.298241496086120605e-01	4.455032646656036377e-01	-1.591214537620544434e+00
2.295829057693481445e-01	1.874740049242973328e-02	4.329221323132514954e-02	5.421072244644165039e-01	2.697680592536926270e-01	-2.532972097396850586e-01	-3.873643577098846436e-01	-1.690565347671508789e-01	1.674561053514480591e-01	-2.772525548934936523e-01
6.770645827054977417e-02	-6.926712393760681152e-01	-6.513599157333374023e-01	4.822635948657989502e-01	5.028928443789482117e-02	7.760081887245178223e-01	3.049927949905395508e-01	2.149288728833198547e-02	5.142448544502258301e-01	-4.412482976913452148e-01
2.662640810012817383e-01	-1.408746093511581421e-01	1.591464970260858536e-04	9.145693778991699219e-01	1.503974199295043945e-01	-7.873774170875549316e-01	-4.400592669844627380e-02	-1.135389685630798340e+00	-8.569341301918029785e-01	1.158569678664207458e-01
-6.822685897350311279e-02	-1.350578218698501587e-01	-3.512717783451080322e-01	1.013533864170312881e-02	-1.482705324888229370e-01	-6.153528690338134766e-01	-3.806616365909576416e-01	-2.789392173290252686e-01	-8.009860664606094360e-02	-1.163582876324653625e-01
5.132897198200225830e-02	-3.610434830188751221e-01	-2.119079381227493286e-01	1.509639322757720947e-01	-2.331212610006332397e-01	-2.885065376758575439e-01	-3.819842934608459473e-01	-4.012070298194885254e-01	6.024456769227981567e-02	-5.644394755363464355e-01
-6.019483208656311035e-01	-5.645970106124877930e-01	1.042107462882995605e+00	9.736781716346740723e-01	7.022459506988525391e-01	-1.055797562003135681e-01	-3.534625768661499023e-01	1.093233346939086914e+00	-1.107264608144760132e-01	-3.157128691673278809e-01
-9.265526533126831055e-01	7.577140331268310547e-01	2.392931841313838959e-03	4.327978491783142090e-01	-1.997357606887817383e-01	1.000634789466857910e+00	6.357235312461853027e-01	-4.913908839225769043e-01	2.613514065742492676e-01	-5.890018343925476074e-01
2.570520341396331787e-02	-2.262637615203857422e-01	-2.066619545221328735e-01	3.976145088672637939e-01	-5.189121514558792114e-02	-4.186381697654724121e-01	-2.417120784521102905e-01	-2.256573289632797241e-01	1.777623966336250305e-02	-1.078297570347785950e-01
-5.037584304809570312e-01	-6.901028156280517578e-01	1.525866985321044922e-01	-4.308624267578125000e-01	-3.387117385864257812e-01	-5.846858024597167969e-02	-9.557220935821533203e-01	5.916643142700195312e-01	-5.079793930053710938e-01	-7.750797271728515625e-02
4.521275162696838379e-01	-1.033946633338928223e+00	6.091507673263549805e-01	7.645019292831420898e-01	-8.321870118379592896e-02	-7.661651968955993652e-01	-8.227081298828125000e-01	4.467753469944000244e-01	-4.847116768360137939e-01	-5.136227011680603027e-01
-1.232803687453269958e-01	7.154447436332702637e-01	-3.777263164520263672e-01	-2.446033358573913574e-01	8.842306733131408691e-01	4.324019551277160645e-01	-6.621406674385070801e-01	2.769825160503387451e-01	2.583219408988952637e-01	-9.531651735305786133e-01
7.405926585197448730e-01	9.560480713844299316e-01	-3.176335692405700684e-01	7.223864197731018066e-01	-1.149445399641990662e-01	-5.531972646713256836e-01	3.402702808380126953e-01	-2.922414541244506836e-01	7.307471036911010742e-01	-6.587439179420471191e-01
-3.769488334655761719e-01	5.428266525268554688e-02	9.299902915954589844e-01	-6.077313423156738281e-02	-3.969585895538330078e-01	1.427292823791503906e-01	5.194835662841796875e-01	-4.943647384643554688e-01	-8.572814464569091797e-01	1.051621437072753906e-01
3.723831176757812500e-01	-3.250510990619659424e-01	-3.013453781604766846e-01	3.320905938744544983e-02	-7.245104759931564331e-02	-2.209102213382720947e-01	-5.916495323181152344e-01	-1.002875715494155884e-01	1.625750809907913208e-01	-3.131287693977355957e-01
-8.855284750461578369e-02	2.784959971904754639e-02	4.240914881229400635e-01	6.806004643440246582e-01	2.735130488872528076e-01	-6.132977604866027832e-01	-1.185769364237785339e-01	-5.101683735847473145e-01	4.560844004154205322e-01	8.068971037864685059e-01
1.899622976779937744e-01	-8.643513321876525879e-01	-1.229250952601432800e-01	1.502401530742645264e-01	1.357739269733428955e-01	4.314280152320861816e-01	-3.448827266693115234e-01	-2.076743096113204956e-01	5.301025509834289551e-02	8.299812078475952148e-01
-1.568746864795684814e-01	-3.789794445037841797e-01	-6.499372720718383789e-01	1.540828198194503784e-01	-2.533205747604370117e-01	-3.157739043235778809e-01	-1.538419630378484726e-02	-1.651177108287811279e-01	-2.866210043430328369e-01	-1.104926839470863342e-01
1.926823258399963379e-01	-4.298121631145477295e-01	6.711559295654296875e-01	2.253218293190002441e-01	-4.799987673759460449e-01	-5.071965456008911133e-01	-9.422490596771240234e-01	-2.396630048751831055e-01	6.266175508499145508e-01	-5.596215128898620605e-01
-9.663271903991699219e-02	-2.735261917114257812e-01	-2.241010665893554688e-01	3.819086551666259766e-01	-6.954243183135986328e-01	4.418468475341796875e-01	3.773927688598632812e-02	2.522830963134765625e-01	-7.759776115417480469e-01	2.164819240570068359e-01
-2.496865391731262207e-01	-1.405633389949798584e-01	-4.052803814411163330e-01	1.176477968692779541e-01	6.025446206331253052e-02	-2.073853835463523865e-02	-8.757202029228210449e-01	1.395637262612581253e-02	-7.559660077095031738e-01	-2.736590504646301270e-01
3.809369504451751709e-01	-2.835892140865325928e-01	-7.542725801467895508e-01	-6.744819879531860352e-01	3.952846527099609375e-01	-1.027803182601928711e+00	3.671416342258453369e-01	-9.145357608795166016e-01	-5.431097745895385742e-01	5.631796717643737793e-01
5.652744323015213013e-02	-2.629626691341400146e-01	7.968785613775253296e-02	3.597659617662429810e-02	-6.610048934817314148e-03	-7.142993807792663574e-01	-4.045634567737579346e-01	-1.484238356351852417e-01	-7.637538015842437744e-02	-2.866500020027160645e-01
-1.109156012535095215e-01	-7.700803875923156738e-02	-1.015881523489952087e-01	5.676601082086563110e-02	4.604835510253906250e-01	-5.397193431854248047e-01	-5.884892344474792480e-01	-1.828702688217163086e-01	2.109428793191909790e-01	-1.045018509030342102e-01
-6.364040374755859375e-01	6.670783162117004395e-01	6.752244830131530762e-01	-5.087258219718933105e-01	-7.481346726417541504e-01	-1.096008896827697754e+00	-9.795978069305419922e-01	-8.004029989242553711e-01	-4.449815750122070312e-01	1.280459046363830566e+00
-1.879411190748214722e-01	-6.295690536499023438e-01	4.003579914569854736e-02	2.992269992828369141e-01	1.801011860370635986e-01	8.069502711296081543e-01	1.929375082254409790e-01	3.084245920181274414e-01	-8.895235657691955566e-01	1.070018768310546875e+00
5.365309119224548340e-01	-1.718977093696594238e-01	4.052489995956420898e-01	8.644437193870544434e-01	2.295162081718444824e-01	5.151726603507995605e-01	-5.659744143486022949e-01	9.397483468055725098e-01	-1.109494641423225403e-01	9.596660733222961426e-01
-7.226663827896118164e-02	-5.043581724166870117e-01	-3.406280577182769775e-01	1.175248399376869202e-01	2.739756703376770020e-01	5.972055718302726746e-02	-5.285963416099548340e-01	-3.223595917224884033e-01	3.552259504795074463e-02	-2.275594919919967651e-01
8.005023598670959473e-01	-6.110739111900329590e-01	-3.144582808017730713e-01	3.639168441295623779e-01	-1.372305452823638916e-01	-4.380611777305603027e-01	4.886202514171600342e-01	-7.120127677917480469e-01	-4.675055146217346191e-01	-8.876294493675231934e-01
-2.970803081989288330e-01	-4.772222936153411865e-01	4.087440073490142822e-01	-8.870636224746704102e-01	7.552617788314819336e-01	-5.824840664863586426e-01	-8.111788630485534668e-01	6.986076943576335907e-03	1.058432906866073608e-01	-2.316408902406692505e-01
-2.901685535907745361e-01	-9.958135485649108887e-01	5.728715658187866211e-01	9.285490512847900391e-01	-2.932647764682769775e-01	-4.870557785034179688e-01	-8.312201499938964844e-01	9.431580901145935059e-01	-5.058600306510925293e-01	-4.212137460708618164e-01
9.971388429403305054e-02	-6.284177899360656738e-01	2.720868289470672607e-01	-7.492335438728332520e-01	-6.526446938514709473e-01	-3.552900850772857666e-01	-1.953708082437515259e-01	-9.176015108823776245e-02	3.598257899284362793e-01	1.232840269804000854e-01
-5.856766104698181152e-01	-2.756493389606475830e-01	-7.856582999229431152e-01	4.262085258960723877e-01	-2.833040952682495117e-01	-9.885832667350769043e-01	-4.644443690776824951e-01	-1.083577275276184082e-01	-9.050746560096740723e-01	1.678825914859771729e-01
1.714399158954620361e-01	-1.688811331987380981e-01	-2.338468655943870544e-02	7.795739918947219849e-02	1.650642901659011841e-01	1.797240599989891052e-02	-3.344396054744720459e-01	-3.894008696079254150e-01	2.408994883298873901e-01	-2.645393311977386475e-01
-8.363702297210693359e-01	4.183979034423828125e-01	9.576969146728515625e-01	8.581206798553466797e-01	4.672484397888183594e-01	-3.929882049560546875e-01	6.779477596282958984e-01	8.947682380676269531e-01	-5.228772163391113281e-01	-1.446170806884765625e-01
4.507830142974853516e-01	-8.078496456146240234e-01	-1.458253860473632812e-01	4.739346504211425781e-01	-9.798412322998046875e-01	8.197584152221679688e-01	2.832317352294921875e-02	-6.981301307678222656e-01	9.539022445678710938e-01	2.100896835327148438e-02
-2.093821614980697632e-01	5.440985560417175293e-01	-6.290844082832336426e-02	3.292311728000640869e-01	4.789838194847106934e-01	1.702615171670913696e-01	-3.301007151603698730e-01	5.107047557830810547e-01	-9.836714863777160645e-01	2.881246246397495270e-02
9.306650608777999878e-02	-2.980062067508697510e-01	-7.581352591514587402e-01	1.131057217717170715e-01	7.514566648751497269e-03	9.834704920649528503e-03	9.597879052162170410e-01	5.314401984214782715e-01	-7.601419687271118164e-01	-1.072767898440361023e-01
2.436813265085220337e-01	9.405537247657775879e-01	8.682792782783508301e-01	-3.291782140731811523e-01	-4.264530837535858154e-01	-3.017868474125862122e-02	6.416292190551757812e-01	2.908786237239837646e-01	7.161406278610229492e-01	4.006646573543548584e-01
4.951541423797607422e-01	-6.886339187622070312e-01	-2.531051635742187500e-03	8.463900089263916016e-01	5.585031509399414062e-01	-5.593574047088623047e-01	-2.905454635620117188e-01	-6.178250312805175781e-01	-6.681621074676513672e-01	9.993486404418945312e-01
-2.353387475013732910e-01	3.718850389122962952e-02	-5.977521538734436035e-01	-3.614344894886016846e-01	-3.645449876785278320e-01	4.110161662101745605e-01	-4.254010319709777832e-02	6.614984273910522461e-01	-6.875050067901611328e-01	-8.768862485885620117e-01
-1.497267037630081177e-01	-2.614838182926177979e-01	-6.418513059616088867e-01	2.576491534709930420e-01	-1.004429832100868225e-01	-3.918396234512329102e-01	-4.115767478942871094e-01	6.509951502084732056e-02	-6.573490798473358154e-02	-4.631832540035247803e-01
-8.087959289550781250e-01	-6.768292784690856934e-01	4.904258251190185547e-01	-1.194526851177215576e-01	-4.130211472511291504e-01	-2.915803194046020508e-01	3.664004504680633545e-01	-8.327752351760864258e-01	7.459251880645751953e-01	-3.022186160087585449e-01
-7.961625605821609497e-02	2.775727808475494385e-01	-3.230143785476684570e-01	-3.201707899570465088e-01	1.516997218132019043e-01	3.422273099422454834e-01	5.092265009880065918e-01	-5.873572230339050293e-01	4.708054661750793457e-01	-5.260938405990600586e-01
-2.797450721263885498e-01	-3.538262844085693359e-01	1.284844055771827698e-02	1.124977171421051025e-01	-6.956488639116287231e-02	-6.555912494659423828e-01	-4.401445686817169189e-01	-3.967569172382354736e-01	-1.422585248947143555e-01	2.202339023351669312e-01
-6.142124533653259277e-01	3.696254789829254150e-01	1.766383498907089233e-01	-2.401524186134338379e-01	-2.454787343740463257e-01	3.804350495338439941e-01	-7.112855911254882812e-01	-7.388213276863098145e-01	7.250205874443054199e-01	-6.071220636367797852e-01
4.203699231147766113e-01	1.521281301975250244e-01	2.725100219249725342e-01	-3.623949885368347168e-01	-1.388740353286266327e-02	-7.254377603530883789e-01	4.868880510330200195e-01	-5.740031003952026367e-01	5.171212553977966309e-01	-1.415147930383682251e-01
7.925491333007812500e-01	-6.344625949859619141e-01	1.114170551300048828e-01	-8.441185951232910156e-01	4.248166084289550781e-01	-6.052637100219726562e-02	-8.087041378021240234e-01	4.731655120849609375e-02	-1.047434806823730469e-01	7.875380516052246094e-01
8.322627544403076172e-01	4.655593633651733398e-01	1.084269359707832336e-01	8.615303039550781250e-01	4.753322005271911621e-01	-5.801377892494201660e-01	1.884002685546875000e-01	-8.423740863800048828e-01	-3.226770833134651184e-02	-4.922930002212524414e-01
-1.063761115074157715e-01	4.204171895980834961e-01	-9.965986013412475586e-03	2.652564942836761475e-01	-4.461667239665985107e-01	5.213846564292907715e-01	-3.348370790481567383e-01	-1.017539739608764648e+00	-3.076110482215881348e-01	2.790220379829406738e-01
-9.544466435909271240e-02	5.320140123367309570e-01	5.865037441253662109e-01	6.071983575820922852e-01	-7.102847099304199219e-01	-1.049925565719604492e+00	-6.523295640945434570e-01	3.283230066299438477e-01	5.972877144813537598e-01	6.471483707427978516e-01
-1.229135990142822266e-01	-6.080123782157897949e-01	-9.526742100715637207e-01	1.343098163604736328e+00	-3.088424503803253174e-01	5.485848784446716309e-01	8.423864841461181641e-01	3.391640484333038330e-01	-4.287689626216888428e-01	-5.603876709938049316e-01
4.949002265930175781e-01	7.662606239318847656e-02	-1.952221393585205078e-01	-4.120740890502929688e-01	-8.596787452697753906e-01	4.946656227111816406e-01	3.414967060089111328e-01	5.240497589111328125e-01	7.124593257904052734e-01	-2.035934925079345703e-01
3.165980577468872070e-01	3.463719189167022705e-01	4.701495468616485596e-01	-7.730249762535095215e-01	3.503021895885467529e-01	-4.182387292385101318e-01	-6.068719625473022461e-01	-4.688886404037475586e-01	8.689255714416503906e-01	-4.745674133300781250e-01
-7.151062488555908203e-01	2.033214569091796875e-01	-7.131218910217285156e-02	-7.424554824829101562e-01	-8.574266433715820312e-01	-6.554386615753173828e-01	6.775941848754882812e-01	-1.744568347930908203e-01	8.116719722747802734e-01	-8.146469593048095703e-01
-5.145515799522399902e-01	1.342218220233917236e-01	-8.366195559501647949e-01	-3.758471608161926270e-01	-1.731714308261871338e-01	-4.222285747528076172e-01	2.935685515403747559e-01	-8.961425721645355225e-02	6.159407496452331543e-01	-3.541386872529983521e-02
-2.080067247152328491e-01	2.561888098716735840e-01	1.335914492607116699e+00	-1.056128859519958496e+00	-5.532590746879577637e-01	1.084137082099914551e+00	-7.434654831886291504e-01	-2.412480711936950684e-01	2.652075290679931641e-01	-6.235728785395622253e-02
3.195253610610961914e-01	6.113531067967414856e-02	-1.754190772771835327e-01	1.048185378313064575e-01	2.197621017694473267e-02	5.197904706001281738e-01	-2.109024524688720703e-01	-2.538950741291046143e-01	1.861443519592285156e-01	1.670353263616561890e-01
8.927057385444641113e-01	-7.903238534927368164e-01	6.846404671669006348e-01	3.308086395263671875e-01	-1.566143929958343506e-01	-1.012412905693054199e+00	-6.867533922195434570e-01	-1.649500727653503418e-01	1.443059593439102173e-01	-2.748495638370513916e-01
8.669751882553100586e-01	-7.168939709663391113e-01	-6.525523066520690918e-01	-1.689809113740921021e-01	-5.818958282470703125e-01	2.058783918619155884e-01	-9.032841324806213379e-01	1.481136679649353027e-02	-7.901787757873535156e-01	7.243803143501281738e-01
2.420598827302455902e-02	-2.129329591989517212e-01	-3.024803400039672852e-01	-2.045877277851104736e-02	-1.349565666168928146e-02	2.151111215353012085e-01	-4.935410618782043457e-01	-7.838482856750488281e-01	1.835441887378692627e-01	-1.561630368232727051e-01
-8.581796288490295410e-01	1.793408989906311035e-01	-4.183049798011779785e-01	-9.220417141914367676e-01	1.311890184879302979e-01	-6.726441979408264160e-01	-5.584139823913574219e-01	5.576528906822204590e-01	-8.053585290908813477e-01	1.001835703849792480e+00
-3.316583335399627686e-01	6.530778110027313232e-02	8.742634654045104980e-01	-6.058215498924255371e-01	4.822502434253692627e-01	-8.940308690071105957e-01	-1.416475057601928711e+00	-2.275639921426773071e-01	-2.018465101718902588e-01	3.378458619117736816e-01
1.235475316643714905e-01	1.253417134284973145e-01	6.577059030532836914e-01	-2.025856077671051025e-01	6.906960606575012207e-01	3.689103722572326660e-01	3.907142281532287598e-01	-7.952203601598739624e-02	-8.370268940925598145e-01	6.896798610687255859e-01
8.331401646137237549e-02	-6.595079302787780762e-01	2.310100793838500977e-01	2.457122206687927246e-01	-7.649014592170715332e-01	-9.169825911521911621e-01	-2.792378664016723633e-01	4.250907003879547119e-01	-6.994745135307312012e-01	1.476485561579465866e-02
-3.410595655441284180e-01	2.984365224838256836e-01	-6.906849145889282227e-01	7.290520071983337402e-01	-1.702882647514343262e-01	9.784725308418273926e-01	3.458000421524047852e-01	5.303792953491210938e-01	-4.387780129909515381e-01	-8.611558079719543457e-01
-1.341889739036560059e+00	-1.524709165096282959e-01	9.509351849555969238e-01	-4.146768152713775635e-01	2.241924703121185303e-01	-5.872566699981689453e-01	1.503765344619750977e+00	3.331296443939208984e-01	-1.112596392631530762e+00	-7.388450503349304199e-01
-2.858338356018066406e-01	8.521499633789062500e-01	-9.693150520324707031e-01	5.867719650268554688e-01	8.754765987396240234e-01	-4.660439491271972656e-02	-4.655854701995849609e-01	5.211777687072753906e-01	8.190813064575195312e-01	3.801074028015136719e-01
1.191766411066055298e-01	-7.536433935165405273e-01	5.699152350425720215e-01	4.446972608566284180e-01	-9.035728573799133301e-01	6.688109040260314941e-01	-3.162357583642005920e-02	8.558006286621093750e-01	-3.928093016147613525e-01	-7.702395915985107422e-01
-4.835073947906494141e-01	1.196002960205078125e-01	-6.582300662994384766e-01	8.857407569885253906e-01	4.852702617645263672e-01	-4.492161273956298828e-01	2.052390575408935547e-01	-5.583698749542236328e-01	-5.902161598205566406e-01	4.031288623809814453e-01
8.094529807567596436e-02	-4.767179787158966064e-01	-6.571705937385559082e-01	-5.868184845894575119e-03	-2.192218601703643799e-01	-1.072569787502288818e-01	-2.226777374744415283e-01	-3.060463368892669678e-01	-4.678888991475105286e-02	2.214430123567581177e-01
2.157464027404785156e-01	-7.727594375610351562e-01	-1.305046081542968750e-01	-3.320059776306152344e-01	9.988825321197509766e-01	-6.620998382568359375e-01	-5.115733146667480469e-01	-6.574120521545410156e-01	1.927835941314697266e-01	-9.288516044616699219e-01
1.206235885620117188e-01	5.289204120635986328e-01	-8.685350418090820312e-01	4.744663238525390625e-01	8.440988063812255859e-01	-9.929370880126953125e-02	2.598929405212402344e-01	-7.959463596343994141e-01	-6.145150661468505859e-01	9.083511829376220703e-01
-3.550311326980590820e-01	2.032390683889389038e-01	-7.422240376472473145e-01	-5.430662035942077637e-01	-9.707535058259963989e-02	4.989875108003616333e-02	4.140799939632415771e-01	-2.863267958164215088e-01	5.361784696578979492e-01	5.307110548019409180e-01
2.866919338703155518e-01	-5.218849703669548035e-02	8.107171654701232910e-01	-3.516218662261962891e-01	-8.640103340148925781e-01	1.738326311111450195e+00	1.789968758821487427e-01	-1.996643841266632080e-01	9.151430130004882812e-01	8.257811069488525391e-01
4.171612262725830078e-01	-3.680609166622161865e-01	-8.540528267621994019e-02	3.199951648712158203e-01	4.724530503153800964e-03	-8.238524943590164185e-02	-6.574612259864807129e-01	2.254223078489303589e-01	5.746443271636962891e-01	-1.048369482159614563e-01
-1.015984714031219482e-01	7.200888991355895996e-01	6.490280628204345703e-01	-6.083573102951049805e-01	-7.880746126174926758e-01	-1.075098142027854919e-01	-7.758921384811401367e-01	-8.198946118354797363e-01	-3.031042516231536865e-01	3.540163487195968628e-02
-6.372368931770324707e-01	1.649134904146194458e-01	8.328208923339843750e-01	-9.135015606880187988e-01	6.997851729393005371e-01	4.720753133296966553e-01	5.854697823524475098e-01	-7.745124101638793945e-01	-7.718190550804138184e-01	-4.559131562709808350e-01
1.273371279239654541e-01	-1.250598281621932983e-01	-1.093184798955917358e-01	-7.977370172739028931e-02	1.312329620122909546e-01	-2.962869405746459961e-01	-4.134996235370635986e-01	-5.183266997337341309e-01	-1.071209013462066650e-01	-1.574287712574005127e-01
1.956971883773803711e-01	8.352416753768920898e-01	-6.767944693565368652e-01	-8.129428029060363770e-01	-1.381020992994308472e-02	-9.633862972259521484e-01	9.284950494766235352e-01	-5.592654943466186523e-01	-8.503640890121459961e-01	7.254564762115478516e-01
-4.736909568309783936e-01	5.973914861679077148e-01	-7.404727339744567871e-01	3.036036789417266846e-01	-7.994471788406372070e-01	2.346921116113662720e-01	4.945113062858581543e-01	-4.843790084123611450e-02	-3.047243356704711914e-01	-9.317740797996520996e-01
-2.461326271295547485e-01	-1.367810666561126709e-01	-5.234187245368957520e-01	1.769901067018508911e-01	-3.397020697593688965e-02	-4.991534352302551270e-01	-1.128160059452056885e-01	-3.470982313156127930e-01	-1.664783656597137451e-01	2.280971705913543701e-01
-4.998844265937805176e-01	-1.116616427898406982e-01	1.515773683786392212e-01	-1.985092414543032646e-03	5.936948060989379883e-01	-8.771052211523056030e-02	-2.338077574968338013e-01	-1.304536312818527222e-01	-7.597404718399047852e-01	1.706342399120330811e-01
1.131988644599914551e+00	3.430586457252502441e-01	-8.113067746162414551e-01	-1.425735235214233398e+00	-1.540650725364685059e-01	-1.338983774185180664e+00	-8.796555995941162109e-01	2.516598999500274658e-01	-4.135795235633850098e-01	-1.067883372306823730e+00
-6.098058223724365234e-01	-1.791722625494003296e-01	-2.096985727548599243e-01	-2.836212217807769775e-01	1.102783009409904480e-01	-7.346202731132507324e-01	7.861497402191162109e-01	-7.972747087478637695e-03	-4.358857274055480957e-01	-5.029277801513671875e-01
-5.509791374206542969e-01	1.452086120843887329e-01	-1.663983613252639771e-01	1.260243654251098633e-01	-4.303728640079498291e-01	-1.247281581163406372e-01	-5.364361405372619629e-01	1.644422531127929688e+00	-9.757008552551269531e-01	-4.183604195713996887e-02
7.566254138946533203e-01	-1.664521932601928711e+00	3.568216860294342041e-01	7.581135034561157227e-01	1.254307571798563004e-02	-2.188289910554885864e-01	-1.052581548690795898e+00	8.659285902976989746e-01	1.342431306838989258e-01	5.368900299072265625e-01
-7.522665858268737793e-01	-2.689614295959472656e-01	-7.351674437522888184e-01	3.602416217327117920e-01	-5.070263147354125977e-01	-2.144550234079360962e-01	-8.230959177017211914e-01	-4.351513683795928955e-01	-2.784700989723205566e-01	3.176718950271606445e-01
-1.270073801279067993e-01	-2.769155502319335938e-01	-3.328174948692321777e-01	8.375048637390136719e-02	1.166457310318946838e-01	-2.190653383731842041e-01	-3.204654753208160400e-01	-5.075649619102478027e-01	-1.437267661094665527e-01	-2.279073446989059448e-01
4.371871799230575562e-02	2.122409455478191376e-02	1.314550638198852539e-01	-1.772741787135601044e-02	3.167160227894783020e-02	-3.445715308189392090e-01	1.242248341441154480e-03	-5.462799072265625000e-01	-2.292066253721714020e-02	-4.241916239261627197e-01
4.559631347656250000e-01	-8.671905994415283203e-01	3.154969215393066406e-01	6.464872360229492188e-01	6.839368343353271484e-01	-5.592410564422607422e-01	4.146347045898437500e-01	-6.271717548370361328e-01	-8.239820003509521484e-01	-8.707468509674072266e-01
-5.876563787460327148e-01	-4.634503126144409180e-01	1.049245357513427734e+00	1.527253836393356323e-01	-2.565198540687561035e-01	8.361302018165588379e-01	1.007715344429016113e+00	-2.777765393257141113e-01	1.576028823852539062e+00	-8.675839900970458984e-01
-2.944881655275821686e-02	5.986126661300659180e-01	-7.741209119558334351e-02	2.419332116842269897e-01	-6.117185354232788086e-01	6.217905282974243164e-01	-6.453002691268920898e-01	-4.420588016510009766e-01	6.122445464134216309e-01	9.923526048660278320e-01
-3.088124692440032959e-01	-7.506132125854492188e-02	1.015040516853332520e+00	-1.569791734218597412e-01	-6.236165761947631836e-02	-1.451334357261657715e-02	-2.662071287631988525e-01	-7.065973430871963501e-02	4.450368285179138184e-01	-4.883313775062561035e-01
4.259666800498962402e-01	-2.931757271289825439e-01	-8.100317716598510742e-01	-8.463284373283386230e-02	-2.225859314203262329e-01	-1.948776543140411377e-01	9.991565346717834473e-02	-3.684263229370117188e-01	-1.803007535636425018e-02	3.492974340915679932e-01
1.841944754123687744e-01	-3.400739431381225586e-01	-3.612408041954040527e-01	1.128547936677932739e-01	9.490063786506652832e-02	-3.135943710803985596e-01	-1.262501776218414307e-01	-2.706074714660644531e-01	-2.492868341505527496e-02	-7.766290009021759033e-02
3.831937313079833984e-01	-6.295546293258666992e-01	3.292467892169952393e-01	-2.366657406091690063e-01	1.434806883335113525e-01	5.228924378752708435e-02	-5.032275319099426270e-01	-5.579044818878173828e-01	3.307013809680938721e-01	-4.254836440086364746e-01
1.009354352951049805e+00	-3.691367805004119873e-01	3.179506063461303711e-01	-6.239468455314636230e-01	2.190136313438415527e-01	-1.875212639570236206e-01	7.216812372207641602e-01	-3.157216310501098633e-01	1.960970014333724976e-01	-5.800478458404541016e-01
3.139009475708007812e-01	-1.003031730651855469e-01	-4.295091927051544189e-01	4.780610650777816772e-02	7.922601886093616486e-03	2.628336250782012939e-01	-6.873937249183654785e-01	-4.902733862400054932e-01	3.083820343017578125e-01	-2.110681831836700439e-01
1.245460957288742065e-01	9.875997304916381836e-01	9.812187552452087402e-01	9.243136644363403320e-01	-9.651975631713867188e-01	4.066830277442932129e-01	-1.378809809684753418e-01	-4.775975048542022705e-01	2.489624619483947754e-01	-1.630685776472091675e-01
5.252330899238586426e-01	-8.496698737144470215e-01	-1.130514502525329590e+00	-6.513386964797973633e-02	-6.169241666793823242e-01	-4.954992532730102539e-01	-5.721426606178283691e-01	-2.285430580377578735e-01	2.226453125476837158e-01	9.113305211067199707e-01
4.595350027084350586e-01	2.231311798095703125e-01	2.234437912702560425e-01	-4.039891362190246582e-01	-3.639100193977355957e-01	2.038891240954399109e-02	2.011784613132476807e-01	-6.415618658065795898e-01	-1.471309065818786621e-01	3.869778513908386230e-01
1.288370788097381592e-01	-1.792456507682800293e-01	-7.009962201118469238e-01	1.086199581623077393e-01	-3.127780854701995850e-01	-4.065219163894653320e-01	-3.105589002370834351e-02	-1.885605156421661377e-01	-3.033452630043029785e-01	3.975811898708343506e-01
-5.136312246322631836e-01	-1.855445206165313721e-01	5.523697286844253540e-02	-6.604757905006408691e-01	2.565642893314361572e-01	-7.770023941993713379e-01	-2.835954427719116211e-01	7.133104652166366577e-02	-3.144657313823699951e-01	8.176799416542053223e-01
9.027107357978820801e-01	-1.172742545604705811e-01	-2.126867175102233887e-01	3.084152340888977051e-01	5.954087972640991211e-01	6.014842987060546875e-01	-5.032715201377868652e-01	-4.588697552680969238e-01	-7.131137251853942871e-01	1.387924790382385254e+00
1.459300369024276733e-01	1.249894261360168457e+00	-7.648054510354995728e-02	1.629487514495849609e+00	-1.146074533462524414e+00	-2.852146625518798828e-01	-1.222921013832092285e+00	1.400969624519348145e-01	6.873821020126342773e-01	-1.232632994651794434e-01
1.063838824629783630e-01	3.533011674880981445e-01	-5.295667648315429688e-01	7.567108273506164551e-01	-5.194282531738281250e-01	-6.788063049316406250e-01	-3.076848685741424561e-01	-8.226726204156875610e-02	9.749641269445419312e-02	6.057390943169593811e-02
2.865577042102813721e-01	-3.355402052402496338e-01	1.180508583784103394e-01	7.250260114669799805e-01	1.928979456424713135e-01	3.738266825675964355e-01	-2.220449149608612061e-01	-7.016367912292480469e-01	9.124595522880554199e-01	3.008142709732055664e-01
7.017126083374023438e-01	3.841836452484130859e-01	3.068115711212158203e-01	7.794625759124755859e-01	7.451250553131103516e-01	6.960952281951904297e-01	-9.047415256500244141e-01	-8.590495586395263672e-01	-2.432537078857421875e-01	1.088085174560546875e-01
-9.841046482324600220e-02	-2.910949885845184326e-01	-1.129843369126319885e-01	-5.743204429745674133e-02	2.634650096297264099e-02	1.061422377824783325e-01	-4.078407287597656250e-01	-4.453612267971038818e-01	3.028450608253479004e-01	-2.717398107051849365e-01
9.447717666625976562e-01	1.778508350253105164e-02	-3.378836512565612793e-01	5.139990448951721191e-01	7.995800971984863281e-01	5.240973830223083496e-01	-4.124944806098937988e-01	-1.107414841651916504e+00	-7.156559824943542480e-02	5.572760105133056641e-01
1.408190280199050903e-01	-1.596325933933258057e-01	-5.013671517372131348e-01	3.477726876735687256e-01	-9.503972530364990234e-02	-4.141604602336883545e-01	2.587622702121734619e-01	4.033027887344360352e-01	1.269631534814834595e-01	-7.799278199672698975e-02
2.067177593708038330e-01	-2.546421587467193604e-01	-5.295717716217041016e-01	-7.371683716773986816e-01	2.208481431007385254e-01	-4.001897573471069336e-01	-3.514654338359832764e-01	-5.130717158317565918e-01	-3.507895171642303467e-01	5.360537767410278320e-01
6.651592850685119629e-01	3.894027471542358398e-01	-1.271986514329910278e-01	-7.350262999534606934e-01	-1.189735755324363708e-01	-8.659500479698181152e-01	-1.635024994611740112e-01	-2.759543657302856445e-01	4.287908375263214111e-01	3.677473962306976318e-01
7.329814434051513672e-01	9.003572463989257812e-01	8.651387691497802734e-01	3.249588012695312500e-01	6.564416885375976562e-01	-3.795454502105712891e-01	-6.992559432983398438e-01	2.361214160919189453e-01	9.424088001251220703e-01	-1.016123294830322266e-01
-1.619270145893096924e-01	-7.429351806640625000e-01	1.576899647712707520e+00	9.535091519355773926e-01	5.618287324905395508e-01	-9.856249094009399414e-01	8.489703536033630371e-01	-2.693293094635009766e-01	-5.876386761665344238e-01	-9.825060367584228516e-01
-4.408623874187469482e-01	-3.083043098449707031e-01	9.551796913146972656e-01	3.835943043231964111e-01	8.571131229400634766e-01	-9.173786640167236328e-01	-3.935693800449371338e-01	-9.371839761734008789e-01	-7.858708500862121582e-01	-9.139648079872131348e-01
-1.900410838425159454e-02	-3.350179493427276611e-01	-3.339543640613555908e-01	1.372654736042022705e-01	2.134999185800552368e-01	-1.605850607156753540e-01	-3.430993854999542236e-01	-2.967074513435363770e-01	2.125542461872100830e-01	-3.131700754165649414e-01
-2.072551995515823364e-01	7.451306283473968506e-02	-4.224451780319213867e-01	1.412651687860488892e-01	2.930419892072677612e-02	-2.302141636610031128e-01	1.636411845684051514e-01	-5.039350315928459167e-02	1.185258254408836365e-01	1.751428991556167603e-01
-6.265268325805664062e-01	-8.399460315704345703e-01	-6.411285400390625000e-01	-9.526863098144531250e-01	-4.840970039367675781e-02	-4.527411460876464844e-01	1.254823207855224609e-01	2.867958545684814453e-01	-9.875366687774658203e-01	-2.264654636383056641e-01
5.951501429080963135e-02	-4.221638441085815430e-01	-6.543080806732177734e-01	4.772333800792694092e-02	1.115688979625701904e-01	2.801767177879810333e-02	-4.458416104316711426e-01	-4.306829273700714111e-01	-2.017172574996948242e-01	-2.892097691074013710e-03
1.385690450668334961e+00	3.978179097175598145e-01	-8.972358107566833496e-01	-5.462088584899902344e-01	8.699815869331359863e-01	1.214663162827491760e-01	3.010116517543792725e-01	8.361579775810241699e-01	-8.760755062103271484e-01	1.273298501968383789e+00
1.073092699050903320e+00	-4.556304514408111572e-01	-1.170207619667053223e+00	2.203088104724884033e-01	8.459561318159103394e-02	9.569216966629028320e-01	-3.111668527126312256e-01	-3.989952206611633301e-01	3.422119617462158203e-01	-1.965621560811996460e-01
-2.817408740520477295e-01	2.674665153026580811e-01	1.584181487560272217e-01	-3.149000406265258789e-01	3.617598116397857666e-01	-1.062373444437980652e-02	2.105312049388885498e-01	2.673501670360565186e-01	-2.229029238224029541e-01	-2.086585760116577148e-01
3.245166838169097900e-01	-1.895765811204910278e-01	-1.527120172977447510e-01	-6.532779335975646973e-02	-1.852213591337203979e-01	-1.368025392293930054e-01	-3.519591689109802246e-01	-9.040826559066772461e-01	4.532637596130371094e-01	-1.794774681329727173e-01
-9.229917526245117188e-01	6.219880580902099609e-01	-7.664675712585449219e-01	-1.275653839111328125e-01	-6.606383323669433594e-01	-8.744392395019531250e-01	7.080731391906738281e-01	-9.028418064117431641e-01	-8.085339069366455078e-01	7.913205623626708984e-01
1.395293951034545898e+00	-1.140327453613281250e+00	3.165930807590484619e-01	2.380809783935546875e-01	-1.178464531898498535e+00	2.649434208869934082e-01	7.701628804206848145e-01	-7.827854156494140625e-01	8.882165551185607910e-01	-5.188040733337402344e-01
-2.334179729223251343e-02	-2.218668311834335327e-01	-6.404304504394531250e-01	2.491636276245117188e-01	-2.225712686777114868e-01	-5.135048627853393555e-01	9.402979910373687744e-02	-3.301395475864410400e-01	2.622555494308471680e-01	-7.406834512948989868e-02
2.122984230518341064e-01	-3.405994474887847900e-01	-2.835379242897033691e-01	-6.545919775962829590e-01	-7.010779380798339844e-01	-3.322893679141998291e-01	1.091976761817932129e+00	-1.254155933856964111e-01	4.364467859268188477e-01	1.198890656232833862e-01
3.438721001148223877e-01	-2.691250410862267017e-04	-8.842640519142150879e-01	-2.759539484977722168e-01	8.224613219499588013e-02	2.627151906490325928e-01	-2.363159693777561188e-02	-8.004249930381774902e-01	1.793286949396133423e-01	-1.767465770244598389e-01
-6.899238824844360352e-01	-4.679791927337646484e-01	-4.472470581531524658e-01	-7.397795319557189941e-01	-8.077932000160217285e-01	1.236950233578681946e-01	9.843491315841674805e-01	7.801873683929443359e-01	-3.726692870259284973e-02	-3.889157474040985107e-01
-9.876536726951599121e-01	2.761768102645874023e-01	7.130435705184936523e-01	6.009411811828613281e-01	3.651716411113739014e-01	2.195493578910827637e-01	4.947318732738494873e-01	-1.482949018478393555e+00	7.227620482444763184e-01	-5.165362358093261719e-01
-8.366804122924804688e-01	-6.271576881408691406e-02	-4.829573631286621094e-02	8.911564350128173828e-01	-9.869349002838134766e-01	-9.782934188842773438e-01	-7.716467380523681641e-01	-9.960131645202636719e-01	4.667756557464599609e-01	-6.242928504943847656e-01
4.209224283695220947e-01	7.893719077110290527e-01	9.988386631011962891e-01	-4.259629845619201660e-01	-1.303977072238922119e-01	-1.098865866661071777e-01	-1.576972156763076782e-01	9.605301618576049805e-01	3.988386392593383789e-01	-1.696382462978363037e-01
1.856365501880645752e-01	-7.844044566154479980e-01	-7.872528433799743652e-01	-9.096484780311584473e-01	-8.589489459991455078e-01	4.275727570056915283e-01	9.270064830780029297e-01	-7.720636725425720215e-01	-6.118279099464416504e-01	8.678057193756103516e-01
-2.777618169784545898e-01	-1.387080401182174683e-01	-6.380999088287353516e-01	3.495297133922576904e-01	2.046909742057323456e-02	-8.428878784179687500e-01	1.353062093257904053e-01	-3.827610611915588379e-01	-2.531198859214782715e-01	2.182673364877700806e-01
2.831473350524902344e-01	-7.300972938537597656e-02	-6.682531833648681641e-01	-4.069962501525878906e-01	-5.353252887725830078e-01	6.364345550537109375e-03	-3.336529731750488281e-01	4.340481758117675781e-01	3.174223899841308594e-01	-4.961552619934082031e-01
4.796287417411804199e-02	1.983666419982910156e-01	4.181387424468994141e-01	-7.874279618263244629e-01	3.404770493507385254e-01	1.639908403158187866e-01	9.260367155075073242e-01	3.179725110530853271e-01	-6.475750803947448730e-01	8.979926705360412598e-01
-2.005343914031982422e+00	1.322219610214233398e+00	-3.878217935562133789e-01	-4.608260095119476318e-02	8.482099771499633789e-01	4.250208437442779541e-01	-1.857203990221023560e-01	-3.031182885169982910e-01	-4.958346951752901077e-03	1.266702711582183838e-01
1.109976053237915039e+00	6.426470279693603516e-01	5.956918001174926758e-01	-1.392628699541091919e-01	7.158584594726562500e-01	2.904514037072658539e-02	6.358726024627685547e-01	7.064030170440673828e-01	-8.807983398437500000e-01	-5.141157284379005432e-02
-6.380286216735839844e-01	-1.740169823169708252e-01	-5.903841853141784668e-01	2.718162238597869873e-01	-2.408193349838256836e-01	-1.902585476636886597e-01	2.530313730239868164e-01	-7.673336267471313477e-01	-5.624409317970275879e-01	5.121427178382873535e-01
5.271645784378051758e-01	-1.604792848229408264e-02	1.685745716094970703e-01	-3.309269249439239502e-01	1.874010264873504639e-01	-9.497182071208953857e-02	2.434931546449661255e-01	-3.553480207920074463e-01	-2.960332334041595459e-01	9.138394594192504883e-01
1.102110892534255981e-01	-1.743492782115936279e-01	-2.937025725841522217e-01	1.447342187166213989e-01	8.344985544681549072e-02	1.445741355419158936e-01	-5.476719141006469727e-01	-4.058243036270141602e-01	2.592857182025909424e-01	2.323200404644012451e-01
9.365997314453125000e-01	1.371266961097717285e+00	-3.399190604686737061e-01	3.907405436038970947e-01	-6.392343640327453613e-01	8.456829786300659180e-01	-2.131372690200805664e-01	6.048104912042617798e-02	-4.157445728778839111e-01	-3.909747898578643799e-01
3.438611626625061035e-01	5.228354334831237793e-01	1.608544439077377319e-01	-1.932347267866134644e-01	3.009929060935974121e-01	1.861055642366409302e-01	-1.583623737096786499e-01	-7.267547249794006348e-01	6.545312404632568359e-01	3.531993627548217773e-01
1.455190330743789673e-01	-1.148283630609512329e-01	-1.642361730337142944e-01	-6.069275550544261932e-03	1.050336658954620361e-01	-1.700142323970794678e-01	-2.440402358770370483e-01	-6.548047661781311035e-01	4.339055418968200684e-01	-1.717555075883865356e-01
-7.484743595123291016e-01	2.498998641967773438e-01	-4.823923110961914062e-02	3.429303169250488281e-01	-6.873612403869628906e-01	8.428845405578613281e-01	8.004682064056396484e-01	-6.170499324798583984e-01	6.852459907531738281e-01	3.197503089904785156e-01
-5.444810912013053894e-02	-1.094243526458740234e-01	-3.787489533424377441e-01	7.715392857789993286e-02	2.525920271873474121e-01	-1.283979415893554688e-01	-4.585286676883697510e-01	-5.874052047729492188e-01	4.129311740398406982e-01	-7.435357570648193359e-02
1.711572110652923584e-01	4.620401263236999512e-01	-1.245624646544456482e-01	7.754771709442138672e-01	4.488928020000457764e-01	-5.771303083747625351e-03	-1.408389061689376831e-01	-3.948425352573394775e-01	-2.153584808111190796e-01	-2.362335771322250366e-01
-2.568135559558868408e-01	5.116611123085021973e-01	3.899371922016143799e-01	5.498223900794982910e-01	-5.853177309036254883e-01	6.070718765258789062e-01	5.664356350898742676e-01	3.691641092300415039e-01	4.725012183189392090e-02	-8.805774152278900146e-02
-3.122734427452087402e-01	3.122283518314361572e-02	-7.774367332458496094e-01	-2.237661331892013550e-01	-2.713584601879119873e-01	-3.534539639949798584e-01	-3.656274378299713135e-01	-4.406144917011260986e-01	-3.365571796894073486e-01	-1.800468713045120239e-01
1.799642667174339294e-02	-6.329348683357238770e-02	-5.094332098960876465e-01	-6.324366480112075806e-02	1.236008256673812866e-01	-1.584196984767913818e-01	-3.411676883697509766e-01	-6.115822196006774902e-01	1.459560841321945190e-01	-1.451270282268524170e-01
2.440201640129089355e-01	-3.703827410936355591e-02	1.502569466829299927e-01	8.943958282470703125e-01	2.662047445774078369e-01	1.038352251052856445e+00	-7.036331892013549805e-01	-3.169283270835876465e-01	9.382876008749008179e-02	-2.966803908348083496e-01
1.294469118118286133e+00	-1.988144777715206146e-02	2.173374146223068237e-01	3.300201892852783203e-01	9.283312559127807617e-01	7.578384876251220703e-01	6.080599427223205566e-01	-7.736341953277587891e-01	3.566652834415435791e-01	8.550417423248291016e-01
-1.444347761571407318e-02	-1.856522709131240845e-01	-3.322706222534179688e-01	3.238556683063507080e-01	9.096675366163253784e-02	1.651873439550399780e-01	-4.936676025390625000e-01	-6.400387883186340332e-01	4.961282908916473389e-01	-3.258994817733764648e-01
-7.431128025054931641e-01	-1.540387719869613647e-01	3.955665826797485352e-01	3.839367926120758057e-01	-5.496419668197631836e-01	-4.706833064556121826e-01	-7.796393036842346191e-01	3.542596697807312012e-01	-1.255256384611129761e-01	7.502849102020263672e-01
3.913125097751617432e-01	-7.375125885009765625e-01	8.051312565803527832e-01	1.408529877662658691e-01	-2.763132452964782715e-01	2.948487550020217896e-02	8.583398461341857910e-01	8.244261145591735840e-01	5.931841135025024414e-01	-8.617392778396606445e-01
-8.897651433944702148e-01	-2.676837444305419922e-01	7.404291629791259766e-01	-1.633291691541671753e-01	-9.481666684150695801e-01	-4.431036114692687988e-01	-8.286709785461425781e-01	8.101711273193359375e-01	2.831738293170928955e-01	-9.779469370841979980e-01
-5.319042801856994629e-01	1.409913420677185059e+00	-2.126608937978744507e-01	-1.913370639085769653e-01	1.494464874267578125e+00	-2.401284724473953247e-01	-3.970589041709899902e-01	-3.019427061080932617e-01	3.122851550579071045e-01	3.372673317790031433e-02
5.658566951751708984e-01	1.259941935539245605e+00	-4.204980731010437012e-01	2.236421257257461548e-01	1.187075138092041016e+00	-4.245920777320861816e-01	3.706425428390502930e-01	1.567071527242660522e-01	-3.192273527383804321e-02	1.224743843078613281e+00
-1.736535578966140747e-01	-4.657471552491188049e-02	-8.294362425804138184e-01	2.984153032302856445e-01	-1.144620925188064575e-01	-2.369790375232696533e-01	9.918903559446334839e-02	-4.724172949790954590e-01	-1.905421465635299683e-01	-3.077652864158153534e-02
4.382392466068267822e-01	-7.187932133674621582e-01	-9.223170876502990723e-01	1.515485346317291260e-01	1.341521888971328735e-01	3.441659808158874512e-01	-6.631316542625427246e-01	-6.064049005508422852e-01	5.741186141967773438e-01	-2.213613688945770264e-01
1.253871172666549683e-01	-2.094883024692535400e-01	-7.702540755271911621e-01	-7.869088649749755859e-02	-4.721231162548065186e-01	-2.564683854579925537e-01	-1.194194052368402481e-02	-7.605649828910827637e-01	3.025855720043182373e-01	-5.276455879211425781e-01
-1.703110218048095703e+00	-1.564281582832336426e-01	-1.794016808271408081e-01	-7.003009319305419922e-01	-7.554070949554443359e-01	6.050232648849487305e-01	1.909608244895935059e-01	-7.025527358055114746e-01	3.356798887252807617e-01	3.191072344779968262e-01
-9.263157844543457031e-02	-1.279682517051696777e-01	4.659676551818847656e-01	-2.351834177970886230e-01	-5.096498131752014160e-01	-3.598629310727119446e-02	3.286537528038024902e-01	-9.561811089515686035e-01	7.329593300819396973e-01	-6.214433163404464722e-02
7.574138641357421875e-01	1.718383282423019409e-01	4.805584251880645752e-01	7.299640178680419922e-01	8.130216002464294434e-01	6.520599126815795898e-01	-9.426138997077941895e-01	-7.597007155418395996e-01	-1.004081442952156067e-01	3.111877143383026123e-01
-2.213362753391265869e-01	-4.493148624897003174e-01	-4.018856287002563477e-01	-4.612535238265991211e-02	-3.980624079704284668e-01	-5.091917514801025391e-01	2.969821393489837646e-01	-9.565992951393127441e-01	2.721940577030181885e-01	-1.648803949356079102e-01
-7.610179781913757324e-01	-7.166789174079895020e-01	-7.555715739727020264e-02	-3.332783281803131104e-01	-9.884651899337768555e-01	-2.890626490116119385e-01	-3.263948261737823486e-01	1.012536168098449707e+00	-5.268957614898681641e-01	4.953140765428543091e-02
-2.346422076225280762e-01	-2.226335704326629639e-01	-6.452401876449584961e-01	3.941069543361663818e-01	-4.348643422126770020e-01	-4.238380789756774902e-01	-6.468155980110168457e-02	1.815057843923568726e-01	1.006615832448005676e-01	1.676524057984352112e-02
5.476264283061027527e-02	-1.046392470598220825e-01	-6.722782254219055176e-01	-1.016028076410293579e-01	-9.382051974534988403e-02	-1.390462964773178101e-01	-3.803338110446929932e-01	-2.709377706050872803e-01	6.207359433174133301e-01	-3.065851926803588867e-01
9.893290996551513672e-01	-9.061040878295898438e-01	1.018376350402832031e-01	8.394589424133300781e-01	-4.073166847229003906e-01	4.153325557708740234e-01	6.110296249389648438e-01	5.480065345764160156e-01	-7.919521331787109375e-01	1.437067985534667969e-01
-3.647727891802787781e-02	-1.969814300537109375e-01	-3.037567436695098877e-01	3.001740872859954834e-01	2.297260612249374390e-01	3.775847256183624268e-01	-6.683100461959838867e-01	-4.267500042915344238e-01	-1.862459927797317505e-01	-6.664941906929016113e-01
1.570663005113601685e-01	-3.711049631237983704e-02	-7.410908937454223633e-01	2.543632388114929199e-01	6.604185700416564941e-01	-5.896549224853515625e-01	5.315245315432548523e-02	1.228474546223878860e-02	9.787729978561401367e-01	5.817852914333343506e-02
-5.565801262855529785e-01	-3.151439502835273743e-02	-5.611332654953002930e-01	6.112490892410278320e-01	1.346424338407814503e-03	-6.922540068626403809e-01	-5.528724566102027893e-02	2.423843182623386383e-02	1.759965121746063232e-01	1.604050397872924805e-01
3.800709173083305359e-02	6.429861783981323242e-01	9.290921092033386230e-01	4.420346319675445557e-01	-3.967448174953460693e-01	9.178144335746765137e-01	4.292999505996704102e-01	-5.471574068069458008e-01	2.035364508628845215e-01	-8.283926248550415039e-01
4.351143836975097656e-01	-5.118846893310546875e-01	7.111959457397460938e-01	-2.953674793243408203e-01	-3.289141654968261719e-01	6.433763504028320312e-01	5.491237640380859375e-01	-4.527733325958251953e-01	5.611426830291748047e-01	-3.524971008300781250e-02
6.835988163948059082e-01	2.295441478490829468e-01	1.127213314175605774e-01	8.077695369720458984e-01	6.995428204536437988e-01	-6.720508337020874023e-01	5.729566216468811035e-01	-5.596690177917480469e-01	8.843922019004821777e-01	6.384088993072509766e-01
-5.397734642028808594e-01	4.795178771018981934e-01	-7.900047302246093750e-01	-8.278959989547729492e-02	2.668724954128265381e-01	-7.490243911743164062e-01	-1.061400696635246277e-01	-2.236048132181167603e-01	-3.307902216911315918e-01	-3.322517275810241699e-01
-2.714440524578094482e-01	-2.490587383508682251e-01	-5.333421230316162109e-01	3.530744016170501709e-01	-1.721371263265609741e-01	-5.313713550567626953e-01	-2.539466023445129395e-01	-4.687717854976654053e-01	3.024251461029052734e-01	5.962629988789558411e-02
9.068994522094726562e-01	-8.037323951721191406e-01	1.510715484619140625e-02	4.654245376586914062e-01	8.302059173583984375e-01	7.782969474792480469e-01	-2.425551414489746094e-02	-8.292686939239501953e-01	-5.325548648834228516e-01	3.692555427551269531e-02
-2.081495076417922974e-01	-5.222046971321105957e-01	-1.634674817323684692e-01	-1.580075025558471680e-01	-1.383945822715759277e+00	-3.053637444972991943e-01	3.311523199081420898e-01	-1.171972513198852539e+00	6.127032637596130371e-01	2.003646343946456909e-01
-8.321054577827453613e-01	-9.675295352935791016e-01	-3.258767724037170410e-01	6.246973276138305664e-01	-7.702314853668212891e-02	5.267261862754821777e-01	-1.172382831573486328e+00	-4.582297503948211670e-01	5.517814755439758301e-01	-3.032234013080596924e-01
-9.210822582244873047e-01	-2.072057276964187622e-01	-3.377318382263183594e-01	4.743495285511016846e-01	-3.680968880653381348e-01	-3.942011296749114990e-01	7.325878143310546875e-01	-7.433261871337890625e-01	1.702328920364379883e-01	5.711010694503784180e-01
2.066732496023178101e-01	1.161415576934814453e-01	-6.710219383239746094e-01	1.000387445092201233e-01	1.416204124689102173e-01	-1.170723363757133484e-01	-9.374687075614929199e-02	-5.562733411788940430e-01	4.624430835247039795e-01	-1.118352934718132019e-01
-7.094433903694152832e-01	4.152413308620452881e-01	7.814773321151733398e-01	9.549415111541748047e-01	-6.320271492004394531e-01	-7.088240981101989746e-01	-3.536050021648406982e-02	7.811698913574218750e-01	-6.116056442260742188e-01	2.899661362171173096e-01
3.671987354755401611e-01	5.216841697692871094e-01	-1.432507857680320740e-02	-4.098854064941406250e-01	4.238496124744415283e-01	2.295688539743423462e-01	3.825879991054534912e-01	-6.392852663993835449e-01	1.587634086608886719e-01	6.758711338043212891e-01
-5.715181231498718262e-01	1.811541914939880371e-01	-7.168285846710205078e-01	-2.129660248756408691e-01	-5.504618287086486816e-01	-5.759283900260925293e-02	-1.552216559648513794e-01	2.954798340797424316e-01	4.169637858867645264e-01	-3.254999220371246338e-01
2.237761467695236206e-01	-8.247374296188354492e-01	9.142891168594360352e-01	-9.655420482158660889e-02	-1.422431170940399170e-01	9.535732865333557129e-01	-4.765159785747528076e-01	-4.802193641662597656e-01	-8.201627433300018311e-02	6.711345911026000977e-01
-7.520083785057067871e-01	-4.453007578849792480e-01	6.987370848655700684e-01	2.267469763755798340e-01	4.152951538562774658e-01	6.159724593162536621e-01	1.385308951139450073e-01	4.694657921791076660e-01	6.027599573135375977e-01	1.463699221611022949e+00
-4.607751369476318359e-01	-2.981336712837219238e-01	-7.906404733657836914e-01	1.784689575433731079e-01	-2.505179941654205322e-01	-2.969213128089904785e-01	-1.961245536804199219e-01	-6.526567339897155762e-01	-1.277647316455841064e-01	1.090900003910064697e-01
1.902352720499038696e-01	-5.745759233832359314e-02	-2.468353956937789917e-01	2.683218754827976227e-02	5.078857541084289551e-01	-8.397904038429260254e-01	-1.599870473146438599e-01	4.671550691127777100e-01	-4.342414438724517822e-02	-9.343269467353820801e-02
-1.450852274894714355e+00	-7.236782461404800415e-02	-5.510126352310180664e-01	1.308666616678237915e-01	5.996698737144470215e-01	-9.496834874153137207e-01	-3.509985506534576416e-01	7.349368333816528320e-01	5.113672614097595215e-01	3.005875051021575928e-01
6.324886344373226166e-04	3.704598546028137207e-01	-1.199615120887756348e+00	5.055760145187377930e-01	-2.955710887908935547e-01	-8.088620901107788086e-01	2.126265466213226318e-01	-2.330750077962875366e-01	-1.962077617645263672e-01	5.378834009170532227e-01
-7.076836824417114258e-01	5.417990088462829590e-01	-4.994496330618858337e-02	-4.861255586147308350e-01	-9.047561138868331909e-02	2.495314329862594604e-01	3.585596680641174316e-01	8.837184309959411621e-02	-6.111664772033691406e-01	6.276269555091857910e-01
-1.180942282080650330e-01	-7.999052405357360840e-01	1.725951209664344788e-02	-6.867281198501586914e-01	3.844270408153533936e-01	4.612565934658050537e-01	4.422492980957031250e-01	6.185433268547058105e-01	3.383153975009918213e-01	9.075211882591247559e-01
-7.897309958934783936e-02	-2.683842480182647705e-01	-6.795047521591186523e-01	1.710076183080673218e-01	1.727011203765869141e-01	-4.050243198871612549e-01	-4.228493571281433105e-01	-7.410808801651000977e-01	2.629443071782588959e-02	-1.823496967554092407e-01
8.777319639921188354e-02	-6.626212596893310547e-02	-1.027954459190368652e+00	-1.067858561873435974e-01	-2.392787784337997437e-01	5.383812785148620605e-01	-3.258903324604034424e-01	-5.440073609352111816e-01	8.098869025707244873e-02	-1.732956618070602417e-01
8.690903186798095703e-01	-4.520153999328613281e-02	7.776365280151367188e-01	-3.645756244659423828e-01	9.418253898620605469e-01	4.826354980468750000e-02	1.464672088623046875e-01	-3.688282966613769531e-01	4.547469615936279297e-01	7.067553997039794922e-01
5.023343563079833984e-01	-7.400562763214111328e-01	1.271535456180572510e-01	3.450583294034004211e-02	-6.557792425155639648e-01	-8.972239494323730469e-01	-8.981998562812805176e-01	3.193350434303283691e-01	-6.174580454826354980e-01	-6.941975951194763184e-01
-8.748187422752380371e-01	-2.403427958488464355e-01	-2.029081881046295166e-01	-7.558753490447998047e-01	1.508766263723373413e-01	-1.512522250413894653e-01	-8.249639868736267090e-01	1.766271471977233887e+00	2.034541666507720947e-01	9.088002890348434448e-02
-7.173697352409362793e-01	1.926930993795394897e-02	-7.373371720314025879e-01	2.479544728994369507e-01	-4.968084692955017090e-01	-7.325537800788879395e-01	-5.472109913825988770e-01	-1.535493731498718262e-01	-2.004569470882415771e-01	9.512163400650024414e-01
-7.595015168190002441e-01	-1.131870746612548828e-01	6.423000097274780273e-01	-3.924716114997863770e-01	-7.775632739067077637e-01	6.805910915136337280e-02	1.090564951300621033e-01	1.012609124183654785e+00	8.506116867065429688e-01	5.560087412595748901e-02
5.927687883377075195e-01	-1.006498336791992188e-01	5.792269110679626465e-01	9.284651279449462891e-01	6.569195985794067383e-01	-1.011125817894935608e-01	-3.014639616012573242e-01	-6.163524389266967773e-01	-3.240458071231842041e-01	5.002608522772789001e-03
-4.083728194236755371e-01	-9.492281079292297363e-02	9.736605733633041382e-02	7.772127389907836914e-01	-7.413388490676879883e-01	2.192160859704017639e-02	-8.203843235969543457e-01	-5.034198164939880371e-01	-8.234810233116149902e-01	-4.144159257411956787e-01
6.010412573814392090e-01	9.594076126813888550e-02	-3.308506608009338379e-01	1.274920463562011719e+00	1.326313257217407227e+00	5.454445481300354004e-01	2.088531553745269775e-01	-1.283691287040710449e+00	9.457005262374877930e-01	-9.690676331520080566e-01
-6.924638748168945312e-01	-3.852109313011169434e-01	-5.787347555160522461e-01	3.542412221431732178e-01	-5.685141086578369141e-01	3.767076730728149414e-01	1.162840485572814941e+00	-1.199415326118469238e+00	4.574469923973083496e-01	4.605733752250671387e-01
-1.028561115264892578e+00	-4.913071095943450928e-01	4.658259749412536621e-01	3.730387985706329346e-01	4.493001103401184082e-01	-2.666390836238861084e-01	7.137557864189147949e-01	-6.325556039810180664e-01	-9.254414439201354980e-01	6.219056844711303711e-01
-7.385117411613464355e-01	3.363300487399101257e-02	-1.174331784248352051e+00	-1.634597182273864746e-01	-4.595253616571426392e-02	-5.441153645515441895e-01	-6.487880349159240723e-01	3.940190374851226807e-01	-3.412417173385620117e-01	-4.622111618518829346e-01
-9.943188428878784180e-01	1.260081827640533447e-01	-7.002773284912109375e-01	-1.107598170638084412e-01	4.498668611049652100e-01	-3.780857026576995850e-01	-1.909507662057876587e-01	1.612048894166946411e-01	6.802652478218078613e-01	2.039949297904968262e-01
-8.271666616201400757e-02	1.188811659812927246e-01	-5.691263675689697266e-01	6.454874575138092041e-02	8.074968308210372925e-02	-3.336285054683685303e-01	-2.802580893039703369e-01	-4.348095953464508057e-01	1.661505550146102905e-01	-5.091271176934242249e-02
4.203827381134033203e-01	-4.369390606880187988e-01	1.957137137651443481e-01	-1.228957995772361755e-01	4.340409040451049805e-01	-2.217483520507812500e-01	2.688730359077453613e-01	1.025236491113901138e-02	-5.918981432914733887e-01	-4.189880192279815674e-01
-2.032264620065689087e-01	-4.506157636642456055e-01	-4.759443700313568115e-01	-1.062028646469116211e+00	2.607742249965667725e-01	6.169574856758117676e-01	1.098098516464233398e+00	3.335452079772949219e-01	-3.698780834674835205e-01	6.988264322280883789e-01
-4.411280155181884766e-01	-3.975031375885009766e-01	-3.203115463256835938e-01	-2.323174476623535156e-02	7.541682720184326172e-01	-6.984393596649169922e-01	9.609894752502441406e-01	1.756579875946044922e-01	-2.116224765777587891e-01	6.166715621948242188e-01
1.077859401702880859e-01	5.635287761688232422e-01	8.907105922698974609e-01	1.949265003204345703e-01	-8.491823673248291016e-01	-8.104007244110107422e-01	-5.412039756774902344e-01	9.691152572631835938e-01	1.083099842071533203e-01	-9.330184459686279297e-01
2.359411120414733887e-02	1.402152031660079956e-01	5.420907139778137207e-01	-5.591679215431213379e-01	3.270472288131713867e-01	-1.551725156605243683e-02	4.229562357068061829e-02	-7.562482357025146484e-01	8.277978897094726562e-01	-7.467653155326843262e-01
-9.532907605171203613e-01	1.072931289672851562e-01	-8.389700949192047119e-02	-6.162880659103393555e-01	-7.449679374694824219e-01	-1.247540935873985291e-01	-3.458833992481231689e-01	-9.861488938331604004e-01	-8.956653475761413574e-01	-1.731026172637939453e+00
-4.353206455707550049e-01	4.044843614101409912e-01	6.393630802631378174e-02	-8.256778717041015625e-01	-5.758165717124938965e-01	-7.275283336639404297e-01	-7.336221933364868164e-01	5.499970316886901855e-01	8.893635869026184082e-01	7.677270770072937012e-01
-2.645855247974395752e-01	1.381484717130661011e-01	-7.358824610710144043e-01	2.574848234653472900e-01	-4.573062434792518616e-02	5.708790943026542664e-02	7.917575538158416748e-02	-7.345665693283081055e-01	-1.933720856904983521e-01	-1.849955618381500244e-01
-4.489546269178390503e-02	-4.746855497360229492e-01	7.300888895988464355e-01	9.171028733253479004e-01	-2.911709249019622803e-01	4.546667337417602539e-01	-3.239675760269165039e-01	-3.364706635475158691e-01	-7.916564941406250000e-01	9.352902173995971680e-01
-3.835614919662475586e-01	-1.872637569904327393e-01	-4.230751097202301025e-01	1.090574935078620911e-01	4.406254589557647705e-01	8.886800408363342285e-01	3.285536468029022217e-01	-7.240535020828247070e-01	-8.014718294143676758e-01	-5.014451742172241211e-01
-2.556056380271911621e-01	2.985029816627502441e-01	-2.923070490360260010e-01	6.235222220420837402e-01	-1.028740108013153076e-01	-7.257929444313049316e-02	-9.044487774372100830e-02	-4.667635560035705566e-01	1.326842755079269409e-01	-2.988721430301666260e-01
1.082545742392539978e-01	9.109817147254943848e-01	1.712162345647811890e-01	-2.361024022102355957e-01	-8.800904750823974609e-01	5.490184575319290161e-02	-2.221035957336425781e-01	3.188453018665313721e-01	-6.090973019599914551e-01	7.911704778671264648e-01
1.652285084128379822e-02	-5.701200291514396667e-02	-5.594034790992736816e-01	1.617286205291748047e-01	-9.430233389139175415e-02	1.811298355460166931e-02	-5.256573557853698730e-01	-5.542407035827636719e-01	2.700379192829132080e-01	-9.282952547073364258e-02
-3.583690524101257324e-01	3.336438536643981934e-01	-1.186585426330566406e-01	-7.299096584320068359e-01	-5.357325673103332520e-01	-9.706122875213623047e-01	2.045670151710510254e-01	4.775504767894744873e-01	-3.339060768485069275e-02	-8.808549642562866211e-01
-5.236163139343261719e-01	-1.913199573755264282e-01	-8.057913184165954590e-01	-1.030245661735534668e+00	-5.304597318172454834e-02	3.328230381011962891e-01	-2.196063250303268433e-01	2.001578509807586670e-01	4.598594084382057190e-02	6.128614544868469238e-01
-6.397300362586975098e-01	1.022762417793273926e+00	-5.471988916397094727e-01	-1.003776192665100098e+00	-5.545021891593933105e-01	3.996999859809875488e-01	-3.933132290840148926e-01	1.358417987823486328e+00	1.123449087142944336e+00	-4.420267343521118164e-01
-2.456546723842620850e-01	4.886963069438934326e-01	-8.959828019142150879e-01	-1.595871448516845703e+00	-6.934990882873535156e-01	-9.860307574272155762e-01	6.808647513389587402e-01	6.598570942878723145e-01	6.971944570541381836e-01	5.535767674446105957e-01
-1.967156231403350830e-01	-1.207158192992210388e-01	-5.713197588920593262e-01	2.237971574068069458e-01	-7.289643585681915283e-02	-4.192722439765930176e-01	-2.187292464077472687e-02	-4.151581525802612305e-01	1.114339381456375122e-01	3.156903982162475586e-01
-9.289005398750305176e-02	-3.544841706752777100e-02	-6.263216733932495117e-01	1.331871896982192993e-01	-2.144133895635604858e-01	-5.328847169876098633e-01	-2.256259918212890625e-01	-6.377104520797729492e-01	1.100811362266540527e-01	1.946780830621719360e-01
8.121973872184753418e-01	6.025875806808471680e-01	-8.121339678764343262e-01	-6.371650099754333496e-01	-7.688615918159484863e-01	5.795509219169616699e-01	-2.819536030292510986e-01	-6.522218585014343262e-01	-1.313697844743728638e-01	-9.532585144042968750e-01
-4.336302280426025391e-01	9.277229756116867065e-02	-6.746740080416202545e-03	-2.133053541183471680e-01	-1.142895102500915527e+00	-7.689388841390609741e-02	4.130579531192779541e-01	-4.478092789649963379e-01	1.462379656732082367e-02	-1.414932131767272949e+00
2.871991395950317383e-01	-2.528525292873382568e-01	-4.042029753327369690e-02	5.018689036369323730e-01	-5.987091660499572754e-01	3.688202500343322754e-01	-8.275576233863830566e-01	1.308944225311279297e-01	5.960670113563537598e-01	2.204318046569824219e-01
5.433404445648193359e-01	-4.615490436553955078e-01	-3.217856884002685547e-01	7.429890632629394531e-01	9.796447753906250000e-01	-5.281093120574951172e-01	-5.185263156890869141e-01	-5.043931007385253906e-01	4.195346832275390625e-01	-5.510592460632324219e-02
-1.221059322357177734e+00	8.952532410621643066e-01	-4.674328491091728210e-02	-2.541685402393341064e-01	-9.382880330085754395e-01	1.174968406558036804e-01	-7.428567409515380859e-01	-3.076261281967163086e-01	-6.530303955078125000e-01	-2.301647186279296875e+00
1.010475456714630127e-01	-3.837144076824188232e-01	-7.679935693740844727e-01	3.967312574386596680e-01	-2.488262802362442017e-01	-4.993737936019897461e-01	-6.897141933441162109e-01	-3.698160648345947266e-01	2.541345655918121338e-01	-1.906885802745819092e-01
-5.609349161386489868e-02	7.396413683891296387e-01	1.526730805635452271e-01	5.727971792221069336e-01	2.493539601564407349e-01	-1.735063642263412476e-02	-1.170190125703811646e-01	-5.322241187095642090e-01	-3.638840317726135254e-01	-8.277581930160522461e-01
-9.149215221405029297e-01	1.356284618377685547e-01	-1.178638935089111328e-01	6.135046482086181641e-01	4.131603240966796875e-01	3.884997367858886719e-01	1.385958194732666016e-01	-9.725010395050048828e-01	-7.295558452606201172e-01	7.597975730895996094e-01
-9.384318590164184570e-01	9.248469471931457520e-01	1.750409156084060669e-01	4.306138455867767334e-01	-8.258545398712158203e-02	5.524587631225585938e-01	8.483999967575073242e-01	6.310536861419677734e-01	-7.279117107391357422e-01	3.961873352527618408e-01
-5.773826241493225098e-01	8.077057003974914551e-01	-7.153341770172119141e-01	-6.221557855606079102e-01	2.643259465694427490e-01	-2.958008944988250732e-01	-2.910412251949310303e-01	1.383055448532104492e-01	5.091587901115417480e-01	7.448489069938659668e-01
-2.027123719453811646e-01	-3.434874415397644043e-01	-8.014608621597290039e-01	6.589565277099609375e-01	2.283164672553539276e-02	3.213075101375579834e-01	9.595341235399246216e-02	-3.954668343067169189e-01	-1.336652934551239014e-01	7.129325866699218750e-01
-1.731301844120025635e-01	-3.258297145366668701e-01	-8.477122783660888672e-01	1.641856133937835693e-01	-3.977383375167846680e-01	-3.496268689632415771e-01	-2.955908775329589844e-01	-6.350395679473876953e-01	-6.510162353515625000e-02	-1.084146946668624878e-01
-9.630770683288574219e-01	3.407588005065917969e-01	-5.183157920837402344e-01	5.404925346374511719e-01	-4.310941696166992188e-01	8.124074935913085938e-01	-3.715724945068359375e-01	8.033208847045898438e-01	3.734414577484130859e-01	-6.372313499450683594e-01
-3.649120032787322998e-01	-1.600968986749649048e-01	-9.175379872322082520e-01	2.602843046188354492e-01	-1.507279723882675171e-01	-7.288002967834472656e-01	-1.389445513486862183e-01	1.016507670283317566e-02	-6.640288829803466797e-01	2.318320721387863159e-01
-1.229042932391166687e-01	-5.322313904762268066e-01	-1.191165328025817871e+00	1.450144499540328979e-01	4.649655818939208984e-01	5.032465457916259766e-01	-3.345315754413604736e-01	9.404128193855285645e-01	9.157285839319229126e-02	-8.547580242156982422e-02
6.078742146492004395e-01	-4.135368466377258301e-01	1.842775940895080566e-02	7.863193750381469727e-01	-3.257875740528106689e-01	1.983447670936584473e-01	3.393152952194213867e-01	8.316261172294616699e-01	3.561691343784332275e-01	-5.168254375457763672e-01
-1.105912551283836365e-01	-1.964850351214408875e-02	-7.186928987503051758e-01	3.834524750709533691e-02	-4.353445768356323242e-01	-3.881782889366149902e-01	-1.295349150896072388e-01	-8.682104349136352539e-01	1.448187381029129028e-01	7.784388214349746704e-02
-6.493182182312011719e-01	2.835979163646697998e-01	4.836359322071075439e-01	4.317297041416168213e-02	5.586472153663635254e-01	6.148692965507507324e-01	-4.199804961681365967e-01	-4.089024066925048828e-01	7.521175146102905273e-01	5.522276759147644043e-01
-4.151735305786132812e-01	-4.566807299852371216e-02	-2.887153327465057373e-01	8.520460128784179688e-01	7.577396035194396973e-01	-4.614349454641342163e-02	1.078629568219184875e-01	-9.737606644630432129e-01	8.885782957077026367e-01	1.479557633399963379e+00
-3.400639891624450684e-01	-2.441377043724060059e-01	1.026789546012878418e-01	1.773166805505752563e-01	1.570750921964645386e-01	-7.010684013366699219e-01	-2.227048575878143311e-01	-8.947089910507202148e-01	4.564443528652191162e-01	-1.210941150784492493e-01
