-2.743467390537261963e-01	-3.633903712034225464e-02	-1.582421958446502686e-01	-2.468310855329036713e-02	4.815443754196166992e-01	-1.929559931159019470e-02	-4.012350924313068390e-03	-6.345298886299133301e-01	-2.323533296585083008e-01	-4.036534130573272705e-01
2.049835771322250366e-01	-4.521310925483703613e-01	1.299810856580734253e-01	-4.097248613834381104e-01	-4.197378158569335938e-01	-5.471911653876304626e-02	2.937801778316497803e-01	6.258185952901840210e-02	9.617408365011215210e-02	-1.856673508882522583e-01
-2.479317188262939453e-01	-1.318592548370361328e+00	4.663736820220947266e-01	-8.836048655211925507e-03	-8.466958403587341309e-01	1.494704335927963257e-01	4.703341424465179443e-01	-4.316268265247344971e-01	-1.173760771751403809e+00	1.381156444549560547e+00
1.491853117942810059e+00	1.542239189147949219e-01	1.077082872390747070e+00	-1.045052409172058105e+00	8.274533152580261230e-01	5.507078170776367188e-01	-7.600269317626953125e-01	-1.404985547065734863e+00	-7.956678271293640137e-01	3.918446600437164307e-01
-7.989604771137237549e-02	-1.852242201566696167e-01	1.419773995876312256e-01	-2.786494791507720947e-02	-3.312280774116516113e-02	8.345754444599151611e-02	1.227456107735633850e-01	1.627780869603157043e-02	-1.164554269053041935e-03	1.358023732900619507e-01
-1.223728582262992859e-01	-4.386196434497833252e-01	1.986086964607238770e-01	-4.243277609348297119e-01	1.783290654420852661e-01	7.987508177757263184e-02	3.136576339602470398e-02	3.687535524368286133e-01	3.626296222209930420e-01	-1.500295400619506836e-01
5.171323940157890320e-02	-2.004208117723464966e-01	-9.891942143440246582e-03	-3.303963840007781982e-01	-1.735648363828659058e-01	-1.514712870121002197e-01	7.120498456060886383e-03	5.345032736659049988e-02	8.734983205795288086e-02	2.195359207689762115e-02
-6.896286010742187500e-01	-4.059199988842010498e-01	9.519485235214233398e-01	5.968438982963562012e-01	8.731823563575744629e-01	-5.319365859031677246e-01	6.736286282539367676e-01	4.941852986812591553e-01	-7.421255707740783691e-01	-6.690935492515563965e-01
3.457091748714447021e-01	-1.429249048233032227e-01	-1.710599809885025024e-01	-4.315947890281677246e-01	2.276942282915115356e-01	-1.200075224041938782e-01	-2.494438439607620239e-01	-9.688665717840194702e-02	2.129162847995758057e-01	6.601027846336364746e-01
-1.831065267324447632e-01	-5.910186842083930969e-02	-1.769923418760299683e-01	2.310034586116671562e-03	1.260700225830078125e-01	2.062125951051712036e-01	-5.967008182778954506e-04	-1.532837599515914917e-01	-1.455594003200531006e-01	1.748599670827388763e-02
-7.334734797477722168e-01	-6.049212217330932617e-01	8.519079089164733887e-01	-6.462624669075012207e-01	7.410480640828609467e-03	8.445675373077392578e-01	5.716412514448165894e-02	-5.083004832267761230e-01	-7.206789851188659668e-01	6.306125521659851074e-01
-8.544579893350601196e-02	-1.113842800259590149e-02	1.635225713253021240e-01	-8.403947576880455017e-03	1.507446765899658203e-01	3.366408403962850571e-03	7.783552259206771851e-02	-4.343416541814804077e-02	1.129306629300117493e-01	3.099664114415645599e-02
-2.115635573863983154e-01	-1.366364303976297379e-03	6.663862615823745728e-02	-5.907480791211128235e-02	6.692556291818618774e-02	6.273249164223670959e-05	-2.407233975827693939e-02	-1.704092696309089661e-02	5.570499598979949951e-02	1.304920613765716553e-01
6.663075834512710571e-02	-3.363312035799026489e-02	-2.873248979449272156e-02	-1.445966213941574097e-01	-3.359932079911231995e-02	3.650259226560592651e-02	-1.499422919005155563e-02	-7.693876326084136963e-02	-3.170746937394142151e-02	4.921674355864524841e-02
1.151899024844169617e-01	-2.400916218757629395e-01	-1.842524558305740356e-01	1.389923971146345139e-02	5.688634887337684631e-02	-8.027866482734680176e-03	1.878267377614974976e-01	-1.778573542833328247e-01	-6.059314310550689697e-02	7.484039664268493652e-02
4.138907194137573242e-01	-1.243580952286720276e-01	3.389581143856048584e-01	-7.272444665431976318e-02	1.980422884225845337e-01	-8.503498882055282593e-02	3.779822960495948792e-02	-3.248804509639739990e-01	7.429771125316619873e-02	-9.581701457500457764e-02
3.743417263031005859e-01	-7.572438567876815796e-02	1.795137524604797363e-01	-2.245508283376693726e-01	9.630990773439407349e-02	2.056712955236434937e-01	-1.131274476647377014e-01	-1.307549178600311279e-01	-2.362021505832672119e-01	8.487816154956817627e-02
3.010672330856323242e-01	-6.420145034790039062e-01	9.177581667900085449e-01	-3.909961879253387451e-01	-4.055179655551910400e-01	-5.807562470436096191e-01	-6.849100589752197266e-01	9.091388583183288574e-01	-1.295001626014709473e+00	-1.353772044181823730e+00
2.849251627922058105e-01	-2.337595075368881226e-01	4.927165806293487549e-01	-2.159606665372848511e-01	2.049527913331985474e-01	9.377321228384971619e-03	-1.676357984542846680e-01	1.070408802479505539e-02	4.326797723770141602e-01	-3.256736397743225098e-01
-4.795995652675628662e-01	1.515845060348510742e-01	6.482988595962524414e-01	6.943874955177307129e-01	1.159255862236022949e+00	1.662975102663040161e-01	-1.573356032371520996e+00	-1.241258025169372559e+00	1.057178735733032227e+00	1.267803549766540527e+00
1.042677462100982666e-01	-5.159510970115661621e-01	-2.253424227237701416e-01	-3.844706714153289795e-02	4.008285999298095703e-01	-8.872960507869720459e-02	4.360202252864837646e-01	-1.126423925161361694e-01	5.866228020749986172e-04	-5.959134697914123535e-01
6.782247871160507202e-02	3.059885278344154358e-02	-1.417381018400192261e-01	-2.265665084123611450e-01	-6.154469400644302368e-02	1.321215778589248657e-01	2.583380043506622314e-02	-5.500365421175956726e-02	-1.255561709403991699e-01	5.977728404104709625e-03
-3.806075453758239746e-01	-3.808029890060424805e-01	-2.757375240325927734e-01	-4.791911691427230835e-02	1.825504750013351440e-01	1.404944211244583130e-01	3.983477354049682617e-01	4.640965536236763000e-02	-3.073901832103729248e-01	4.082119166851043701e-01
5.737910419702529907e-02	1.506426092237234116e-02	-1.505986303091049194e-01	-1.764119118452072144e-01	1.826939731836318970e-01	2.147090584039688110e-01	2.426214963197708130e-01	5.578053742647171021e-02	5.408084765076637268e-02	6.770811975002288818e-02
1.331863164901733398e+00	8.886664360761642456e-02	8.225577473640441895e-01	1.153695344924926758e+00	5.760974064469337463e-02	-6.066412925720214844e-01	-9.797806143760681152e-01	-1.218177199363708496e+00	-3.066783547401428223e-01	8.104714155197143555e-01
1.364657878875732422e-01	2.822552621364593506e-02	-7.883661389350891113e-01	8.907765746116638184e-01	-1.268864423036575317e-01	3.413888216018676758e-01	4.247542023658752441e-01	-2.589927799999713898e-02	-5.610654354095458984e-01	4.656515419483184814e-01
1.221532896161079407e-01	-4.247747361660003662e-01	-3.364300429821014404e-01	-3.706493079662322998e-01	7.811645865440368652e-01	7.779996395111083984e-01	1.477845430374145508e+00	1.221519261598587036e-01	-8.306053876876831055e-01	7.380470633506774902e-01
-6.302179098129272461e-01	-6.301972270011901855e-01	9.942498207092285156e-01	-1.996573954820632935e-01	4.062645435333251953e-01	-1.470182180404663086e+00	-3.693899512290954590e-01	-2.911044359207153320e-01	6.824333220720291138e-02	1.300245761871337891e+00
1.158792734146118164e+00	-1.245419383049011230e+00	-5.536430329084396362e-02	2.837424278259277344e-01	7.614290714263916016e-01	-2.969415485858917236e-01	5.392721295356750488e-01	1.656975895166397095e-01	-1.249527633190155029e-01	6.989809274673461914e-01
1.336077461019158363e-03	-8.867227286100387573e-02	-6.462027877569198608e-02	-9.314589202404022217e-03	1.151426881551742554e-01	1.687875539064407349e-01	1.570430546998977661e-01	-2.019758969545364380e-01	-3.685584757477045059e-03	5.994347855448722839e-02
-2.755529806017875671e-02	4.422523379325866699e-01	-7.112870812416076660e-01	1.844715327024459839e-02	-7.706009149551391602e-01	4.876444935798645020e-01	-6.075457334518432617e-01	9.187802672386169434e-01	-2.750847637653350830e-01	-7.709849476814270020e-01
-5.751596093177795410e-01	5.410473942756652832e-01	-5.657232403755187988e-01	-4.403465688228607178e-01	-1.109006553888320923e-01	-4.284482002258300781e-01	1.362962275743484497e-01	-7.029392719268798828e-01	5.524879097938537598e-01	5.900094509124755859e-01
-2.045521885156631470e-01	-1.567857414484024048e-01	1.081725955009460449e-01	-1.101677045226097107e-01	8.247102051973342896e-02	-6.050233542919158936e-02	1.328836828470230103e-01	1.105332747101783752e-01	-5.426079034805297852e-02	-5.383197218179702759e-02
1.761379837989807129e-02	-1.684980243444442749e-01	4.128359854221343994e-01	-6.079738959670066833e-03	-8.405986428260803223e-02	-1.305954605340957642e-01	-5.943099781870841980e-02	8.492090739309787750e-03	-9.289865940809249878e-02	-2.839325964450836182e-01
-5.506568551063537598e-01	9.457616508007049561e-02	7.263141870498657227e-01	-3.359200656414031982e-01	3.490281701087951660e-01	4.249012172222137451e-01	-6.574667096138000488e-01	6.303655505180358887e-01	-1.700469553470611572e-01	-7.024838775396347046e-02
-2.602122724056243896e-01	5.674516782164573669e-02	7.177722454071044922e-01	-3.585373461246490479e-01	-8.729173541069030762e-01	-7.055190205574035645e-01	4.779526293277740479e-01	1.007390856742858887e+00	7.512543201446533203e-01	-5.268961936235427856e-02
4.524400830268859863e-01	-1.665647774934768677e-01	-3.121930956840515137e-01	-3.140137791633605957e-01	3.114376068115234375e-01	1.265168040990829468e-01	-1.544156521558761597e-01	-1.870945990085601807e-01	-1.220037881284952164e-02	-8.356435596942901611e-02
-1.560623012483119965e-02	-3.731374144554138184e-01	5.184265375137329102e-01	1.862967461347579956e-01	9.210114926099777222e-02	-5.736865997314453125e-01	3.318054676055908203e-01	-2.693686075508594513e-02	4.805268254131078720e-03	1.556211616843938828e-02
-6.213736534118652344e-01	5.739004611968994141e-01	2.346220314502716064e-01	3.637686669826507568e-01	3.674026727676391602e-01	1.557499170303344727e-01	-4.908336699008941650e-02	-6.042252182960510254e-01	-5.638451576232910156e-01	-2.500244081020355225e-01
7.227656245231628418e-01	-1.340773105621337891e-01	2.501395344734191895e-02	-8.228355646133422852e-01	6.261696815490722656e-01	-9.442085027694702148e-02	4.582341611385345459e-01	1.172868460416793823e-01	3.166037201881408691e-01	-3.980540335178375244e-01
3.515821695327758789e-01	7.892189025878906250e-01	-3.668272197246551514e-01	-7.425066828727722168e-01	-3.324188590049743652e-01	-1.635154485702514648e-01	1.851019114255905151e-01	-8.708410263061523438e-01	1.896408945322036743e-01	-4.781899452209472656e-01
6.542614847421646118e-02	-1.582369953393936157e-01	4.362066835165023804e-02	-4.585054144263267517e-02	3.148117288947105408e-02	-1.090926956385374069e-02	-4.040038585662841797e-02	7.050549983978271484e-02	5.791891366243362427e-02	1.777914613485336304e-01
-1.062492206692695618e-01	2.697635442018508911e-02	8.157518506050109863e-02	-6.998153030872344971e-02	1.797534711658954620e-02	9.021963179111480713e-02	5.183603614568710327e-02	1.185661777853965759e-01	8.197606541216373444e-03	3.699444979429244995e-02
-1.209459081292152405e-02	-3.840785622596740723e-01	-7.001280784606933594e-02	-1.841178834438323975e-01	3.268330097198486328e-01	-7.996331900358200073e-02	3.449283540248870850e-01	-1.485614329576492310e-01	-1.778926700353622437e-02	2.174961864948272705e-01
-1.937981694936752319e-01	-1.583734992891550064e-04	1.221635863184928894e-01	-4.674778133630752563e-02	1.683463901281356812e-01	5.015408620238304138e-02	-2.357094362378120422e-02	-5.050150677561759949e-02	3.398207575082778931e-02	1.255746930837631226e-01
-6.406188011169433594e-01	-5.427905321121215820e-01	-6.271569430828094482e-02	7.266150116920471191e-01	9.617824554443359375e-01	1.615130782127380371e+00	7.761117219924926758e-01	6.249273195862770081e-02	1.743996381759643555e+00	9.915149807929992676e-01
3.168666362762451172e-02	-3.223778307437896729e-01	-9.900585561990737915e-02	-7.015272229909896851e-02	3.016035445034503937e-02	-1.462590694427490234e-01	-6.752876192331314087e-02	-1.681572496891021729e-01	2.191290259361267090e-01	2.595789432525634766e-01
-4.251530468463897705e-01	6.180906295776367188e-01	2.399372458457946777e-01	7.753949146717786789e-03	-4.757624268531799316e-01	-4.827177822589874268e-01	1.991039663553237915e-01	-2.167311012744903564e-01	-1.900775241665542126e-03	-6.004872322082519531e-01
1.420557349920272827e-01	-5.032880902290344238e-01	-5.627324581146240234e-01	-4.053939580917358398e-01	2.923672795295715332e-01	8.874300718307495117e-01	-4.536589086055755615e-01	-6.718879938125610352e-01	-4.999464750289916992e-02	-5.531661510467529297e-01
5.108020305633544922e-01	4.038011729717254639e-01	-7.675905823707580566e-01	-2.424492388963699341e-01	7.712731957435607910e-01	2.594024538993835449e-01	8.051079511642456055e-01	-5.601271390914916992e-01	-5.571064352989196777e-01	4.288514554500579834e-01
-3.525672554969787598e-01	-2.390826120972633362e-02	8.136982321739196777e-01	2.643507719039916992e-01	2.619985342025756836e-01	-5.718792080879211426e-01	8.444780707359313965e-01	-8.358851075172424316e-01	2.019201517105102539e-01	-5.110163092613220215e-01
2.163567692041397095e-01	2.660222053527832031e-01	2.418358325958251953e-01	-8.272040635347366333e-02	-7.335206270217895508e-01	-1.178462877869606018e-01	3.632700145244598389e-01	1.017540227621793747e-02	-7.340013980865478516e-01	-6.922731399536132812e-01
1.052100419998168945e+00	1.063774228096008301e+00	-4.148586988449096680e-01	-5.436924099922180176e-01	-1.266323685646057129e+00	1.270157992839813232e-01	9.317051768302917480e-01	-7.682350277900695801e-01	-1.211098194122314453e+00	-2.185408025979995728e-01
-4.383654519915580750e-02	1.906829923391342163e-01	2.333795577287673950e-01	-8.834463357925415039e-02	-2.139669060707092285e-01	-1.388832032680511475e-01	-2.334253489971160889e-01	-4.135712981224060059e-02	8.710430562496185303e-02	1.498822867870330811e-01
1.046430826187133789e+00	1.182156130671501160e-01	5.523886084556579590e-01	7.085306644439697266e-01	3.987059593200683594e-01	1.700755357742309570e-01	8.651404380798339844e-01	3.321563899517059326e-01	5.260392427444458008e-01	-1.700294017791748047e-01
4.655478298664093018e-01	-2.115316241979598999e-01	4.315096735954284668e-01	1.017183065414428711e+00	-9.736832976341247559e-02	6.431924700736999512e-01	2.982448935508728027e-01	6.132773160934448242e-01	-1.866745948791503906e-01	1.503909528255462646e-01
-8.136549592018127441e-02	-1.564290523529052734e-01	-5.462199822068214417e-02	-2.181865125894546509e-01	1.263367980718612671e-01	-2.009158022701740265e-02	1.609668880701065063e-01	-1.179064661264419556e-01	1.547222882509231567e-01	-2.461041137576103210e-02
-2.895360589027404785e-01	1.438591331243515015e-01	-6.451148390769958496e-01	-1.150543689727783203e+00	-2.814587652683258057e-01	4.563873410224914551e-01	9.406699538230895996e-01	-3.140139579772949219e-01	-7.999855875968933105e-01	5.273401141166687012e-01
1.001186519861221313e-01	-1.508875936269760132e-01	5.488764960318803787e-03	1.713708639144897461e-01	-1.763249188661575317e-01	2.164793945848941803e-02	4.291271269321441650e-01	-1.707203537225723267e-01	4.519601166248321533e-02	-2.506500780582427979e-01
-1.332349777221679688e-01	-9.214937686920166016e-02	5.207257345318794250e-02	4.216080904006958008e-02	1.692128479480743408e-01	1.912261098623275757e-01	1.643473058938980103e-01	-1.636696308851242065e-01	3.120587766170501709e-01	1.451089531183242798e-01
7.190681695938110352e-01	-9.522585272789001465e-01	-4.294611811637878418e-01	-6.807111948728561401e-02	-4.996516406536102295e-01	-7.430731058120727539e-01	-5.511519312858581543e-01	-7.449171692132949829e-02	5.200269222259521484e-01	-5.343550071120262146e-02
-3.716403245925903320e-01	-9.705061912536621094e-01	-4.715297520160675049e-01	5.578358173370361328e-01	4.655445516109466553e-01	-1.189325377345085144e-01	-1.933459937572479248e-01	3.249804377555847168e-01	-5.944672226905822754e-01	-1.318867355585098267e-01
-1.631535007618367672e-03	5.098803043365478516e-01	3.793487548828125000e-01	-1.932423561811447144e-01	3.206495344638824463e-01	1.755608022212982178e-01	-5.139848589897155762e-01	2.671823799610137939e-01	5.222797393798828125e-01	1.796189993619918823e-01
-4.505103453993797302e-02	-9.663675725460052490e-02	-3.504111990332603455e-02	-5.295350030064582825e-02	-2.723972685635089874e-02	-1.064938958734273911e-03	-5.525841563940048218e-02	-3.286213427782058716e-02	2.622266858816146851e-02	1.028007045388221741e-01
3.158625960350036621e-01	-6.593036651611328125e-01	2.566299736499786377e-01	1.687025129795074463e-01	3.155343830585479736e-01	-3.287183642387390137e-01	-4.676368534564971924e-01	-7.518499344587326050e-02	-2.020468562841415405e-01	-5.128825306892395020e-01
-1.030376255512237549e-01	-9.677954763174057007e-02	9.912170469760894775e-02	-2.123968675732612610e-03	-6.037536635994911194e-02	-1.824746280908584595e-02	-9.079100564122200012e-03	-1.212246939539909363e-01	3.412453830242156982e-02	-1.739453971385955811e-01
-1.516883820295333862e-01	-2.737515568733215332e-01	-1.855086237192153931e-01	1.716461032629013062e-02	-4.015499949455261230e-01	-1.241813600063323975e-01	-1.852665655314922333e-02	3.373520076274871826e-02	-1.283694803714752197e-01	1.063427031040191650e-01
2.370917052030563354e-01	-4.624543190002441406e-01	-6.619564890861511230e-01	-5.876260399818420410e-01	-7.027077674865722656e-01	6.499480605125427246e-01	-1.509481072425842285e-01	-7.499688267707824707e-01	4.729001969099044800e-02	4.845631420612335205e-01
-2.953849434852600098e-01	3.372868299484252930e-01	-4.478550255298614502e-01	-4.356249421834945679e-02	-1.070284843444824219e+00	-1.329796612262725830e-01	1.110903978347778320e+00	-3.419920206069946289e-01	-8.218341469764709473e-01	-7.833483219146728516e-01
4.301407188177108765e-02	-8.204652927815914154e-03	-4.896192625164985657e-02	-3.452349337749183178e-04	-3.301020711660385132e-02	4.039714857935905457e-02	-6.125419214367866516e-02	-1.973536564037203789e-03	9.617269039154052734e-02	-1.545198410749435425e-01
3.333270251750946045e-01	8.214390277862548828e-01	1.288665831089019775e-01	5.407897755503654480e-02	-1.030067682266235352e+00	2.505278289318084717e-01	1.127031564712524414e+00	-5.896987915039062500e-01	-4.319268167018890381e-01	-6.319634318351745605e-01
1.847350150346755981e-01	-1.128446832299232483e-01	1.431021653115749359e-02	-4.380216896533966064e-01	-1.025841087102890015e-01	2.493332922458648682e-01	6.665869951248168945e-01	-6.234365701675415039e-01	1.528464704751968384e-01	3.115058541297912598e-01
-5.499693006277084351e-02	-4.198496788740158081e-02	-2.334215492010116577e-02	-5.649289488792419434e-02	5.020017735660076141e-03	4.694218747317790985e-03	9.359078109264373779e-02	-6.068078428506851196e-02	5.509776994585990906e-02	5.993925407528877258e-02
-7.724897265434265137e-01	3.372575938701629639e-01	-9.495860338211059570e-02	-1.462282299995422363e+00	1.450977921485900879e-01	-8.886206746101379395e-01	-4.584979712963104248e-01	-5.303483605384826660e-01	3.233919441699981689e-01	-1.123524270951747894e-02
1.096823453903198242e+00	-4.083257913589477539e-01	1.044028162956237793e+00	1.718369960784912109e+00	1.929712742567062378e-01	-6.630171835422515869e-02	5.379582643508911133e-01	1.184709310531616211e+00	8.864164948463439941e-01	-1.363311111927032471e-01
5.303247645497322083e-02	-4.543725401163101196e-02	1.648240163922309875e-02	-2.267305552959442139e-01	1.261205822229385376e-01	-1.159132719039916992e-01	9.458745270967483521e-02	8.488401770591735840e-03	1.767134219408035278e-01	-4.307615570724010468e-03
2.911002933979034424e-01	-5.333257913589477539e-01	-2.493040710687637329e-01	7.321758568286895752e-02	9.000414013862609863e-01	2.326495647430419922e-01	-3.965664282441139221e-02	-6.738211214542388916e-02	7.780285477638244629e-01	5.151259899139404297e-01
-4.382984712719917297e-02	9.644597768783569336e-02	-7.460440695285797119e-02	-2.920881379395723343e-03	-4.159059748053550720e-02	-6.948961317539215088e-02	7.768019288778305054e-02	-6.846784055233001709e-02	2.859057299792766571e-02	4.561971500515937805e-02
-1.525254454463720322e-02	-2.635543942451477051e-01	4.847810138016939163e-03	-3.947354480624198914e-02	-4.431717395782470703e-01	1.032287999987602234e-01	-3.348219096660614014e-01	5.605400204658508301e-01	-1.893651634454727173e-01	3.011433407664299011e-03
-4.722740128636360168e-02	-4.265834391117095947e-02	-1.428998261690139771e-01	7.866852916777133942e-03	5.964613705873489380e-02	2.153655700385570526e-02	-2.253118902444839478e-02	-3.259129077196121216e-02	1.086513232439756393e-02	-1.597184315323829651e-02
1.446088217198848724e-02	-2.599599957466125488e-01	1.032106503844261169e-01	3.321879804134368896e-01	2.304692119359970093e-01	2.210325449705123901e-01	2.573144435882568359e-01	-7.647828459739685059e-01	1.847369968891143799e-01	6.566741317510604858e-02
3.099935650825500488e-01	1.251529157161712646e-01	5.684738159179687500e-01	4.823034107685089111e-01	-1.223940029740333557e-01	-3.910201191902160645e-01	-9.997623413801193237e-02	-4.317041039466857910e-01	2.800186276435852051e-01	-1.195169389247894287e-01
-6.482905149459838867e-02	8.730128407478332520e-02	-3.521606326103210449e-03	3.691302239894866943e-02	1.764334738254547119e-01	-1.151301115751266479e-01	2.889230102300643921e-02	-1.551604568958282471e-01	1.463890224695205688e-01	-1.416311878710985184e-02
1.209643930196762085e-01	-4.649152755737304688e-01	-4.162817299365997314e-01	-1.367271840572357178e-01	3.918302804231643677e-02	-1.900556832551956177e-01	5.252282693982124329e-02	-6.172720193862915039e-01	-3.085094690322875977e-01	-3.152715042233467102e-02
-6.696259975433349609e-01	3.883374333381652832e-01	4.877166450023651123e-01	4.231881350278854370e-02	1.027685031294822693e-01	-3.911285400390625000e-01	6.854472160339355469e-01	2.978689968585968018e-01	6.230958700180053711e-01	-3.965662121772766113e-01
-8.981764912605285645e-01	3.467194437980651855e-01	7.591800689697265625e-01	5.940045118331909180e-01	-8.027290701866149902e-01	5.155259966850280762e-01	-8.033460378646850586e-01	3.859878778457641602e-01	6.216098666191101074e-01	-9.998601675033569336e-02
2.286360366269946098e-03	-4.488786160945892334e-01	-7.383768558502197266e-01	1.672996953129768372e-02	-3.171904087066650391e-01	3.994308114051818848e-01	6.025398373603820801e-01	1.997461915016174316e-01	4.001280069351196289e-01	2.463503032922744751e-01
-7.124688029289245605e-01	-2.620928883552551270e-01	-3.481258451938629150e-01	-6.652772426605224609e-02	-2.070146054029464722e-01	-4.089115262031555176e-01	5.102592706680297852e-01	2.371012121438980103e-01	-2.701776325702667236e-01	1.023695692420005798e-01
-7.661074399948120117e-01	1.433412134647369385e-01	5.898481607437133789e-01	8.936502933502197266e-01	-2.521101534366607666e-01	5.554201006889343262e-01	9.226139187812805176e-01	-4.466940164566040039e-01	-6.535968184471130371e-01	-4.878171980381011963e-01
6.028709411621093750e-01	7.284703254699707031e-01	-1.699441075325012207e+00	-6.619258522987365723e-01	-9.371857047080993652e-01	6.710183024406433105e-01	1.213160872459411621e+00	-5.927945971488952637e-01	1.244061470031738281e+00	-3.283676207065582275e-01
-1.928948312997817993e-01	-3.245832324028015137e-01	-9.612427651882171631e-02	4.135578274726867676e-01	1.866710484027862549e-01	-3.555073440074920654e-01	8.078467845916748047e-01	-3.700810074806213379e-01	-3.862703144550323486e-01	-4.252780377864837646e-01
6.541464477777481079e-03	3.755918443202972412e-01	-4.443826675415039062e-01	-3.229312896728515625e-01	6.700226068496704102e-01	4.319708347320556641e-01	-5.904350280761718750e-01	-7.226804494857788086e-01	-6.198096275329589844e-01	6.241691112518310547e-01
2.924579381942749023e-02	1.903969049453735352e-01	3.023912012577056885e-01	-1.750055551528930664e-01	2.969123721122741699e-01	-1.400138139724731445e-01	2.465194910764694214e-01	-7.762544602155685425e-02	2.799371480941772461e-01	1.625322154723107815e-03
-1.007310114800930023e-02	-1.468681246042251587e-01	1.693248301744461060e-01	-7.775129051879048347e-04	-6.819366663694381714e-02	3.811693936586380005e-02	-1.676847785711288452e-02	-2.231893129646778107e-02	1.873935386538505554e-02	-1.333934068679809570e-01
1.518348306417465210e-01	6.440321803092956543e-01	-1.595812886953353882e-01	2.346825599670410156e-01	-2.315560281276702881e-01	-1.079158950597047806e-02	6.565598249435424805e-01	2.846363186836242676e-02	-4.791359901428222656e-01	6.944653391838073730e-01
-5.141994953155517578e-01	-3.653746843338012695e-01	3.734279572963714600e-01	5.004130005836486816e-01	-5.903221368789672852e-01	1.121146455407142639e-01	6.454327702522277832e-01	-3.512776196002960205e-01	6.687664985656738281e-01	-2.559975087642669678e-01
2.244258858263492584e-02	5.672401785850524902e-01	2.312420010566711426e-01	-6.165564656257629395e-01	-4.526896774768829346e-01	8.042713999748229980e-02	2.285770326852798462e-01	7.658835649490356445e-01	-1.238859668374061584e-01	-3.978681564331054688e-01
-2.993507981300354004e-01	8.096435070037841797e-01	9.192629903554916382e-02	5.503900051116943359e-01	-5.579983592033386230e-01	-2.109570652246475220e-01	-4.467408955097198486e-01	-2.273440957069396973e-01	6.147164106369018555e-01	-7.206202149391174316e-01
-1.163258180022239685e-01	-3.378777578473091125e-02	7.108477503061294556e-02	1.562096476554870605e-01	7.574876397848129272e-02	-9.760946035385131836e-02	-3.801357233896851540e-03	-2.289186865091323853e-01	-3.098204545676708221e-02	-3.338648378849029541e-02
3.687215745449066162e-01	8.473344147205352783e-02	-5.899430513381958008e-01	5.463989377021789551e-01	-4.719221293926239014e-01	4.463581442832946777e-01	-5.712130665779113770e-02	5.991214513778686523e-01	-5.236849784851074219e-01	3.052235245704650879e-01
5.997265577316284180e-01	-1.108760088682174683e-01	1.664474159479141235e-01	7.289354801177978516e-01	-2.906180024147033691e-01	3.902024924755096436e-01	-5.355337262153625488e-01	-3.479813933372497559e-01	-1.885168403387069702e-01	5.249837040901184082e-01
5.288860797882080078e-01	-2.692154645919799805e-01	-3.534932136535644531e-01	-2.846713364124298096e-01	-1.608916074037551880e-01	-3.068106807768344879e-02	1.666778773069381714e-01	-2.820899710059165955e-02	2.310725450515747070e-01	-2.585532367229461670e-01
-1.682748086750507355e-02	3.637924790382385254e-01	-3.526290059089660645e-01	-4.222123324871063232e-01	-1.739081591367721558e-01	2.565121836960315704e-02	-3.738189339637756348e-01	-5.193635821342468262e-01	1.445300579071044922e-01	3.949667215347290039e-01
6.756058335304260254e-02	3.312798738479614258e-01	3.708949387073516846e-01	-1.899842619895935059e-01	1.640646308660507202e-01	-1.542664170265197754e-01	-9.462061524391174316e-02	-8.797090500593185425e-02	2.732234895229339600e-01	2.486876249313354492e-01
-5.162819027900695801e-01	6.866242289543151855e-01	3.033467531204223633e-01	8.909178972244262695e-01	-4.159496724605560303e-01	-8.415807783603668213e-02	5.882780551910400391e-01	8.123512268066406250e-01	-4.168488979339599609e-01	-2.937278747558593750e-01
6.528474390506744385e-02	-1.036539226770401001e-01	-8.277663588523864746e-02	-1.319001056253910065e-02	-2.002329528331756592e-01	-6.859962344169616699e-01	-7.085126638412475586e-01	-2.816717624664306641e-01	-2.364360541105270386e-01	2.007707208395004272e-01
-1.012590155005455017e-01	2.384843304753303528e-02	-3.944477066397666931e-02	-4.211605712771415710e-02	1.205011382699012756e-01	-1.226868759840726852e-02	5.342303961515426636e-02	1.666250079870223999e-02	-8.930898457765579224e-02	-1.148563809692859650e-02
-1.166975378990173340e+00	-6.097203493118286133e-01	-1.319821357727050781e+00	5.696822404861450195e-01	-8.944965004920959473e-01	-3.467213213443756104e-01	7.728146910667419434e-01	4.363392591476440430e-01	-1.973465979099273682e-01	3.496095910668373108e-02
-6.335507035255432129e-01	-1.009930372238159180e-01	-8.589109778404235840e-02	3.122939169406890869e-01	1.608465760946273804e-01	4.667092859745025635e-02	-6.049304008483886719e-01	-5.996305122971534729e-02	-4.207519590854644775e-01	4.962926208972930908e-01
2.776771597564220428e-02	-1.149110868573188782e-01	5.595100298523902893e-02	7.795616984367370605e-02	3.390574455261230469e-02	4.811563342809677124e-02	-2.806126698851585388e-02	-4.094937071204185486e-02	-5.606549233198165894e-02	-7.168816030025482178e-02
8.523284643888473511e-02	4.109798371791839600e-02	1.121172383427619934e-01	-2.869651420041918755e-03	9.285219013690948486e-03	2.683529630303382874e-02	-7.855488359928131104e-02	1.112616434693336487e-01	1.930710077285766602e-01	6.225615367293357849e-02
-5.579894036054611206e-02	5.946485325694084167e-02	7.559815794229507446e-02	5.044333264231681824e-02	4.711007699370384216e-02	-1.533831506967544556e-01	1.407635062932968140e-01	-3.483868762850761414e-02	1.903475821018218994e-01	-1.183853000402450562e-01
-4.037694633007049561e-02	1.509474068880081177e-01	7.556290924549102783e-02	5.879117548465728760e-02	8.006546646356582642e-02	1.153889819979667664e-01	-7.010700553655624390e-02	2.694547548890113831e-02	-1.292328536510467529e-01	6.128672882914543152e-02
-9.144781157374382019e-03	-1.709998399019241333e-01	-3.801305294036865234e-01	2.894172668457031250e-01	2.619313001632690430e-01	-1.263561006635427475e-02	9.890247136354446411e-02	-3.407168090343475342e-01	-1.814298518002033234e-02	-1.815074533224105835e-01
-9.737598896026611328e-02	1.512419153004884720e-02	-7.174153625965118408e-02	2.305368930101394653e-01	1.115503087639808655e-01	-2.416671067476272583e-02	-6.237548962235450745e-02	-2.349326461553573608e-01	-1.328209638595581055e-01	5.691847763955593109e-04
1.275469455868005753e-02	5.398457646369934082e-01	2.153683006763458252e-01	3.330965340137481689e-01	3.762764632701873779e-01	3.227902352809906006e-01	-2.752798981964588165e-02	-5.032525658607482910e-01	3.268767148256301880e-03	-3.399455845355987549e-01
1.083618588745594025e-02	-8.664581179618835449e-02	1.160095855593681335e-01	7.276363670825958252e-02	5.783667787909507751e-02	7.273166626691818237e-02	1.404339522123336792e-01	-2.213671617209911346e-02	2.734169550240039825e-02	3.124975785613059998e-02
2.970747947692871094e-01	-4.908027946949005127e-01	4.611411690711975098e-01	-6.517134904861450195e-01	1.041381359100341797e-01	1.843750774860382080e-01	5.895698070526123047e-01	-2.057808786630630493e-01	7.827812433242797852e-01	-4.957245588302612305e-01
5.570374131202697754e-01	-2.365344464778900146e-01	-4.590790569782257080e-01	5.171710848808288574e-01	9.466071724891662598e-01	-6.485847830772399902e-01	-8.698026537895202637e-01	5.602402091026306152e-01	2.554921209812164307e-01	8.830648064613342285e-01
3.594446778297424316e-01	7.719465494155883789e-01	5.676410198211669922e-01	-5.658184289932250977e-01	-5.258610844612121582e-01	-2.369587719440460205e-01	7.815717458724975586e-01	8.595203161239624023e-01	5.300477743148803711e-01	-6.743063032627105713e-02
9.968106448650360107e-02	8.246903866529464722e-02	-9.687408059835433960e-02	1.397848688066005707e-02	-3.211639821529388428e-01	2.561208605766296387e-01	8.072728291153907776e-03	1.626053154468536377e-01	-1.971447914838790894e-01	2.295019477605819702e-01
3.780641406774520874e-02	2.570858299732208252e-01	-3.037222027778625488e-01	-1.875550001859664917e-01	-2.051731944084167480e-01	1.570090949535369873e-01	2.810651995241641998e-02	1.286585330963134766e-01	-1.368630379438400269e-01	6.046470627188682556e-02
-7.460761070251464844e-02	6.465762108564376831e-02	-1.157116889953613281e-01	2.748019099235534668e-01	-2.037536799907684326e-01	1.279932111501693726e-01	-1.366382986307144165e-01	-2.004680782556533813e-02	-2.971892245113849640e-02	4.593070596456527710e-02
-6.348886340856552124e-02	1.150187626481056213e-01	-2.169916480779647827e-01	1.481176912784576416e-01	3.713667690753936768e-01	2.696357965469360352e-01	-4.093011617660522461e-01	-2.553787231445312500e-01	-4.986797571182250977e-01	2.690364420413970947e-01
1.572541892528533936e-01	-6.157834529876708984e-01	2.957512252032756805e-02	-2.123518288135528564e-01	8.869343996047973633e-01	-7.111698389053344727e-01	-7.559443265199661255e-02	-4.835611581802368164e-01	-1.357565969228744507e-01	1.789695210754871368e-02
3.117374181747436523e-01	5.396983623504638672e-01	2.551667094230651855e-01	-1.494297981262207031e-01	-4.336925446987152100e-01	-3.758273124694824219e-01	2.863979637622833252e-01	-1.240293383598327637e-01	5.086133480072021484e-01	1.069188117980957031e+00
-2.090357095003128052e-01	-6.212011575698852539e-01	6.050243601202964783e-02	9.209374338388442993e-02	3.615849614143371582e-01	-5.874845981597900391e-01	2.375143021345138550e-01	-5.409901142120361328e-01	2.661689221858978271e-01	-4.032740294933319092e-01
6.909937262535095215e-01	5.919291079044342041e-02	3.432379066944122314e-01	4.637988284230232239e-03	7.843795418739318848e-01	3.139211833477020264e-01	-2.547598481178283691e-01	-5.075717568397521973e-01	4.753163456916809082e-01	-5.169860124588012695e-01
-4.446121156215667725e-01	3.135671839118003845e-02	7.472410798072814941e-01	4.459911286830902100e-01	-1.973319053649902344e-02	-7.236216068267822266e-01	5.243237614631652832e-01	-1.157719120383262634e-01	8.287156820297241211e-01	-4.879747629165649414e-01
-2.868135869503021240e-01	3.486439958214759827e-02	7.114687561988830566e-01	-7.853472232818603516e-02	-9.550678730010986328e-01	-4.736074805259704590e-01	4.739737510681152344e-01	4.697474241256713867e-01	-2.233398258686065674e-01	-8.742997050285339355e-01
-9.573232382535934448e-02	2.052504271268844604e-01	1.296771317720413208e-01	1.918873935937881470e-02	1.726170070469379425e-02	-3.917458653450012207e-02	1.994156092405319214e-01	-1.189830377697944641e-01	1.082908809185028076e-01	1.983279734849929810e-01
-5.244543552398681641e-01	2.949638366699218750e-01	3.455519080162048340e-01	5.274390578269958496e-01	-4.059999287128448486e-01	-1.584147214889526367e-01	3.556744158267974854e-01	1.927080005407333374e-01	4.355157315731048584e-01	-1.258963197469711304e-01
-4.823489785194396973e-01	1.450444221496582031e+00	7.212418913841247559e-01	5.373634696006774902e-01	5.919402837753295898e-01	2.213947623968124390e-01	-1.001035332679748535e+00	9.795035421848297119e-02	-2.115528285503387451e-01	-5.061445832252502441e-01
-1.477809846401214600e-01	9.422833099961280823e-03	3.540198877453804016e-02	-6.573763210326433182e-03	1.017718464136123657e-01	-5.052224732935428619e-04	2.466947585344314575e-02	-2.226813882589340210e-02	-6.272975355386734009e-02	3.530617430806159973e-02
-1.780323237180709839e-01	1.192892313003540039e+00	1.209676980972290039e+00	1.164642795920372009e-01	-7.474051713943481445e-01	-5.060775279998779297e-01	-5.477154999971389771e-02	-8.898668289184570312e-01	-6.437414884567260742e-01	5.785195827484130859e-01
1.238303110003471375e-01	7.770701497793197632e-02	-1.448721066117286682e-02	-9.869682043790817261e-02	-1.463774442672729492e-01	-3.205114603042602539e-01	5.116922259330749512e-01	-4.304121434688568115e-01	3.372682332992553711e-01	-1.917851120233535767e-01
-1.369215734302997589e-02	6.274363398551940918e-02	1.374796628952026367e-01	-3.030519187450408936e-02	-2.764877676963806152e-02	-1.043803691864013672e-01	7.003869116306304932e-02	-1.718398183584213257e-01	8.793217688798904419e-02	3.109361231327056885e-02
-1.043825447559356689e-01	-2.735203132033348083e-02	1.314551085233688354e-01	1.184051632881164551e-01	1.782087385654449463e-01	-2.163254842162132263e-02	3.303550928831100464e-02	-1.352963596582412720e-01	-6.296592205762863159e-02	-7.130257785320281982e-02
-4.272139370441436768e-01	-2.238622307777404785e-02	3.004322946071624756e-01	2.797649614512920380e-02	4.802533984184265137e-01	4.904031157493591309e-01	1.505204737186431885e-01	-1.540223956108093262e-01	-7.077953964471817017e-02	-7.017855346202850342e-02
-2.798264622688293457e-01	1.668356359004974365e-01	-5.823353528976440430e-01	-9.181842207908630371e-01	-6.888988614082336426e-01	1.496901988983154297e+00	1.119819998741149902e+00	7.200984954833984375e-01	-7.285054773092269897e-02	1.790911108255386353e-01
5.016154050827026367e-01	-3.144932389259338379e-01	1.109010875225067139e-01	-5.319915711879730225e-02	-6.393811702728271484e-01	6.232973337173461914e-01	8.152257800102233887e-01	8.123634755611419678e-02	3.448040485382080078e-01	-3.701541572809219360e-05
-7.788873463869094849e-02	4.138879776000976562e-01	4.208219945430755615e-01	-6.201863288879394531e-01	3.880198597908020020e-01	5.306959152221679688e-01	-3.495325744152069092e-01	-3.476499915122985840e-01	-5.240905284881591797e-01	1.189038604497909546e-01
-5.786949396133422852e-01	2.866640985012054443e-01	-6.459347009658813477e-01	3.312571942806243896e-01	-6.285914778709411621e-01	1.402601897716522217e-01	4.537003338336944580e-01	2.653381228446960449e-01	-4.104411303997039795e-01	8.643373250961303711e-01
1.081915944814682007e-01	1.680109500885009766e-01	-1.388616627082228661e-03	-4.149305224418640137e-01	-7.462482899427413940e-02	4.745626747608184814e-01	-4.660569876432418823e-02	7.504345774650573730e-01	2.149381488561630249e-01	3.108655810356140137e-01
5.395827889442443848e-01	1.064797997474670410e+00	-3.821456730365753174e-01	-1.891908943653106689e-01	-8.376876711845397949e-01	9.933051466941833496e-01	-2.315200120210647583e-01	3.066923022270202637e-01	-1.268128395080566406e+00	-4.237359762191772461e-01
-2.088742703199386597e-02	3.890923410654067993e-02	1.270376518368721008e-02	-1.193063929677009583e-01	-6.572384387254714966e-02	9.357026964426040649e-02	8.035114407539367676e-02	-1.422691494226455688e-01	-1.376585476100444794e-02	8.611736446619033813e-02
6.923617720603942871e-01	-1.765889823436737061e-01	-2.826813049614429474e-02	-6.265960335731506348e-01	-7.270211577415466309e-01	2.141100913286209106e-01	5.155850946903228760e-02	5.005954504013061523e-01	3.084453642368316650e-01	5.825272798538208008e-01
-9.938562661409378052e-02	6.324324011802673340e-01	-6.811995506286621094e-01	5.764880031347274780e-02	-7.616382241249084473e-01	1.134241372346878052e-01	-4.560069739818572998e-01	7.058241218328475952e-02	-1.050418615341186523e+00	9.460371732711791992e-01
-1.291428804397583008e-01	3.445102274417877197e-01	7.672081142663955688e-02	1.121699884533882141e-01	-3.903903067111968994e-01	-2.942523956298828125e-01	-4.571917653083801270e-01	5.087928175926208496e-01	1.962306946516036987e-01	3.533850237727165222e-02
-3.306545317173004150e-01	3.927360475063323975e-01	-2.993630766868591309e-01	6.882938146591186523e-01	-6.512476205825805664e-01	5.227102637290954590e-01	3.439102768898010254e-01	2.773259580135345459e-01	-2.748765647411346436e-01	4.632110893726348877e-01
-1.385782212018966675e-01	1.763589531183242798e-01	1.093816105276346207e-02	-2.881707847118377686e-01	-1.994891166687011719e-01	1.546039134263992310e-01	3.506066501140594482e-01	5.584971234202384949e-02	1.329775005578994751e-01	2.219324409961700439e-01
-1.133575439453125000e+00	-4.236837327480316162e-01	-3.736784160137176514e-01	2.249898910522460938e-01	9.559270739555358887e-01	9.411770105361938477e-01	-5.761247277259826660e-01	1.019085422158241272e-01	-7.442478537559509277e-01	-1.470551371574401855e+00
-1.240135952830314636e-01	3.220834732055664062e-01	5.488912463188171387e-01	-1.918531656265258789e-01	-3.125103712081909180e-01	-1.389526529237627983e-03	-1.455903202295303345e-01	6.221562027931213379e-01	6.219112277030944824e-01	-4.602561593055725098e-01
3.641744256019592285e-01	-5.721447467803955078e-01	-6.759275197982788086e-01	-6.196585297584533691e-02	-6.405482888221740723e-01	5.687201619148254395e-01	-2.632952332496643066e-01	-3.845714926719665527e-01	-8.551682531833648682e-02	-4.126811623573303223e-01
-2.458508312702178955e-02	5.776433646678924561e-02	2.522672293707728386e-03	-2.017942368984222412e-01	5.567366257309913635e-02	-6.662368774414062500e-02	9.270441532135009766e-02	1.482152640819549561e-01	2.083205804228782654e-02	5.877237394452095032e-02
7.304072380065917969e-02	5.674580857157707214e-02	4.065213203430175781e-01	-1.545300036668777466e-01	-4.191129282116889954e-02	-4.929348453879356384e-02	-1.649467051029205322e-01	-5.801783408969640732e-03	2.033005654811859131e-01	2.977122366428375244e-01
-5.122469738125801086e-02	4.396031424403190613e-02	6.123711168766021729e-02	6.786792725324630737e-02	8.869069814682006836e-02	-2.690210752189159393e-02	-2.792948856949806213e-02	2.544634230434894562e-02	-6.078821048140525818e-02	-2.893302030861377716e-02
4.643702805042266846e-01	8.861836977303028107e-03	-2.262865900993347168e-01	3.553656339645385742e-01	-4.437301754951477051e-01	-3.255904316902160645e-01	-3.199270367622375488e-01	-2.185274958610534668e-01	-2.631846666336059570e-01	9.377470016479492188e-01
-1.039373204112052917e-01	2.276730835437774658e-01	1.823624968528747559e-01	-1.383556276559829712e-01	2.736376039683818817e-02	1.100202575325965881e-01	3.887396156787872314e-01	4.216861445456743240e-03	2.331171780824661255e-01	1.465564034879207611e-02
2.062592655420303345e-01	-3.839079737663269043e-01	5.600508451461791992e-01	-3.535993695259094238e-01	2.208482176065444946e-01	4.920409247279167175e-02	2.702501416206359863e-01	4.479719325900077820e-02	6.402441263198852539e-01	-3.653290271759033203e-01
4.219622611999511719e-01	-6.192811205983161926e-02	-9.681495428085327148e-01	-9.259573817253112793e-01	-2.142399176955223083e-02	6.457949876785278320e-01	-8.453952074050903320e-01	1.403155326843261719e+00	9.155372157692909241e-03	6.025577783584594727e-01
2.316628098487854004e-01	-1.355146616697311401e-01	-3.228101134300231934e-01	-5.086881518363952637e-01	-3.173254430294036865e-01	3.176188468933105469e-01	2.967389114201068878e-02	4.248020648956298828e-01	-3.050377964973449707e-01	-4.475401714444160461e-02
-6.534138917922973633e-01	-7.842195034027099609e-01	5.375651121139526367e-01	8.507015109062194824e-01	-4.350340068340301514e-01	-2.886060476303100586e-01	-8.237919211387634277e-01	-1.360902935266494751e-01	-6.285023093223571777e-01	5.876332521438598633e-01
-1.057365417480468750e+00	1.418653726577758789e+00	1.396206736564636230e+00	-5.868689417839050293e-01	1.039931297302246094e+00	1.063703894615173340e+00	8.445225358009338379e-01	7.389366626739501953e-01	-8.235698938369750977e-01	4.982140362262725830e-01
3.125505149364471436e-01	3.810479640960693359e-01	6.599079370498657227e-01	1.410231739282608032e-01	-2.602140903472900391e-01	2.094217017292976379e-02	3.472324311733245850e-01	2.265352457761764526e-01	5.463067293167114258e-01	-3.653929531574249268e-01
8.301763534545898438e-01	5.625407695770263672e-01	6.824761033058166504e-01	-3.143030405044555664e-01	3.000172972679138184e-01	5.992107391357421875e-01	1.196543648838996887e-01	-2.120110243558883667e-01	8.361741900444030762e-03	4.028525054454803467e-01
1.145735159516334534e-01	3.704496324062347412e-01	3.913030922412872314e-01	-4.697612524032592773e-01	2.903595864772796631e-01	1.017516851425170898e-01	-2.803719937801361084e-01	6.808062195777893066e-01	5.088920593261718750e-01	-7.331602275371551514e-02
-8.101397007703781128e-02	-8.134854584932327271e-02	-7.460997439920902252e-03	-1.453013569116592407e-01	4.015436023473739624e-02	1.564093865454196930e-02	-1.179627105593681335e-01	4.634575173258781433e-02	-1.304647326469421387e-01	-6.940022855997085571e-02
-2.769716680049896240e-01	-6.790133118629455566e-01	-5.104998946189880371e-01	-7.656910419464111328e-01	6.906179785728454590e-01	2.642619311809539795e-01	5.323700904846191406e-01	-3.775561749935150146e-01	-2.321913540363311768e-01	7.407351136207580566e-01
-9.173713624477386475e-02	3.547731041908264160e-02	-8.888667821884155273e-02	-2.746690250933170319e-02	-8.036909252405166626e-02	-7.498961687088012695e-02	-1.701373010873794556e-01	-8.517046272754669189e-02	-1.336292475461959839e-01	1.434577107429504395e-01
-6.740828156471252441e-01	-4.615669548511505127e-01	-6.938853263854980469e-01	5.266834497451782227e-01	-6.304283142089843750e-01	5.001792907714843750e-01	-5.943980216979980469e-01	-1.899754852056503296e-01	-4.882653951644897461e-01	4.226566255092620850e-01
-5.795331001281738281e-01	8.787801861763000488e-02	1.792043894529342651e-01	7.088720798492431641e-01	-6.362997293472290039e-01	-1.582258790731430054e-01	4.515738785266876221e-01	-3.587109446525573730e-01	4.288476705551147461e-01	-7.911807298660278320e-02
1.744445115327835083e-01	8.985571861267089844e-01	-7.115033864974975586e-01	6.615671515464782715e-01	1.038197159767150879e+00	-1.365707039833068848e+00	-8.221527934074401855e-02	5.786709189414978027e-01	-7.699840664863586426e-01	3.615101873874664307e-01
-6.480220556259155273e-01	5.863360762596130371e-01	3.818247914314270020e-01	2.150702625513076782e-01	-1.378297567367553711e+00	9.044001102447509766e-01	-1.121531009674072266e+00	-3.533164560794830322e-01	-3.545268997550010681e-02	-3.069911897182464600e-02
3.705953955650329590e-01	4.281716644763946533e-01	1.059481650590896606e-01	-4.468193352222442627e-01	-3.078533113002777100e-01	-5.071207880973815918e-01	-1.960430741310119629e-01	2.756956219673156738e-01	-2.287576943635940552e-01	2.213639169931411743e-01
-4.304493963718414307e-01	6.227955222129821777e-01	1.855375021696090698e-01	-3.640105426311492920e-01	-2.331929802894592285e-01	-4.789310991764068604e-01	-8.817798644304275513e-02	-3.650357723236083984e-01	-5.272840261459350586e-01	-1.014996767044067383e-01
-1.279253792017698288e-02	-9.773931466042995453e-03	1.858151853084564209e-01	-1.702234596014022827e-01	1.465729773044586182e-01	1.686643362045288086e-01	-2.194873392581939697e-01	1.166498810052871704e-01	1.167604252696037292e-01	-1.368090063333511353e-01
1.406334340572357178e-01	6.345624923706054688e-01	6.380898952484130859e-01	-5.999122858047485352e-01	5.149753689765930176e-01	2.515958249568939209e-01	8.777855336666107178e-02	2.524977549910545349e-02	2.197469025850296021e-01	3.763172030448913574e-01
-1.001107171177864075e-01	5.480766296386718750e-02	-4.947505518794059753e-02	3.368187695741653442e-02	4.861766472458839417e-02	-4.665337502956390381e-02	1.469166297465562820e-02	7.288810610771179199e-02	-1.784405857324600220e-02	-1.884534023702144623e-02
6.940706372261047363e-01	3.186493813991546631e-01	-6.153588891029357910e-01	4.987682774662971497e-02	-5.990084409713745117e-01	2.323622256517410278e-01	-4.262037277221679688e-01	-6.612858772277832031e-01	2.215458899736404419e-01	-2.686459124088287354e-01
-2.451935783028602600e-02	-7.173860073089599609e-02	-1.126293838024139404e-02	-3.276143595576286316e-02	-1.454588025808334351e-01	1.510726660490036011e-01	-1.279492527246475220e-01	1.025725975632667542e-01	-8.367338776588439941e-02	1.702603399753570557e-01
7.340232841670513153e-03	5.064439773559570312e-02	1.049809008836746216e-01	-1.823819577693939209e-01	7.354137301445007324e-02	1.582558602094650269e-01	-9.220282663591206074e-04	-3.713328391313552856e-02	-4.456086829304695129e-02	-1.323802303522825241e-02
1.796817928552627563e-01	-4.260866343975067139e-01	-7.427142858505249023e-01	9.919841587543487549e-02	-2.882894873619079590e-01	-1.569978594779968262e-01	-3.546256124973297119e-01	-4.614858925342559814e-01	-1.903665959835052490e-01	-6.437344942241907120e-03
3.013857901096343994e-01	2.238493710756301880e-01	1.252461969852447510e-01	2.968452572822570801e-01	-1.922756284475326538e-01	5.706135630607604980e-01	-9.598979353904724121e-02	1.281416565179824829e-01	-2.189710885286331177e-01	1.775711327791213989e-01
3.353719115257263184e-01	-7.395408302545547485e-02	4.412462711334228516e-01	4.716007113456726074e-01	-6.142978668212890625e-01	1.534067392349243164e-01	-5.843882560729980469e-01	6.005216836929321289e-01	-6.632284522056579590e-01	-1.321695279330015182e-02
-1.532882601022720337e-01	-1.402866095304489136e-01	-5.415702983736991882e-02	-1.158671230077743530e-01	-1.067298799753189087e-01	4.856245964765548706e-02	-1.206211298704147339e-01	5.697456747293472290e-02	1.697409525513648987e-02	1.450098603963851929e-01
2.088370025157928467e-01	-3.606141731142997742e-02	1.753774136304855347e-01	-1.411739885807037354e-01	9.930908679962158203e-02	1.671403050422668457e-01	-1.326094008982181549e-02	8.782908320426940918e-03	2.354657500982284546e-01	2.989418804645538330e-02
5.524321794509887695e-01	-1.455369442701339722e-01	-2.469300329685211182e-01	-3.003481924533843994e-01	-1.195661574602127075e-01	-1.392575502395629883e-01	-3.002125918865203857e-01	4.077294468879699707e-01	-3.484063744544982910e-01	1.185627281665802002e-01
2.075891010463237762e-02	-3.197363317012786865e-01	2.257159054279327393e-01	-1.307482570409774780e-01	1.616211608052253723e-02	1.034966669976711273e-02	-1.195824742317199707e-01	9.187529981136322021e-02	-1.789386384189128876e-02	-1.599395126104354858e-01
-1.470762789249420166e-01	1.488766372203826904e-01	-2.174879163503646851e-01	1.435395181179046631e-01	2.615460567176342010e-02	1.716241985559463501e-01	-5.096492916345596313e-02	-1.591781973838806152e-01	-8.351929485797882080e-02	-1.052026543766260147e-02
1.230403110384941101e-01	2.021178752183914185e-01	-1.404469460248947144e-01	4.301983118057250977e-01	1.882978528738021851e-01	-1.057194173336029053e-01	-2.875412404537200928e-01	-4.082388477399945259e-04	8.828239887952804565e-02	-3.620870411396026611e-01
-3.531264956109225750e-04	4.022139906883239746e-01	4.796021878719329834e-01	4.555706083774566650e-01	-6.643247604370117188e-01	-2.875254452228546143e-01	6.746000647544860840e-01	-5.874891877174377441e-01	2.180693149566650391e-01	1.921466737985610962e-01
-5.420611500740051270e-01	2.280179709196090698e-01	3.612249791622161865e-01	1.356958895921707153e-01	-9.001457095146179199e-01	8.571665287017822266e-01	-6.671615242958068848e-01	-2.223186045885086060e-01	2.101737111806869507e-01	-1.721579134464263916e-01
2.494218759238719940e-03	1.752190887928009033e-01	-3.112761676311492920e-01	7.222040742635726929e-02	1.952868849039077759e-01	-8.274785429239273071e-02	-1.519252210855484009e-01	2.806736715137958527e-02	-2.613137662410736084e-02	-1.768648475408554077e-01
-6.312784552574157715e-02	3.712936863303184509e-02	-1.456615477800369263e-01	-8.154380135238170624e-03	3.301226198673248291e-01	1.639695465564727783e-01	-9.208608418703079224e-02	-1.894876211881637573e-01	5.720646679401397705e-02	-1.319658160209655762e-01
-8.965998142957687378e-02	4.418135806918144226e-02	-1.560614556074142456e-01	-1.016871035099029541e-01	-4.364097118377685547e-02	1.075243353843688965e-01	-4.478526413440704346e-01	3.474462926387786865e-01	-5.497267469763755798e-03	7.151154428720474243e-02
4.889378547668457031e-01	2.138514518737792969e-01	-1.376327425241470337e-01	-2.852172851562500000e-01	-6.826483458280563354e-02	6.509149074554443359e-01	5.085542052984237671e-02	-2.379178702831268311e-01	-5.560193061828613281e-01	3.051581382751464844e-01
1.517328172922134399e-01	-1.755260378122329712e-01	7.766497135162353516e-02	1.560901254415512085e-01	2.722606658935546875e-01	1.736623048782348633e-01	-2.026415616273880005e-01	9.954313188791275024e-02	4.333892837166786194e-02	1.059243008494377136e-01
-5.254468917846679688e-01	4.617166817188262939e-01	3.931751549243927002e-01	-2.553979456424713135e-01	3.998560607433319092e-01	-3.719706535339355469e-01	-6.230819225311279297e-01	-4.283774495124816895e-01	-4.127976298332214355e-01	3.385794907808303833e-02
1.979427039623260498e-01	-7.532567381858825684e-01	2.460301518440246582e-01	1.576144993305206299e-01	3.186194598674774170e-01	-9.927333593368530273e-01	-8.802593946456909180e-01	-7.281005382537841797e-01	-5.742529630661010742e-01	-9.496041536331176758e-01
-1.618894487619400024e-01	-8.224125951528549194e-02	-1.565253585577011108e-01	-3.370697051286697388e-02	5.691320449113845825e-02	2.107478678226470947e-01	-1.871596872806549072e-01	-1.996027864515781403e-02	-1.131848692893981934e-01	-2.023104727268218994e-01
-1.471506059169769287e-02	-3.789882957935333252e-01	1.031316742300987244e-01	5.027978420257568359e-01	-6.143407151103019714e-02	3.905117511749267578e-01	-4.545122087001800537e-01	-1.525674164295196533e-01	-2.052580565214157104e-01	-3.639487624168395996e-01
5.336753726005554199e-01	-3.335500955581665039e-01	-1.793219475075602531e-03	-1.570556163787841797e-01	-1.787161082029342651e-01	1.480130404233932495e-01	-2.674744129180908203e-01	2.218819111585617065e-01	3.828035593032836914e-01	-2.132242023944854736e-01
-5.653293058276176453e-02	-1.261239498853683472e-01	2.423096895217895508e-01	-9.337844327092170715e-03	1.809355467557907104e-01	4.332318529486656189e-02	-1.200071573257446289e-01	1.277615427970886230e-01	9.554280340671539307e-02	-4.929455742239952087e-02
-3.514281287789344788e-02	1.312146335840225220e-01	1.175691708922386169e-01	7.948169857263565063e-02	7.040323317050933838e-02	2.162225693464279175e-01	1.203329265117645264e-01	1.443007308989763260e-02	1.571123860776424408e-02	-2.670580707490444183e-02
-1.521658711135387421e-02	5.704975500702857971e-02	-1.231006067246198654e-02	1.013714671134948730e-01	8.095010370016098022e-02	1.303781867027282715e-01	-6.337767839431762695e-02	-1.088584214448928833e-01	9.656986594200134277e-02	-1.332952734082937241e-02
-5.222357511520385742e-01	5.088549256324768066e-01	-6.405819654464721680e-01	1.588055610656738281e+00	1.404583901166915894e-01	-4.774380624294281006e-01	-9.253858327865600586e-01	1.839148253202438354e-01	2.049406766891479492e+00	3.692221939563751221e-01
9.695560932159423828e-01	1.280903100967407227e+00	-2.248962223529815674e-01	-1.863607168197631836e-01	5.702007412910461426e-01	-2.249732762575149536e-01	-1.051974296569824219e+00	-1.280996650457382202e-01	4.595849215984344482e-01	-1.131733059883117676e+00
-3.002734780311584473e-01	6.730660200119018555e-01	-3.506145179271697998e-01	5.719587206840515137e-01	-3.221633136272430420e-01	3.278500139713287354e-01	2.188999205827713013e-02	1.104364469647407532e-01	4.480842351913452148e-01	-9.824747592210769653e-02
6.986519694328308105e-02	-1.898481845855712891e-01	2.875254154205322266e-01	-3.829975426197052002e-01	-5.152139663696289062e-01	-2.680268883705139160e-01	-3.340454995632171631e-01	-1.744709014892578125e-01	6.268069148063659668e-01	-6.827492117881774902e-01
1.887591779232025146e-01	-3.341244161128997803e-01	2.767016589641571045e-01	6.497777104377746582e-01	4.472304582595825195e-01	-6.763868331909179688e-01	5.296309590339660645e-01	-8.822606205940246582e-01	-2.278984040021896362e-01	8.059616684913635254e-01
-7.069979608058929443e-02	-1.973357051610946655e-01	-6.525844335556030273e-02	4.338983073830604553e-02	1.579360365867614746e-01	-5.173823982477188110e-02	-8.871461451053619385e-02	-3.536640480160713196e-02	1.354709863662719727e-01	5.050751380622386932e-03
1.398062556982040405e-01	-3.658386170864105225e-01	9.094754606485366821e-02	-8.834283798933029175e-02	1.798423975706100464e-01	-1.527948081493377686e-01	-1.786142289638519287e-01	1.601900011301040649e-01	-4.759536311030387878e-02	3.190343081951141357e-02
-1.024947687983512878e-01	-2.098997496068477631e-02	1.298847608268260956e-02	-1.994174532592296600e-02	9.157668054103851318e-02	1.415770947933197021e-01	-7.357539236545562744e-02	-2.159182541072368622e-02	-6.794892251491546631e-02	-6.019897013902664185e-02
9.387646317481994629e-01	4.904921054840087891e-01	-4.732455909252166748e-01	-4.081935882568359375e-01	-3.987977802753448486e-01	7.003600597381591797e-01	-6.883584856986999512e-01	-1.351968199014663696e-01	4.429459273815155029e-01	2.325316071510314941e-01
-3.932110592722892761e-02	-1.285195648670196533e-01	-1.096528246998786926e-01	4.746681451797485352e-02	-6.490164995193481445e-02	6.317280232906341553e-02	-9.421103447675704956e-02	-1.218053624033927917e-01	-3.543742373585700989e-02	-5.366981774568557739e-02
3.076360747218132019e-02	-1.653641760349273682e-01	4.744207113981246948e-02	3.262950778007507324e-01	2.474028021097183228e-01	1.877528876066207886e-01	-7.372001558542251587e-02	-2.069950699806213379e-01	-3.103556036949157715e-01	1.679998338222503662e-01
-1.082975387573242188e+00	-1.188819050788879395e+00	3.067732155323028564e-01	3.546748310327529907e-02	9.410914778709411621e-01	-7.045359015464782715e-01	-4.977574050426483154e-01	5.772392749786376953e-01	-2.139653712511062622e-01	7.295601963996887207e-01
-3.515696525573730469e-01	-7.835302352905273438e-01	-4.185637533664703369e-01	-4.517460986971855164e-02	-4.932650327682495117e-01	-9.029619097709655762e-01	1.509719640016555786e-01	7.954652309417724609e-01	-8.764179348945617676e-01	7.333557307720184326e-02
-3.222786486148834229e-01	-7.315667718648910522e-02	-2.710459567606449127e-02	4.241068288683891296e-02	8.372013270854949951e-02	-1.699992828071117401e-02	3.598255664110183716e-02	-1.335243880748748779e-01	-2.761920914053916931e-02	1.564367562532424927e-01
3.225609958171844482e-01	-5.897097587585449219e-01	-8.276877999305725098e-01	-6.402824074029922485e-02	2.742088139057159424e-01	7.068832516670227051e-01	-8.948289155960083008e-01	1.059542968869209290e-01	-5.867360234260559082e-01	1.502627972513437271e-02
6.737121343612670898e-01	1.902193017303943634e-02	1.171729683876037598e+00	-2.751238942146301270e-01	5.758916735649108887e-01	3.559571504592895508e-01	-9.458203911781311035e-01	8.206145763397216797e-01	9.070786833763122559e-01	-6.141980290412902832e-01
-2.620359957218170166e-01	-4.467153847217559814e-01	-2.128029912710189819e-01	-1.938513517379760742e-01	2.489139735698699951e-01	-2.291643247008323669e-02	1.416711416095495224e-02	-1.040479168295860291e-01	-1.590858548879623413e-01	-9.070170111954212189e-03
-2.732539772987365723e-01	-8.239039182662963867e-01	4.437170326709747314e-01	-3.515020608901977539e-01	6.860004067420959473e-01	-4.302568733692169189e-01	-1.771166473627090454e-01	4.757055640220642090e-01	1.525872796773910522e-01	1.307524368166923523e-02
8.349589109420776367e-01	3.117532730102539062e-01	-7.228427529335021973e-01	-1.007309198379516602e+00	1.971553117036819458e-01	2.827633023262023926e-01	8.918357491493225098e-01	-8.753316402435302734e-01	-3.286811709403991699e-01	1.782843023538589478e-01
-7.612323015928268433e-02	1.400948464870452881e-01	1.661606729030609131e-01	6.689277943223714828e-04	-4.491698741912841797e-02	2.021321505308151245e-01	-3.974012657999992371e-02	1.557524036616086960e-02	-1.280757784843444824e-02	1.102301198989152908e-02
1.717484593391418457e-01	-6.853156536817550659e-02	1.629198789596557617e-01	1.043125167489051819e-01	-5.906217545270919800e-02	-4.857154190540313721e-01	3.283623158931732178e-01	2.141072303056716919e-01	5.795424580574035645e-01	-3.438861668109893799e-01
-3.944751918315887451e-01	-1.229963824152946472e-01	-1.651355065405368805e-02	-5.877631306648254395e-01	-2.359073609113693237e-01	1.050912290811538696e-01	-5.238426849246025085e-03	1.038833782076835632e-01	-5.213990062475204468e-02	6.089027523994445801e-01
-2.999857962131500244e-01	-2.449084222316741943e-01	-7.879958748817443848e-01	2.283440344035625458e-02	-7.861769944429397583e-02	-4.021108150482177734e-01	-6.248934864997863770e-01	-8.601257801055908203e-01	8.801481872797012329e-02	3.630183935165405273e-01
1.284088823013007641e-03	4.529802873730659485e-02	1.691317558288574219e-02	-2.221207320690155029e-02	4.083266481757164001e-03	1.167190596461296082e-01	6.551764160394668579e-02	-4.529766365885734558e-02	-2.395260706543922424e-02	9.945712238550186157e-02
1.956992894411087036e-01	-2.752163410186767578e-01	-8.837100863456726074e-02	4.650721698999404907e-02	1.301550120115280151e-01	5.494117364287376404e-02	-1.452242583036422729e-01	-3.328094482421875000e-01	1.179288625717163086e-01	-6.662366539239883423e-02
4.059101641178131104e-01	4.240417778491973877e-01	7.779566049575805664e-01	-9.246600270271301270e-01	-6.817802786827087402e-02	9.393691420555114746e-01	-6.282667517662048340e-01	-9.194872975349426270e-01	-8.449053764343261719e-01	-2.131333202123641968e-01
-1.436141878366470337e-01	-4.742371141910552979e-01	-8.822818845510482788e-02	4.677891135215759277e-01	3.174355952069163322e-03	2.636811733245849609e-01	-1.536560058593750000e-01	-2.450679242610931396e-01	1.667200028896331787e-01	-9.723325073719024658e-02
-1.995843797922134399e-01	-3.304702639579772949e-01	3.803037852048873901e-02	-4.337191283702850342e-01	-1.956433802843093872e-01	-4.241879656910896301e-02	-3.914217948913574219e-01	4.948671162128448486e-02	2.131725996732711792e-01	-4.150997698307037354e-01
6.514258384704589844e-01	-3.477511703968048096e-01	3.075546622276306152e-01	-1.972372531890869141e-01	2.030048221349716187e-01	3.859558701515197754e-01	4.856130182743072510e-01	-3.955505192279815674e-01	6.386053562164306641e-01	-1.292574703693389893e-01
1.948843896389007568e-01	-3.831210136413574219e-01	-4.637063443660736084e-01	-5.906534790992736816e-01	2.608554363250732422e-01	-1.653604954481124878e-01	2.778391540050506592e-01	-4.155498147010803223e-01	4.762855470180511475e-01	2.260338217020034790e-01
-2.858101427555084229e-01	-6.298916339874267578e-01	-5.747031569480895996e-01	5.157167911529541016e-01	1.675117760896682739e-01	-4.551256299018859863e-01	7.565168738365173340e-01	1.944801062345504761e-01	5.983151197433471680e-01	6.899364292621612549e-02
-2.971554100513458252e-01	3.688914775848388672e-01	-6.911579370498657227e-01	9.286388754844665527e-03	2.599131464958190918e-01	4.687843918800354004e-01	3.194087445735931396e-01	-8.905253559350967407e-02	-5.060491561889648438e-01	5.451788902282714844e-01
-8.766558952629566193e-03	7.810400798916816711e-03	-1.377577483654022217e-01	1.741809695959091187e-01	3.277320414781570435e-02	1.213536933064460754e-01	6.804544245824217796e-04	-1.242211237549781799e-01	5.703913420438766479e-02	1.453626807779073715e-02
2.940295934677124023e-01	1.740964502096176147e-01	-2.726995646953582764e-01	-3.200839161872863770e-01	-1.507472991943359375e-01	-1.246008351445198059e-01	1.356624960899353027e-01	-7.496078312397003174e-02	1.544334739446640015e-01	4.928982257843017578e-02
4.188989847898483276e-02	-2.677695155143737793e-01	-4.626877903938293457e-01	-2.260748744010925293e-01	3.318896889686584473e-01	1.882659494876861572e-01	-1.932858526706695557e-01	-3.725719451904296875e-01	-9.138289093971252441e-02	4.506716877222061157e-02
-1.103922277688980103e-01	-1.161765307188034058e-01	-4.433998093008995056e-02	1.145759373903274536e-01	6.142020598053932190e-02	1.235520839691162109e-01	-3.882924467325210571e-02	-1.216811239719390869e-01	2.681984752416610718e-02	-3.392726182937622070e-02
7.996784448623657227e-01	1.104571670293807983e-01	-6.661759018898010254e-01	-3.210635185241699219e-01	7.094395160675048828e-01	1.030934214591979980e+00	7.701174914836883545e-02	-6.658624410629272461e-01	-3.381315469741821289e-01	-6.845518201589584351e-02
1.199599802494049072e-01	1.724126338958740234e-01	-7.881757616996765137e-02	-1.596532016992568970e-02	1.357913166284561157e-01	1.070847213268280029e-01	1.092893071472644806e-02	-5.299450363963842392e-03	4.179318621754646301e-02	6.472958624362945557e-02
2.150768972933292389e-02	-2.602449357509613037e-01	-2.208450138568878174e-01	1.625232994556427002e-01	2.787568978965282440e-02	6.645607948303222656e-02	4.976293072104454041e-03	-2.689265012741088867e-01	-8.202446997165679932e-02	2.416829168796539307e-01
9.294546209275722504e-03	6.268124096095561981e-03	-7.369494438171386719e-02	4.419529810547828674e-02	1.186107620596885681e-01	1.224363297224044800e-01	1.159146577119827271e-01	-9.305245429277420044e-02	-1.169680133461952209e-01	9.667450562119483948e-03
