2.603891491889953613e-01	-2.629857361316680908e-01	3.843028470873832703e-02	-5.407658591866493225e-02	-2.617430686950683594e-01	-5.568465590476989746e-01	-5.537539720535278320e-01	3.599404394626617432e-01	-2.055484503507614136e-01	3.995674476027488708e-02
1.245777755975723267e-01	2.587249577045440674e-01	2.857016026973724365e-01	-2.235567867755889893e-01	-1.091897636651992798e-01	-3.348849713802337646e-01	-5.843030810356140137e-01	-4.741517007350921631e-01	-3.067378401756286621e-01	3.937384113669395447e-02
3.784839212894439697e-01	1.985645592212677002e-01	-1.582601666450500488e-02	-1.456863135099411011e-01	-4.978710711002349854e-01	-3.119541406631469727e-01	-6.501398682594299316e-01	-1.523701399564743042e-01	-6.885129958391189575e-02	-4.137720447033643723e-03
4.488725364208221436e-01	3.513931632041931152e-01	3.495434224605560303e-01	-4.276455044746398926e-01	-3.822069466114044189e-01	-2.378059178590774536e-01	8.791363984346389771e-02	-1.660957038402557373e-01	3.617007136344909668e-01	3.460021689534187317e-02
6.993309855461120605e-01	1.023138612508773804e-01	5.614907741546630859e-01	-1.246580407023429871e-01	-2.932491004467010498e-01	-1.722616404294967651e-01	-9.561394155025482178e-02	-9.189977496862411499e-02	-1.629679352045059204e-01	9.920355677604675293e-02
-3.954575955867767334e-01	-4.923861026763916016e-01	1.924404501914978027e-01	-7.488434668630361557e-03	2.127415835857391357e-01	9.215588867664337158e-02	-5.097939372062683105e-01	-1.670692116022109985e-01	-4.309193193912506104e-01	1.919235140085220337e-01
3.287353813648223877e-01	-4.668623805046081543e-01	4.026173949241638184e-01	4.899282753467559814e-02	3.276939392089843750e-01	-3.243974447250366211e-01	-7.267571985721588135e-02	4.824893772602081299e-01	1.615609675645828247e-01	-1.807615011930465698e-01
3.730049431324005127e-01	4.132879972457885742e-01	1.243756040930747986e-01	-2.407501041889190674e-01	1.489736139774322510e-01	-4.475675821304321289e-01	1.143005341291427612e-01	3.368542194366455078e-01	-3.792352974414825439e-01	3.518034219741821289e-01
-1.909490674734115601e-01	3.795034810900688171e-02	-5.297344326972961426e-01	-1.548304557800292969e-01	5.356645211577415466e-02	-4.960175156593322754e-01	-2.238267511129379272e-01	1.584617421030998230e-02	-5.650160312652587891e-01	-1.975141018629074097e-01
3.192169666290283203e-01	-3.660008013248443604e-01	-1.099962219595909119e-01	1.036312356591224670e-01	4.669890403747558594e-01	-8.734325319528579712e-02	-1.298515200614929199e-01	8.749236166477203369e-02	-6.763482689857482910e-01	1.833966374397277832e-01
-2.022716999053955078e-01	-1.904991269111633301e-01	1.779970675706863403e-01	1.503518130630254745e-02	6.802608966827392578e-01	-2.344161421060562134e-01	5.420782566070556641e-01	2.720336616039276123e-01	-1.187699474394321442e-02	-7.203507423400878906e-02
2.311809659004211426e-01	-6.870112568140029907e-02	1.193328946828842163e-01	-6.413090825080871582e-01	-3.243537992238998413e-02	-1.258527338504791260e-01	-6.128957271575927734e-01	3.349367082118988037e-01	2.589984610676765442e-02	-1.045575067400932312e-01
-7.478794455528259277e-02	2.951790690422058105e-01	1.516062021255493164e-01	-4.457788467407226562e-01	-2.313920706510543823e-01	-5.831981897354125977e-01	1.346261054277420044e-01	-5.209298133850097656e-01	8.257853798568248749e-03	4.847922548651695251e-02
-5.775121040642261505e-03	1.954501420259475708e-01	-1.115887910127639771e-01	-4.678513407707214355e-01	-1.563875079154968262e-01	-4.244047403335571289e-01	3.116482309997081757e-02	-5.315417051315307617e-01	-2.469583004713058472e-01	4.258593618869781494e-01
2.160151302814483643e-02	4.530884325504302979e-01	6.545082479715347290e-02	-1.553879678249359131e-01	-6.452715992927551270e-01	-3.108077049255371094e-01	-4.414443671703338623e-01	-1.533419489860534668e-01	8.570753037929534912e-02	-1.646375805139541626e-01
3.807597160339355469e-01	2.976367473602294922e-01	1.222655102610588074e-01	-1.135002598166465759e-01	-6.201109290122985840e-01	-5.285807847976684570e-01	-2.218945026397705078e-01	-6.112251058220863342e-02	1.471838057041168213e-01	5.631174892187118530e-03
4.412843585014343262e-01	1.965032070875167847e-01	3.087492883205413818e-01	-3.815763592720031738e-01	-5.597823262214660645e-01	-3.880725204944610596e-01	8.291088789701461792e-02	6.658945232629776001e-02	-2.408589981496334076e-02	-2.233442813158035278e-01
-5.424367263913154602e-02	5.298751592636108398e-01	-2.114447504281997681e-01	-3.505294024944305420e-01	8.106733858585357666e-02	-6.720335036516189575e-02	1.404936909675598145e-01	2.496799826622009277e-01	3.393602669239044189e-01	-5.834192037582397461e-01
4.208002984523773193e-01	-1.741272658109664917e-01	-5.130621790885925293e-01	-4.336005449295043945e-01	-1.392252445220947266e-01	5.497663840651512146e-02	-1.303499788045883179e-01	3.678294718265533447e-01	3.590984642505645752e-01	-1.942086964845657349e-01
5.582148432731628418e-01	4.890886321663856506e-02	-3.401063084602355957e-01	1.901143491268157959e-01	1.578114032745361328e-01	-4.791155084967613220e-02	3.308399319648742676e-01	2.558265924453735352e-01	-4.539119005203247070e-01	-3.550355434417724609e-01
-1.955196112394332886e-01	-2.154831588268280029e-01	-2.100185304880142212e-01	1.924923807382583618e-01	4.456551969051361084e-01	-1.425313949584960938e-01	-6.444633603096008301e-01	4.236345589160919189e-01	1.025402247905731201e-01	9.970112144947052002e-02
1.480533033609390259e-01	-2.434181869029998779e-01	-1.486459672451019287e-01	-4.826266169548034668e-01	-4.277112483978271484e-01	3.202252089977264404e-01	-5.494392514228820801e-01	2.179907113313674927e-01	-1.700494438409805298e-01	-1.551770488731563091e-03
-7.561879605054855347e-02	1.094025149941444397e-01	3.236326575279235840e-02	-3.423364758491516113e-01	-4.425015747547149658e-01	2.973603606224060059e-01	-6.898314952850341797e-01	7.608161866664886475e-02	-1.944708675146102905e-01	2.456940114498138428e-01
2.208979614078998566e-02	1.761878877878189087e-01	-1.486785411834716797e-01	-3.708060085773468018e-01	-3.967029750347137451e-01	-3.173565864562988281e-01	-1.349466443061828613e-01	-6.791478991508483887e-01	-2.501426041126251221e-01	-9.356864541769027710e-02
1.135251447558403015e-01	-1.794521510601043701e-01	2.350504845380783081e-01	-2.515693306922912598e-01	-4.155232757329940796e-02	-1.627791225910186768e-01	-7.182276248931884766e-01	-3.842262029647827148e-01	-3.396500647068023682e-01	1.711916923522949219e-01
-2.840270698070526123e-01	-7.093781139701604843e-03	4.392966926097869873e-01	-3.514808416366577148e-01	-2.691479027271270752e-01	3.313901126384735107e-01	-2.570576071739196777e-01	-2.104807198047637939e-01	-3.535780310630798340e-01	4.302320778369903564e-01
-2.753605544567108154e-01	3.937964439392089844e-01	9.621355682611465454e-02	-4.707222580909729004e-01	-3.655104637145996094e-01	-2.068290859460830688e-01	3.509690165519714355e-01	-4.599606096744537354e-01	3.773519129026681185e-04	1.647574007511138916e-01
8.770601451396942139e-02	-1.234033852815628052e-01	3.773779869079589844e-01	1.210639253258705139e-01	-4.213350117206573486e-01	-6.301783919334411621e-01	-2.434109896421432495e-01	2.792798876762390137e-01	9.458369016647338867e-02	-3.149100542068481445e-01
-1.823427379131317139e-01	1.977395266294479370e-01	-3.033365011215209961e-01	-7.540230453014373779e-02	-6.862236857414245605e-01	1.329047530889511108e-01	-4.187169075012207031e-01	-3.491365015506744385e-01	1.949418932199478149e-01	-7.850182056427001953e-02
-2.038056999444961548e-01	2.621877789497375488e-01	-5.302680134773254395e-01	-1.606172919273376465e-01	-5.951730608940124512e-01	2.349726110696792603e-01	-8.777848631143569946e-02	-3.113090693950653076e-01	-2.617647945880889893e-01	1.250403467565774918e-02
5.665804147720336914e-01	-3.392785415053367615e-02	3.228456974029541016e-01	4.040367305278778076e-01	-1.452086716890335083e-01	-4.836902320384979248e-01	-3.260783553123474121e-01	-1.773109585046768188e-01	1.324275285005569458e-01	3.924173302948474884e-03
3.847324848175048828e-01	4.954955279827117920e-01	-1.599944531917572021e-01	6.534687429666519165e-02	1.699584163725376129e-02	1.641107499599456787e-01	4.796375632286071777e-01	3.680257797241210938e-01	4.264355301856994629e-01	-4.508868604898452759e-02
3.144702613353729248e-01	5.232744216918945312e-01	1.983757764101028442e-01	-2.935774857178330421e-03	-4.439165294170379639e-01	-3.625423312187194824e-01	4.039906337857246399e-02	-4.271802902221679688e-01	2.415269166231155396e-01	1.303126811981201172e-01
5.535321831703186035e-01	3.972899285145103931e-04	-7.054641842842102051e-02	1.868533939123153687e-01	2.807271778583526611e-01	-8.892497420310974121e-02	-3.335968255996704102e-01	1.893979460000991821e-01	4.293440282344818115e-01	-4.852842390537261963e-01
6.367684602737426758e-01	5.056001543998718262e-01	1.780376434326171875e-01	4.437945485115051270e-01	-2.005746811628341675e-01	-6.777895241975784302e-02	-1.775422990322113037e-01	-3.426715359091758728e-02	8.630819618701934814e-02	1.589799225330352783e-01
7.024416327476501465e-01	8.571077138185501099e-03	3.369005918502807617e-01	4.428219497203826904e-01	-5.751306936144828796e-02	4.273483902215957642e-02	-2.880140542984008789e-01	-5.831249058246612549e-02	4.664949700236320496e-02	3.213196694850921631e-01
1.817361414432525635e-01	-5.521194338798522949e-01	2.882123887538909912e-01	-2.153188586235046387e-01	-3.708076179027557373e-01	1.589873880147933960e-01	3.199765086174011230e-01	3.184361010789871216e-02	1.756605058908462524e-01	-4.854654669761657715e-01
1.875523030757904053e-01	-3.181480467319488525e-01	-3.050879538059234619e-01	-2.371739149093627930e-01	-2.925706207752227783e-01	3.913282752037048340e-01	-5.706290900707244873e-02	2.183643430471420288e-01	2.758393883705139160e-01	-5.903506875038146973e-01
-1.577344536781311035e-01	2.374277412891387939e-01	-4.873726367950439453e-01	-1.611328721046447754e-01	1.661512851715087891e-01	-1.830683946609497070e-01	-3.205883800983428955e-01	6.407334208488464355e-01	1.984676718711853027e-02	-2.835868895053863525e-01
-1.755395829677581787e-01	-6.704627871513366699e-01	2.426772862672805786e-01	-1.591310650110244751e-01	-6.899950653314590454e-02	-2.472483068704605103e-01	1.055753901600837708e-01	-4.832165241241455078e-01	3.515968322753906250e-01	3.596133366227149963e-02
-2.480033636093139648e-01	6.108282208442687988e-01	-4.670777320861816406e-01	-2.072195410728454590e-01	9.555284678936004639e-02	-5.613914877176284790e-02	3.151324987411499023e-01	2.356058955192565918e-01	-3.634900748729705811e-01	7.110628485679626465e-02
1.085950508713722229e-01	1.995986402034759521e-01	2.950428724288940430e-01	-4.236135482788085938e-01	-3.871862292289733887e-01	-3.191479444503784180e-01	9.053823351860046387e-02	-3.645437359809875488e-01	-1.422299593687057495e-01	5.184413194656372070e-01
3.570207953453063965e-01	-5.734519958496093750e-01	8.772614598274230957e-02	3.319353163242340088e-01	2.067662328481674194e-01	-3.398337662220001221e-01	-3.506536781787872314e-02	4.220643043518066406e-01	2.020367421209812164e-02	-2.963051795959472656e-01
-2.374146729707717896e-01	2.753117084503173828e-01	1.779205203056335449e-01	-5.848441123962402344e-01	-3.126195073127746582e-01	-3.610388934612274170e-01	-2.122142016887664795e-01	-4.236091077327728271e-01	-1.973572522401809692e-01	5.128215253353118896e-02
-3.657620549201965332e-01	3.643351495265960693e-01	-6.941977422684431076e-03	-3.352898657321929932e-01	-4.739657342433929443e-01	-2.602294385433197021e-01	-4.113593697547912598e-01	-2.130692452192306519e-01	-3.360550105571746826e-01	3.316094353795051575e-02
-6.314598023891448975e-02	2.723006606101989746e-01	-4.022363424301147461e-01	2.949488759040832520e-01	-4.572655558586120605e-01	-3.889235556125640869e-01	-2.008441090583801270e-01	-4.931238666176795959e-02	-4.850409030914306641e-01	-1.862468719482421875e-01
-4.463102668523788452e-02	1.587057858705520630e-01	1.554472148418426514e-01	3.725915774703025818e-02	-7.703919410705566406e-01	-2.120586037635803223e-01	-4.237673878669738770e-01	9.770715981721878052e-02	-2.427602708339691162e-01	-2.464504987001419067e-01
9.510379284620285034e-02	3.906394541263580322e-01	3.983332216739654541e-01	-3.020322322845458984e-01	-4.056603014469146729e-01	3.976296484470367432e-01	-8.841605484485626221e-02	4.120912849903106689e-01	1.027885526418685913e-01	2.785524427890777588e-01
5.777689814567565918e-01	-3.291800990700721741e-02	5.885839462280273438e-01	6.592515110969543457e-02	-2.149142473936080933e-01	-1.014161854982376099e-01	1.850648671388626099e-01	3.268676400184631348e-01	3.399775028228759766e-01	3.424249589443206787e-02
1.735936105251312256e-01	5.058340430259704590e-01	8.983938954770565033e-03	5.341307520866394043e-01	-1.220614910125732422e-01	3.359314501285552979e-01	-2.685563266277313232e-01	-4.159339964389801025e-01	8.675450831651687622e-02	-2.195948809385299683e-01
2.490402311086654663e-01	4.480538964271545410e-01	-1.400261372327804565e-01	1.569227874279022217e-01	1.692992299795150757e-01	-3.783058822154998779e-01	2.641707658767700195e-01	-6.672506928443908691e-01	6.246753036975860596e-02	-4.801193997263908386e-02
5.404379963874816895e-01	2.626045644283294678e-01	3.126922845840454102e-01	-2.165588140487670898e-01	4.036842882633209229e-01	-9.799526631832122803e-02	-1.299508512020111084e-01	-1.169095113873481750e-01	1.396476626396179199e-01	-5.212204456329345703e-01
4.580150246620178223e-01	4.342472255229949951e-01	5.998129844665527344e-01	-6.360117346048355103e-02	1.159395277500152588e-01	3.006490878760814667e-02	4.989005625247955322e-02	-3.890747576951980591e-02	1.324784457683563232e-01	-4.493679106235504150e-01
3.217372596263885498e-01	-4.068392813205718994e-01	-8.940692245960235596e-02	-4.562069475650787354e-01	-3.990997374057769775e-01	1.516577154397964478e-01	1.461160033941268921e-01	1.067058816552162170e-01	2.483619302511215210e-01	-4.880044162273406982e-01
1.673691570758819580e-01	-1.541417688131332397e-01	3.111052215099334717e-01	1.535807456821203232e-02	-3.202531933784484863e-01	6.285730600357055664e-01	3.592995703220367432e-01	4.775209352374076843e-03	4.670981466770172119e-01	-7.899173349142074585e-02
1.259504258632659912e-01	1.785865873098373413e-01	2.366528213024139404e-01	4.136938452720642090e-01	-1.101574897766113281e-01	5.521152615547180176e-01	2.500827610492706299e-02	2.051417231559753418e-01	4.097086489200592041e-01	4.444778859615325928e-01
6.928761303424835205e-02	-6.487653851509094238e-01	1.849410235881805420e-01	-2.940909266471862793e-01	-2.519019246101379395e-01	1.388979852199554443e-01	3.437131345272064209e-01	-1.827075332403182983e-01	4.291763901710510254e-01	-1.874825507402420044e-01
1.133961379528045654e-01	1.045902818441390991e-01	-1.470275074243545532e-01	-1.657609045505523682e-01	-1.954634487628936768e-01	5.651017427444458008e-01	-4.402872323989868164e-01	5.848343372344970703e-01	-1.834963560104370117e-01	2.734548412263393402e-03
3.628768324851989746e-01	-3.165106475353240967e-01	5.206757783889770508e-01	3.030208051204681396e-01	-3.071613609790802002e-01	-8.133661001920700073e-02	-8.046796172857284546e-02	4.923349916934967041e-01	-4.279267042875289917e-02	-2.314143329858779907e-01
-2.128691077232360840e-01	2.483669519424438477e-01	-1.406937390565872192e-01	-3.839856982231140137e-01	2.940546274185180664e-01	-4.162614941596984863e-01	-2.395436912775039673e-01	6.343018412590026855e-01	1.004810445010662079e-02	-7.872835546731948853e-02
-1.016927435994148254e-01	-7.400097697973251343e-02	3.796437978744506836e-01	-2.879810631275177002e-01	-7.719310522079467773e-01	4.637642577290534973e-02	-1.787405312061309814e-01	2.115529477596282959e-01	-2.828173637390136719e-01	-4.902272298932075500e-02
1.009059026837348938e-01	-2.916711568832397461e-01	6.269779801368713379e-01	-4.140550196170806885e-01	-4.700440466403961182e-01	1.922322958707809448e-01	-2.603063285350799561e-01	5.641931295394897461e-02	-7.038824260234832764e-02	-8.007045835256576538e-02
6.734629720449447632e-02	-3.934582173824310303e-01	6.455375254154205322e-02	1.761222034692764282e-01	-8.236894607543945312e-01	-4.161966498941183090e-03	8.936031907796859741e-02	1.571048796176910400e-01	-1.097831949591636658e-01	-2.868237197399139404e-01
-3.122476339340209961e-01	-4.891800507903099060e-02	9.487501531839370728e-02	1.837451606988906860e-01	-6.686044335365295410e-01	-1.045339256525039673e-01	-5.252424478530883789e-01	1.703379452228546143e-01	-8.391812443733215332e-03	-3.072793483734130859e-01
-9.925574064254760742e-02	-6.843233853578567505e-02	-3.216033577919006348e-01	2.332890331745147705e-01	-5.313102006912231445e-01	-5.302863121032714844e-01	-2.405316382646560669e-01	-4.512747526168823242e-01	-4.732001200318336487e-02	1.936897821724414825e-02
6.710333228111267090e-01	1.333891600370407104e-01	-2.644315659999847412e-01	-4.232808714732527733e-04	2.408415637910366058e-02	-7.433154433965682983e-02	2.313474416732788086e-01	-4.799469113349914551e-01	2.068233340978622437e-01	-3.595074117183685303e-01
4.730663597583770752e-01	-3.562175333499908447e-01	5.558251403272151947e-03	3.375760614871978760e-01	2.749832570552825928e-01	4.369777813553810120e-02	-1.795144081115722656e-01	1.674260795116424561e-01	4.364755153656005859e-01	-4.550117552280426025e-01
2.830398678779602051e-01	-2.830310165882110596e-01	-1.832196116447448730e-01	2.830483913421630859e-01	-1.591370254755020142e-01	4.972952604293823242e-02	-2.566616535186767578e-01	-3.526361882686614990e-01	3.292263150215148926e-01	-6.322034001350402832e-01
2.454867959022521973e-01	4.052982032299041748e-01	2.941280901432037354e-01	3.358542919158935547e-01	3.756712079048156738e-01	-2.554520964622497559e-01	4.637514241039752960e-03	-2.867378890514373779e-01	1.538234353065490723e-01	-5.136862397193908691e-01
7.557436823844909668e-02	5.608440637588500977e-01	-3.451215568929910660e-03	5.300325155258178711e-01	3.345274031162261963e-01	3.633277118206024170e-01	-1.668202877044677734e-01	-2.690432071685791016e-01	1.998608559370040894e-02	-2.329544723033905029e-01
1.516571640968322754e-02	5.441272854804992676e-01	-1.087848842144012451e-01	4.289484620094299316e-01	2.676272988319396973e-01	3.396230340003967285e-01	-3.833712637424468994e-01	-2.254950255155563354e-01	-5.127438157796859741e-02	-3.470529019832611084e-01
5.130041018128395081e-02	3.829656243324279785e-01	-1.644288301467895508e-01	1.643978245556354523e-02	1.835968643426895142e-01	2.554427385330200195e-01	4.786758720874786377e-01	6.882715225219726562e-01	1.213411986827850342e-01	8.287107199430465698e-02
2.525882124900817871e-01	-3.290641903877258301e-01	2.520257234573364258e-01	-3.575889766216278076e-01	-1.677523702383041382e-01	5.895823836326599121e-01	1.836842298507690430e-01	4.216491244733333588e-03	2.033058404922485352e-01	-4.309175312519073486e-01
1.602982431650161743e-01	-5.656929612159729004e-01	-2.585149109363555908e-01	-5.691823363304138184e-01	-1.822676509618759155e-01	-3.816299512982368469e-02	-4.695937409996986389e-02	2.613162435591220856e-02	-6.892904639244079590e-02	-4.702980816364288330e-01
8.695781975984573364e-02	1.220522820949554443e-01	1.454860903322696686e-02	-3.139274120330810547e-01	1.311863213777542114e-02	3.037795722484588623e-01	4.962697327136993408e-01	6.397526711225509644e-02	5.984978675842285156e-01	-4.216030836105346680e-01
4.121141731739044189e-01	-3.135362267494201660e-01	6.688920259475708008e-01	1.160836219787597656e-01	8.108141832053661346e-03	-7.045200467109680176e-02	6.107851117849349976e-02	-1.059613451361656189e-01	2.778212726116180420e-01	4.168845713138580322e-01
-3.468738868832588196e-02	-3.265681862831115723e-01	3.041672706604003906e-01	-4.979886710643768311e-01	-2.715923190116882324e-01	2.142069786787033081e-01	-6.173244714736938477e-01	2.845951821655035019e-03	-1.629390269517898560e-01	1.560311764478683472e-01
3.493025004863739014e-01	3.688359558582305908e-01	5.053136944770812988e-01	-3.505774307996034622e-03	2.709594666957855225e-01	1.832041591405868530e-01	-2.150895744562149048e-01	3.577141761779785156e-01	1.828804463148117065e-01	4.146595895290374756e-01
3.454540371894836426e-01	1.312433928251266479e-01	1.768097877502441406e-01	8.756735920906066895e-02	1.505362987518310547e-01	-5.024034976959228516e-01	-4.698213934898376465e-02	-1.113214194774627686e-01	-5.767289400100708008e-01	-4.496892988681793213e-01
-1.126687377691268921e-01	2.285643815994262695e-01	-7.827860713005065918e-01	3.657877743244171143e-01	-1.682557016611099243e-01	8.104836568236351013e-03	6.037478893995285034e-02	-1.694520562887191772e-01	-2.431817650794982910e-01	-2.619867920875549316e-01
-1.987412720918655396e-01	-2.261121422052383423e-01	-9.486526250839233398e-03	3.353753685951232910e-01	-7.716892361640930176e-01	-3.858638703823089600e-01	2.876059152185916901e-02	1.639712229371070862e-02	-7.352810353040695190e-03	-2.264136075973510742e-01
1.899477094411849976e-01	7.523022592067718506e-02	-4.831170141696929932e-01	7.990897446870803833e-02	-2.722632512450218201e-02	-6.155576109886169434e-01	1.101189255714416504e-01	-5.049232840538024902e-01	1.650573909282684326e-01	2.109568119049072266e-01
-2.981289625167846680e-01	6.910634785890579224e-02	6.998614668846130371e-01	1.109775304794311523e-01	4.922377318143844604e-02	-2.364489287137985229e-01	-3.462357679381966591e-03	-1.606128811836242676e-01	5.654770731925964355e-01	-1.781889423727989197e-02
2.208914160728454590e-01	-1.904062628746032715e-01	1.858789771795272827e-01	3.728870749473571777e-01	-1.003512740135192871e-01	-5.497560501098632812e-01	-5.136311799287796021e-02	-5.562288761138916016e-01	2.891630530357360840e-01	-1.827859729528427124e-01
-1.152473390102386475e-01	1.967423595488071442e-02	4.728518724441528320e-01	-6.798464059829711914e-01	-2.037645429372787476e-01	1.358425766229629517e-01	2.188422679901123047e-01	-3.526309430599212646e-01	-9.890045970678329468e-03	2.612264156341552734e-01
-4.128858447074890137e-01	4.136714618653059006e-03	2.968508899211883545e-01	-3.502945303916931152e-01	3.998128175735473633e-01	-3.287347555160522461e-01	-3.933439552783966064e-01	9.870611876249313354e-02	-2.219362109899520874e-01	3.701981008052825928e-01
-3.710533082485198975e-01	1.943531334400177002e-01	6.062750890851020813e-02	1.810643523931503296e-01	3.129301369190216064e-01	-3.543730974197387695e-01	1.270008087158203125e-01	-3.154466450214385986e-01	-4.871437326073646545e-02	-6.682603955268859863e-01
-1.218039020895957947e-01	2.359209656715393066e-01	1.696338206529617310e-01	3.861928582191467285e-01	2.323317229747772217e-01	-6.246512532234191895e-01	5.410395562648773193e-02	-4.432213008403778076e-01	1.979831010103225708e-01	-2.623884081840515137e-01
4.989052116870880127e-01	-4.285454750061035156e-01	4.768953621387481689e-01	3.871395289897918701e-01	1.265276968479156494e-01	3.339102026075124741e-03	-1.166774407029151917e-01	1.599316149950027466e-01	-1.010872349143028259e-01	-3.531363308429718018e-01
1.761704981327056885e-01	-1.164103820919990540e-01	-1.570769958198070526e-02	3.860983550548553467e-01	2.702992856502532959e-01	7.612602412700653076e-02	7.925081253051757812e-02	-4.968197941780090332e-01	-3.386687114834785461e-02	-6.877349615097045898e-01
-1.475215051323175430e-02	2.190924286842346191e-01	4.151920676231384277e-01	1.043496280908584595e-01	4.854475855827331543e-01	-3.164679110050201416e-01	3.473477065563201904e-01	-8.093807101249694824e-02	-2.273171246051788330e-01	-5.038072466850280762e-01
4.720751345157623291e-01	1.712446063756942749e-01	2.172428220510482788e-01	8.010888844728469849e-02	-1.965168863534927368e-01	-3.549055159091949463e-01	-3.528637886047363281e-01	-2.035715850070118904e-03	4.174679219722747803e-01	4.804532527923583984e-01
6.662754341959953308e-03	4.216453731060028076e-01	-1.323307901620864868e-01	1.146679073572158813e-01	3.774659335613250732e-01	1.593244820833206177e-01	-3.346718847751617432e-01	5.642033219337463379e-01	-2.609802186489105225e-01	-3.538422882556915283e-01
2.273897379636764526e-01	3.326131403446197510e-01	1.687101721763610840e-01	4.631724655628204346e-01	-4.935016334056854248e-01	4.773118495941162109e-01	1.374292671680450439e-01	-7.536987960338592529e-02	3.028563559055328369e-01	8.372960239648818970e-02
-4.258248805999755859e-01	-1.447353363037109375e-01	-9.276565164327621460e-02	-3.896152973175048828e-01	3.551081120967864990e-01	3.138513565063476562e-01	3.355339169502258301e-01	-2.488567084074020386e-01	4.220761954784393311e-01	-2.450587898492813110e-01
3.572869896888732910e-01	1.891286671161651611e-01	3.514429032802581787e-01	-1.755971461534500122e-01	4.718343019485473633e-01	5.025411844253540039e-01	3.104534745216369629e-01	2.641061544418334961e-01	-2.022046893835067749e-01	-5.851972382515668869e-03
2.474463582038879395e-01	3.651523888111114502e-01	-4.330697357654571533e-01	-2.296954840421676636e-01	2.269977927207946777e-01	-2.096098065376281738e-01	-2.722393870353698730e-01	-8.135543763637542725e-02	-3.985263109207153320e-01	-4.796915948390960693e-01
-3.955514132976531982e-01	4.058756828308105469e-01	-1.096347570419311523e-01	-1.211092472076416016e-01	4.052444696426391602e-01	-2.836484313011169434e-01	5.090472102165222168e-01	-3.466087207198143005e-02	2.298610098659992218e-02	-3.828557133674621582e-01
-2.244388759136199951e-01	5.213520526885986328e-01	1.065201461315155029e-01	4.807794988155364990e-01	1.941651999950408936e-01	2.809449434280395508e-01	2.643436491489410400e-01	2.737762629985809326e-01	-5.963415838778018951e-03	4.169257283210754395e-01
1.524109095335006714e-01	-1.966530233621597290e-01	-4.075789153575897217e-01	-5.644386634230613708e-02	-4.987758100032806396e-01	-5.784979090094566345e-02	-2.427413165569305420e-01	-2.225637286901473999e-01	-4.614573121070861816e-01	4.418905973434448242e-01
-5.545251965522766113e-01	1.164703667163848877e-01	-3.538007140159606934e-01	-1.939515322446823120e-01	1.080804243683815002e-01	3.867366909980773926e-01	2.224792391061782837e-01	-4.077199697494506836e-01	3.442663550376892090e-01	-1.436859518289566040e-01
-1.113591715693473816e-02	-6.436691880226135254e-01	2.841210663318634033e-01	1.830593794584274292e-01	-2.382338941097259521e-01	1.914277970790863037e-01	-1.092686434276401997e-03	9.194795973598957062e-03	4.443385601043701172e-01	-4.247447252273559570e-01
3.393665850162506104e-01	-1.429107487201690674e-01	5.174381732940673828e-01	1.071683987975120544e-01	9.360649622976779938e-03	-4.448735415935516357e-01	3.574921488761901855e-01	-4.936514794826507568e-01	1.073605418205261230e-01	-6.450371444225311279e-02
-3.267074227333068848e-01	-8.959946036338806152e-02	2.262433916330337524e-01	4.555284678936004639e-01	2.344865053892135620e-01	1.089813709259033203e-01	1.967960000038146973e-01	-2.243291437625885010e-01	8.815734833478927612e-02	-6.803360581398010254e-01
1.079374179244041443e-01	-3.505945205688476562e-01	3.452964127063751221e-01	3.427682816982269287e-01	4.208961725234985352e-01	-4.901682436466217041e-01	3.196149170398712158e-01	-1.020352020859718323e-01	-3.140247464179992676e-01	-1.088716648519039154e-02
-1.371193081140518188e-01	-9.304527193307876587e-02	2.733694016933441162e-01	3.582162857055664062e-01	3.431847691535949707e-01	-1.729559451341629028e-01	1.394149474799633026e-02	-1.921423971652984619e-01	-2.392548769712448120e-01	-7.262545228004455566e-01
-2.483329176902770996e-01	-2.772266864776611328e-01	1.991955786943435669e-01	2.454988062381744385e-01	3.816664218902587891e-01	-1.719459444284439087e-01	1.879962086677551270e-01	7.492034137248992920e-02	-2.792603969573974609e-01	-6.836305260658264160e-01
-3.010530173778533936e-01	-4.519569873809814453e-02	1.436233818531036377e-01	2.522975206375122070e-01	4.542582333087921143e-01	-1.492293775081634521e-01	7.199158519506454468e-02	-1.987032145261764526e-01	-5.482004582881927490e-02	-7.394266724586486816e-01
-4.165247380733489990e-01	4.146651327610015869e-01	-2.087304890155792236e-01	-4.564493894577026367e-01	1.375997662544250488e-01	1.685451120138168335e-01	-1.224496960639953613e-01	-4.994207620620727539e-02	-5.410605669021606445e-01	-2.122963219881057739e-01
-1.079640612006187439e-01	3.982888758182525635e-01	-9.037855267524719238e-02	-3.852139413356781006e-01	5.314927920699119568e-02	5.512893199920654297e-01	3.479604125022888184e-01	-3.016544878482818604e-01	-3.589826822280883789e-01	-1.595823466777801514e-01
5.639822781085968018e-02	-4.449172690510749817e-02	-3.510031998157501221e-01	-1.119876578450202942e-01	8.292450904846191406e-01	-1.276900172233581543e-01	-3.414117693901062012e-01	2.158087678253650665e-03	-1.587171703577041626e-01	1.156952381134033203e-01
-1.732005774974822998e-01	6.558046340942382812e-01	9.681277908384799957e-03	3.518361449241638184e-01	1.848746687173843384e-01	2.284139543771743774e-01	4.425897598266601562e-01	1.633826345205307007e-01	1.405735732987523079e-03	3.272706568241119385e-01
9.456588327884674072e-02	3.080747723579406738e-01	-1.035214439034461975e-01	-3.368487656116485596e-01	5.827883481979370117e-01	-5.164729952812194824e-01	-2.165603451430797577e-02	2.967838943004608154e-01	-2.775014042854309082e-01	-4.493270069360733032e-03
9.532953612506389618e-03	2.661054134368896484e-01	3.215382695198059082e-01	-4.064686968922615051e-02	7.136320471763610840e-01	-2.911179959774017334e-01	-2.332683950662612915e-01	1.992466598749160767e-01	-2.826501429080963135e-01	2.367129176855087280e-01
3.132702410221099854e-01	6.665844917297363281e-01	1.819399148225784302e-01	-3.999686799943447113e-03	3.172626793384552002e-01	-2.881298400461673737e-02	1.355027407407760620e-01	3.638820648193359375e-01	-2.255007177591323853e-01	3.482829332351684570e-01
-1.722284965217113495e-02	-1.450982093811035156e-01	7.638344764709472656e-01	-3.786786794662475586e-01	-5.403098836541175842e-02	-1.066762879490852356e-01	-1.946392208337783813e-01	3.378060460090637207e-01	5.237878765910863876e-03	2.923787534236907959e-01
4.206676483154296875e-01	-4.404418170452117920e-01	-1.852300614118576050e-01	4.638108313083648682e-01	8.055642247200012207e-02	4.993785321712493896e-01	5.462863296270370483e-02	8.876014500856399536e-02	2.731765806674957275e-01	-1.956086009740829468e-01
-1.691187471151351929e-01	-4.777794480323791504e-01	3.192029893398284912e-01	5.375608801841735840e-01	-2.607988417148590088e-01	2.298249602317810059e-01	-1.232449784874916077e-01	4.379629790782928467e-01	2.498681470751762390e-02	1.542807072401046753e-01
-5.394673347473144531e-01	-2.618703991174697876e-02	4.318884313106536865e-01	2.503758966922760010e-01	7.985044270753860474e-02	-7.984852790832519531e-02	2.567274570465087891e-01	-1.947878748178482056e-01	-2.355453968048095703e-01	-5.357133746147155762e-01
-5.119526386260986328e-01	-2.206603139638900757e-01	2.449960708618164062e-01	1.251926720142364502e-01	1.962559968233108521e-01	3.013846576213836670e-01	1.040820702910423279e-01	4.039970338344573975e-01	-1.725767105817794800e-01	-5.294700860977172852e-01
-3.420446813106536865e-01	-2.566590011119842529e-01	3.757084310054779053e-01	3.345102071762084961e-01	5.202166363596916199e-02	2.658871710300445557e-01	1.406810879707336426e-01	2.143420279026031494e-01	-3.632005751132965088e-01	-5.413196682929992676e-01
-3.827759623527526855e-01	-2.149174362421035767e-01	3.399723172187805176e-01	2.201060205698013306e-01	2.415419667959213257e-01	2.038515657186508179e-01	2.664775550365447998e-01	8.494113385677337646e-02	-3.773347139358520508e-01	-5.681200623512268066e-01
6.045702379196882248e-03	3.160908520221710205e-01	1.380693316459655762e-01	-4.133206903934478760e-01	2.012556046247482300e-01	3.695180416107177734e-01	-9.883951395750045776e-02	-1.236663237214088440e-01	-6.851385235786437988e-01	-1.965405046939849854e-01
9.884838014841079712e-02	3.162236884236335754e-03	1.940728724002838135e-01	-3.524756133556365967e-01	9.911918640136718750e-02	5.969943404197692871e-01	1.807959824800491333e-01	-5.245255827903747559e-01	-3.518545329570770264e-01	-1.745653450489044189e-01
2.322008647024631500e-02	1.599352359771728516e-01	-1.086256876587867737e-01	-4.204856455326080322e-01	1.998632550239562988e-01	4.922851026058197021e-01	5.188563838601112366e-02	-3.924200832843780518e-01	-5.704348683357238770e-01	-1.445765048265457153e-01
6.372470408678054810e-02	3.151116967201232910e-01	9.569956362247467041e-02	-4.226540625095367432e-01	3.451800718903541565e-02	2.755244076251983643e-01	7.959163933992385864e-02	-3.186533972620964050e-02	-7.857463955879211426e-01	8.364236354827880859e-02
-1.782985925674438477e-01	5.297422409057617188e-01	-1.275849193334579468e-01	-2.789296209812164307e-01	5.261663198471069336e-01	3.831057995557785034e-02	2.350291013717651367e-01	-8.592443168163299561e-02	-4.931018352508544922e-01	9.702253341674804688e-02
-4.643701612949371338e-01	4.018465876579284668e-01	-3.106690943241119385e-01	-4.869560301303863525e-01	9.812045097351074219e-02	4.234760105609893799e-01	8.991565555334091187e-02	-1.984269171953201294e-01	-2.164947986602783203e-01	7.713998109102249146e-02
-4.634921625256538391e-02	5.045709609985351562e-01	1.547270640730857849e-02	-3.038698434829711914e-01	3.819926083087921143e-01	-2.035043537616729736e-01	-3.443792164325714111e-01	1.224959120154380798e-01	-4.643639326095581055e-01	3.378092646598815918e-01
-7.536346465349197388e-02	2.490978688001632690e-01	1.459042876958847046e-01	1.766551136970520020e-01	4.499582350254058838e-01	2.760015130043029785e-01	4.694459587335586548e-02	4.795709252357482910e-01	-3.652837574481964111e-01	-4.852956831455230713e-01
1.765671521425247192e-01	5.203050971031188965e-01	1.262144744396209717e-02	-8.617356419563293457e-02	5.601391792297363281e-01	-2.588640153408050537e-01	-1.750871539115905762e-01	2.144491225481033325e-01	-4.512430131435394287e-01	1.717286854982376099e-01
1.523952633142471313e-01	6.255297660827636719e-01	-2.727890200912952423e-02	2.011649161577224731e-01	4.200700223445892334e-01	-1.989146322011947632e-01	3.885605931282043457e-01	2.748591005802154541e-01	3.366315737366676331e-02	3.171603977680206299e-01
3.782302737236022949e-01	2.482438981533050537e-01	3.028843700885772705e-01	-1.142102628946304321e-01	2.297919094562530518e-01	1.979126594960689545e-02	-9.429042786359786987e-02	6.297295689582824707e-01	2.066484987735748291e-01	4.349532723426818848e-01
5.654685497283935547e-01	1.174637451767921448e-01	6.252481788396835327e-02	-3.401731848716735840e-01	5.528735518455505371e-01	-9.824882447719573975e-02	-2.780943363904953003e-02	-2.150977104902267456e-01	-2.788914740085601807e-01	3.266155123710632324e-01
-1.718743294477462769e-01	-1.253481954336166382e-01	4.148196578025817871e-01	1.747642606496810913e-01	3.625625967979431152e-01	3.177407979965209961e-01	-2.450322806835174561e-01	5.209038257598876953e-01	1.009076759219169617e-01	4.220832884311676025e-01
-2.779048979282379150e-01	5.058904290199279785e-01	2.603613734245300293e-01	1.766681522130966187e-01	9.684386104345321655e-02	-8.763952553272247314e-02	-4.702757596969604492e-01	1.414615958929061890e-01	-3.995071649551391602e-01	3.873087167739868164e-01
-1.552782580256462097e-02	-1.631935536861419678e-01	2.412585914134979248e-01	-2.042668461799621582e-01	-1.306487619876861572e-01	1.840212941169738770e-01	-2.257660031318664551e-02	7.320363521575927734e-01	4.714189767837524414e-01	2.522701323032379150e-01
-5.173018574714660645e-01	-3.304825723171234131e-02	2.080641984939575195e-01	5.059267859905958176e-03	1.021654531359672546e-01	-1.679102033376693726e-01	-1.155339106917381287e-01	2.144647203385829926e-02	3.877146244049072266e-01	6.965829730033874512e-01
-1.339547634124755859e-01	-3.777947425842285156e-01	2.991120517253875732e-01	1.554003357887268066e-01	2.642797529697418213e-01	-3.532721102237701416e-01	6.769727468490600586e-01	4.936472699046134949e-02	-1.137624308466911316e-02	-2.649652659893035889e-01
-1.121340617537498474e-01	-3.264434933662414551e-01	7.644205689430236816e-01	4.210259020328521729e-02	6.844982504844665527e-02	1.367244124412536621e-01	1.752734482288360596e-01	-8.933132886886596680e-02	-1.621613204479217529e-01	4.542829692363739014e-01
-3.490734398365020752e-01	-9.211491793394088745e-02	7.772845625877380371e-01	2.623018622398376465e-01	2.107388339936733246e-02	8.359963446855545044e-02	3.190794289112091064e-01	1.611064225435256958e-01	-2.476457059383392334e-01	1.267796754837036133e-02
-2.755451202392578125e-01	-4.143282771110534668e-02	5.946686863899230957e-01	4.053876698017120361e-01	8.017536252737045288e-02	6.528997328132390976e-04	2.749621272087097168e-01	1.338257640600204468e-01	-4.421471059322357178e-01	-3.300789296627044678e-01
-4.554201662540435791e-01	-3.032459914684295654e-01	4.086714982986450195e-01	6.082677841186523438e-02	1.860585063695907593e-01	2.209910899400711060e-01	-6.440632045269012451e-02	4.465232193470001221e-01	-3.669194579124450684e-01	-3.290989398956298828e-01
-3.580264747142791748e-01	-3.607622981071472168e-01	2.698375582695007324e-01	2.052965909242630005e-01	1.186035349965095520e-01	1.083850637078285217e-01	4.058022797107696533e-01	3.593575060367584229e-01	-2.282712310552597046e-01	-5.049490332603454590e-01
-4.138149023056030273e-01	-3.726154565811157227e-01	2.027328461408615112e-01	6.342028975486755371e-01	1.646315306425094604e-01	2.566016316413879395e-01	-1.442994475364685059e-01	2.619438469409942627e-01	1.767827384173870087e-02	2.527917623519897461e-01
-2.586095929145812988e-01	-4.017457067966461182e-01	4.417171776294708252e-01	3.935126066207885742e-01	1.911167986690998077e-02	1.817009039223194122e-02	1.581110656261444092e-01	8.750160224735736847e-03	-4.075242280960083008e-01	-4.794874191284179688e-01
-4.592447578907012939e-01	1.935334950685501099e-01	6.614758819341659546e-02	1.455079913139343262e-01	8.196934312582015991e-02	1.811469048261642456e-01	4.007125496864318848e-01	2.177551537752151489e-01	-4.619476199150085449e-01	-5.149509310722351074e-01
-5.084770321846008301e-01	1.073913872241973877e-01	5.166444778442382812e-01	1.687351912260055542e-01	2.075013965368270874e-01	2.833838462829589844e-01	-6.415124982595443726e-02	2.175833731889724731e-01	-5.077052116394042969e-01	-4.403885453939437866e-02
-2.791447043418884277e-01	3.224522247910499573e-02	5.000704899430274963e-02	-4.532263576984405518e-01	-1.987922564148902893e-02	5.779625773429870605e-01	6.895347684621810913e-02	-3.195427060127258301e-01	-5.150148868560791016e-01	-8.114979416131973267e-02
-1.181606855243444443e-02	4.585023522377014160e-01	-2.209719866514205933e-01	-4.262818694114685059e-01	1.924274265766143799e-01	3.935594856739044189e-01	1.320961862802505493e-01	-8.694319427013397217e-02	-5.754328370094299316e-01	1.050810515880584717e-01
-1.110813096165657043e-01	6.403473615646362305e-01	-2.711486816406250000e-01	-3.306964337825775146e-01	5.576866865158081055e-02	2.201465144753456116e-02	3.708112537860870361e-01	-2.565430998802185059e-01	-4.322736561298370361e-01	-3.104538470506668091e-02
-4.175945222377777100e-01	5.530313849449157715e-01	-4.088930189609527588e-01	-3.094545304775238037e-01	-3.984082490205764771e-02	-1.171920970082283020e-01	-6.027771905064582825e-02	1.077357679605484009e-01	-4.206189811229705811e-01	2.221112847328186035e-01
-6.194746494293212891e-02	5.441757440567016602e-01	3.249329626560211182e-01	-4.383777081966400146e-01	3.428695201873779297e-01	1.913499683141708374e-01	2.454105019569396973e-01	3.521741926670074463e-01	-2.046010047197341919e-01	-1.482905745506286621e-01
-2.704137265682220459e-01	5.736179947853088379e-01	1.525444537401199341e-01	-2.221146076917648315e-01	4.088017642498016357e-01	-1.137471050024032593e-01	4.035058617591857910e-02	3.425458073616027832e-01	-4.491763561964035034e-02	4.734906256198883057e-01
-2.636399818584322929e-03	3.285689651966094971e-01	-2.158554457128047943e-02	-3.931073546409606934e-01	4.962826967239379883e-01	-5.653065443038940430e-01	1.113574430346488953e-01	2.541373074054718018e-01	3.054324090480804443e-01	2.988345175981521606e-02
1.852670162916183472e-01	3.782069981098175049e-01	1.589000038802623749e-02	-7.284791208803653717e-03	3.741830587387084961e-01	-2.538478560745716095e-02	-7.152203470468521118e-02	6.144124269485473633e-01	1.294162124395370483e-01	5.313248634338378906e-01
1.143654733896255493e-01	3.967983722686767578e-01	-3.180291950702667236e-01	-3.694685548543930054e-02	7.435106635093688965e-01	-2.171043157577514648e-01	-1.854887418448925018e-02	3.504673242568969727e-01	4.515042528510093689e-02	4.256357625126838684e-02
-2.263843864202499390e-01	-3.305432498455047607e-01	1.740525066852569580e-01	-2.421974837779998779e-01	4.282660484313964844e-01	5.356280803680419922e-01	-8.523550629615783691e-02	3.174313008785247803e-01	-1.414086520671844482e-01	-3.901332914829254150e-01
-4.978844225406646729e-01	-9.731563925743103027e-02	3.868557512760162354e-01	3.326053321361541748e-01	-1.228288933634757996e-01	1.458944678306579590e-01	-2.557916343212127686e-01	2.427323311567306519e-01	4.004170000553131104e-01	4.016253948211669922e-01
-4.958255887031555176e-01	-3.992044366896152496e-03	7.531940937042236328e-02	4.691911339759826660e-01	-1.138803511857986450e-01	2.602324187755584717e-01	-2.749186754226684570e-01	2.842833697795867920e-01	4.432442188262939453e-01	3.078556060791015625e-01
-2.975098043680191040e-02	-4.117329716682434082e-01	1.200183331966400146e-01	4.727680683135986328e-01	-9.913998097181320190e-02	-1.327246278524398804e-01	3.561742305755615234e-01	-2.571891844272613525e-01	-4.634175598621368408e-01	3.955628573894500732e-01
-1.871753782033920288e-01	-2.323999702930450439e-01	4.863469004631042480e-01	6.019644066691398621e-02	-2.320035547018051147e-02	2.757216691970825195e-01	1.026857793331146240e-01	-2.398650795221328735e-01	-3.037458360195159912e-01	6.587082743644714355e-01
-1.198915615677833557e-01	-2.168674916028976440e-01	6.311798691749572754e-01	2.503524720668792725e-01	1.212743446230888367e-01	-3.547554314136505127e-01	2.032279968261718750e-01	8.250131458044052124e-02	-4.069389998912811279e-01	-3.510893881320953369e-01
-5.198056101799011230e-01	3.144624233245849609e-01	5.567128062248229980e-01	-1.101975739002227783e-01	3.961583133786916733e-03	4.503703489899635315e-02	-2.863554060459136963e-01	3.168425858020782471e-01	3.067887723445892334e-01	1.740424335002899170e-01
-2.754709422588348389e-01	2.131369337439537048e-02	5.379281640052795410e-01	2.870168685913085938e-01	-2.379583865404129028e-01	4.008716642856597900e-01	-1.909894868731498718e-02	5.617202520370483398e-01	1.110478565096855164e-01	-7.979781925678253174e-02
-6.270301938056945801e-01	-5.865366384387016296e-02	4.436638355255126953e-01	3.884566724300384521e-01	-2.307610772550106049e-02	3.465185761451721191e-01	1.353195160627365112e-01	2.502591013908386230e-01	-2.038950920104980469e-01	-1.119587048888206482e-01
-5.492881536483764648e-01	-1.711122840642929077e-01	2.160638421773910522e-01	5.436028838157653809e-01	-1.022002100944519043e-01	-1.237887889146804810e-01	3.260444998741149902e-01	7.618337869644165039e-02	-3.126105368137359619e-01	3.020143806934356689e-01
-2.532187998294830322e-01	-8.299107104539871216e-02	-2.862490713596343994e-01	-8.229949325323104858e-02	2.944853305816650391e-01	-7.924422621726989746e-01	1.971856951713562012e-01	-1.642298251390457153e-01	1.440415680408477783e-01	-1.974664777517318726e-01
5.050730705261230469e-01	1.452618837356567383e-01	-3.724308311939239502e-01	1.168827936053276062e-01	-8.840928226709365845e-02	3.309623301029205322e-01	1.178726255893707275e-01	-2.531821131706237793e-01	-5.644109845161437988e-01	-2.398472875356674194e-01
-1.697110943496227264e-02	-5.917699337005615234e-01	-3.277780115604400635e-01	-1.088813617825508118e-01	-5.971306934952735901e-02	4.343298450112342834e-02	6.168251037597656250e-01	3.083661794662475586e-01	-2.354101650416851044e-02	2.205842733383178711e-01
7.851904630661010742e-02	2.293308973312377930e-01	1.007600501179695129e-01	-5.054789185523986816e-01	3.034560382366180420e-01	2.170931398868560791e-01	6.554235816001892090e-01	-7.652717828750610352e-02	-2.297264784574508667e-01	2.194421142339706421e-01
-7.763516157865524292e-02	1.194191444665193558e-02	1.514285802841186523e-01	-5.460601449012756348e-01	4.273952543735504150e-01	-2.725547179579734802e-02	4.791450202465057373e-01	4.815453886985778809e-01	-8.536896854639053345e-02	-1.433686763048171997e-01
5.225219130516052246e-01	-5.631828904151916504e-01	5.255881696939468384e-02	-9.201839566230773926e-02	3.595995008945465088e-01	1.901070177555084229e-01	4.157898724079132080e-01	1.458721756935119629e-01	-3.077416867017745972e-02	1.949525624513626099e-01
5.752722024917602539e-01	3.938643634319305420e-02	-8.941055089235305786e-02	-6.110431253910064697e-02	9.237702935934066772e-02	2.575770318508148193e-01	4.280840456485748291e-01	-2.115265280008316040e-01	-5.057291388511657715e-01	3.116762042045593262e-01
-1.550071090459823608e-01	-7.689919322729110718e-02	-4.914277195930480957e-01	-4.915848076343536377e-01	1.248515099287033081e-01	2.594246864318847656e-01	2.494102567434310913e-01	-2.071537971496582031e-01	-4.996987581253051758e-01	2.218029201030731201e-01
1.162450909614562988e-01	-3.806495666503906250e-01	3.156720399856567383e-01	3.734327852725982666e-01	2.009842842817306519e-01	-7.948558777570724487e-02	-4.469397664070129395e-02	5.102351307868957520e-01	5.405397415161132812e-01	3.547793999314308167e-02
1.025350242853164673e-01	6.911148428916931152e-01	-2.898868620395660400e-01	-4.176305234432220459e-01	2.823913991451263428e-01	8.642642945051193237e-02	-2.513371109962463379e-01	3.186993300914764404e-01	1.416542474180459976e-02	3.524962812662124634e-02
-3.001404702663421631e-01	-3.433542847633361816e-01	-2.636357843875885010e-01	-4.867508113384246826e-01	2.196491807699203491e-01	5.078006535768508911e-02	1.717299520969390869e-01	3.780794143676757812e-01	3.852367401123046875e-01	-3.375301659107208252e-01
-7.109304517507553101e-02	1.291915476322174072e-01	5.002667754888534546e-02	3.316026180982589722e-02	3.780208230018615723e-01	-3.321015536785125732e-01	3.525761067867279053e-01	3.963846713304519653e-02	4.676844179630279541e-01	6.138827204704284668e-01
-5.628038942813873291e-02	1.186296343803405762e-01	4.037217050790786743e-02	-2.158720046281814575e-01	1.022242084145545959e-01	-1.720283031463623047e-01	-7.738839089870452881e-02	5.308762192726135254e-01	5.508956313133239746e-01	5.506185889244079590e-01
-1.297318190336227417e-01	-6.244358140975236893e-03	1.093188822269439697e-01	-4.370074868202209473e-01	1.734733879566192627e-01	-6.842909455299377441e-01	-5.589356645941734314e-02	-7.054857164621353149e-02	2.132878005504608154e-01	4.777702093124389648e-01
-1.731250882148742676e-01	-3.549144789576530457e-02	-1.332017928361892700e-01	-2.922639250755310059e-01	5.791480466723442078e-02	-4.163508415222167969e-01	7.373422384262084961e-02	3.812669217586517334e-01	6.545869112014770508e-01	3.310889005661010742e-01
-4.671334028244018555e-01	1.450410336256027222e-01	-5.761175230145454407e-02	-2.347610443830490112e-01	4.531974494457244873e-01	2.988725155591964722e-02	-5.475931763648986816e-01	-4.688262008130550385e-03	6.521543860435485840e-02	4.380675852298736572e-01
6.086529046297073364e-02	-2.527357041835784912e-01	-2.030964493751525879e-01	-3.723878413438796997e-02	-2.029515951871871948e-01	8.183848857879638672e-02	-2.183395326137542725e-01	4.858464896678924561e-01	6.615766286849975586e-01	3.471246659755706787e-01
-5.680098533630371094e-01	2.826953232288360596e-01	-2.056107223033905029e-01	2.160202264785766602e-01	5.361810922622680664e-01	-1.144727692008018494e-01	3.575288057327270508e-01	-2.595560550689697266e-01	1.111671328544616699e-01	1.895287446677684784e-02
2.350998669862747192e-01	1.877909600734710693e-01	4.719473123550415039e-01	-5.229417234659194946e-02	4.344734251499176025e-01	-2.996490299701690674e-01	3.312044739723205566e-01	1.332165747880935669e-01	5.016850233078002930e-01	1.621906310319900513e-01
-3.821014463901519775e-01	1.207743063569068909e-01	-5.155648291110992432e-02	-1.633968651294708252e-01	1.062870696187019348e-01	-1.656523197889328003e-01	-2.658115923404693604e-01	1.516181975603103638e-01	6.138899922370910645e-01	5.484642982482910156e-01
-2.184600336477160454e-03	-4.967140257358551025e-01	2.779055535793304443e-01	4.444226026535034180e-01	-2.766262292861938477e-01	2.538047134876251221e-01	-1.107609495520591736e-01	2.529050707817077637e-01	6.076688319444656372e-02	5.076090097427368164e-01
2.611089646816253662e-01	-8.885917067527770996e-02	-2.269683331251144409e-01	-9.437794238328933716e-02	3.743297755718231201e-01	-1.926148831844329834e-01	-1.405476778745651245e-01	-4.507192075252532959e-01	5.353198051452636719e-01	4.204904139041900635e-01
3.870497643947601318e-01	-2.865046858787536621e-01	2.596700787544250488e-01	-2.315583527088165283e-01	3.270241618156433105e-01	2.798034809529781342e-02	5.862376689910888672e-01	3.952842652797698975e-01	1.842788308858871460e-01	7.381864637136459351e-02
3.408579528331756592e-01	-2.059115022420883179e-01	-5.654303431510925293e-01	1.131977811455726624e-01	8.375110477209091187e-02	4.064894318580627441e-01	6.613816320896148682e-02	-4.212463796138763428e-01	-2.229679673910140991e-01	3.242002427577972412e-01
-2.315812371671199799e-02	4.585973322391510010e-01	3.206913173198699951e-01	-5.279766321182250977e-01	6.590677052736282349e-02	-1.536513417959213257e-01	2.546409517526626587e-02	1.882065832614898682e-01	-5.501881241798400879e-01	2.020406723022460938e-01
2.750732302665710449e-01	-8.550517261028289795e-02	-1.725063472986221313e-01	-1.273709386587142944e-01	4.623136222362518311e-01	1.343025267124176025e-01	6.465791463851928711e-01	-3.048730790615081787e-01	-3.558974564075469971e-01	-3.994316980242729187e-02
4.064220190048217773e-01	2.083671540021896362e-01	-3.371246159076690674e-01	8.362491428852081299e-02	4.368549957871437073e-02	-4.121022298932075500e-02	6.871975660324096680e-01	-7.376227527856826782e-02	-4.327099621295928955e-01	-4.724519327282905579e-02
6.020947694778442383e-01	-4.304309561848640442e-02	-5.167580209672451019e-03	-7.163084298372268677e-02	9.251148253679275513e-02	4.449385777115821838e-02	6.813045144081115723e-01	-1.687519950792193413e-03	-1.534913182258605957e-01	3.635863363742828369e-01
-1.892326325178146362e-01	4.558146893978118896e-01	-3.959845900535583496e-01	-4.643012583255767822e-01	3.505412042140960693e-01	-6.707192212343215942e-02	1.458462476730346680e-01	2.285623401403427124e-01	-3.570129871368408203e-01	2.360010296106338501e-01
-5.877050161361694336e-01	-1.180030852556228638e-01	-6.271712183952331543e-01	-3.535997821018099785e-03	4.043609499931335449e-01	-2.006556689739227295e-01	-5.800465494394302368e-02	-8.860074728727340698e-02	-1.041562855243682861e-01	-1.465886086225509644e-01
5.215312168002128601e-02	3.473324775695800781e-01	-5.172955393791198730e-01	-4.362752139568328857e-01	9.431134909391403198e-02	-2.112951427698135376e-01	-4.355988800525665283e-01	3.885878920555114746e-01	1.295872330665588379e-01	8.734581619501113892e-02
3.333985507488250732e-01	1.614693999290466309e-01	-4.421045184135437012e-01	-4.758810698986053467e-01	-4.069016501307487488e-02	-5.260676741600036621e-01	-2.530070543289184570e-01	2.869749367237091064e-01	1.204392015933990479e-01	-3.972717747092247009e-02
4.545997083187103271e-01	2.184844166040420532e-01	1.187276244163513184e-01	-6.896830350160598755e-02	-4.300933480262756348e-01	3.140649497509002686e-01	-4.718116819858551025e-01	-1.532539725303649902e-01	-3.723350167274475098e-01	-2.416758537292480469e-01
-1.226636692881584167e-01	6.174444034695625305e-02	-2.874562740325927734e-01	-3.462684750556945801e-01	3.854470551013946533e-01	-4.858282208442687988e-01	1.118371337652206421e-01	4.181254804134368896e-01	4.342344999313354492e-01	1.345866322517395020e-01
1.527899410575628281e-02	2.757099866867065430e-01	-5.487389564514160156e-01	-2.966268360614776611e-01	1.050752326846122742e-01	-1.909210830926895142e-01	-3.764123655855655670e-03	3.099158704280853271e-01	6.159082651138305664e-01	1.084059998393058777e-01
-4.046666622161865234e-02	-9.709163010120391846e-02	-1.851764768362045288e-01	-3.709492683410644531e-01	3.125829398632049561e-01	2.004026025533676147e-01	-2.940346896648406982e-01	1.722316630184650421e-02	6.812071800231933594e-01	3.582966327667236328e-01
1.389801651239395142e-01	1.071609184145927429e-01	-2.055427432060241699e-01	4.116712510585784912e-01	-4.961919188499450684e-01	-2.456950098276138306e-01	4.171456694602966309e-01	3.448130488395690918e-01	3.916071653366088867e-01	6.815389543771743774e-02
-3.412608802318572998e-01	-1.763142198324203491e-01	4.141806960105895996e-01	1.151404380798339844e-01	8.667938411235809326e-02	2.917470633983612061e-01	-4.986753761768341064e-01	-9.184775501489639282e-02	4.275365173816680908e-01	3.675882518291473389e-01
6.143246293067932129e-01	1.090777814388275146e-01	5.232166498899459839e-02	-2.339689135551452637e-01	1.620469093322753906e-01	2.824209928512573242e-01	1.785794645547866821e-01	6.185663342475891113e-01	1.734769642353057861e-01	-5.097346752882003784e-02
5.345659852027893066e-01	-1.901877373456954956e-01	-1.897803992033004761e-01	-1.428999453783035278e-01	3.253517150878906250e-01	2.495189197361469269e-02	5.095127820968627930e-01	-3.262318372726440430e-01	-1.393582224845886230e-01	3.601432740688323975e-01
2.635096311569213867e-01	-4.275934696197509766e-01	-2.951515316963195801e-01	3.550855442881584167e-02	1.698494702577590942e-01	6.011570692062377930e-01	3.456249833106994629e-01	3.833384513854980469e-01	3.284889098722487688e-04	5.203212052583694458e-02
5.362682342529296875e-01	-4.581243693828582764e-01	-1.367358565330505371e-01	5.402080342173576355e-02	3.797363042831420898e-01	4.641623049974441528e-02	4.245609641075134277e-01	-2.335940152406692505e-01	-2.190574556589126587e-01	2.275193929672241211e-01
-2.160147279500961304e-01	-1.832408457994461060e-01	-4.620410501956939697e-01	3.220009207725524902e-01	3.829633593559265137e-01	-1.416922509670257568e-01	-2.239671647548675537e-01	-4.463123381137847900e-01	-1.895046085119247437e-01	3.880569338798522949e-01
-1.202670931816101074e-01	1.370586603879928589e-01	-8.002000302076339722e-02	-4.198350310325622559e-01	2.662906050682067871e-01	-3.820210397243499756e-01	-2.217532247304916382e-01	4.272841215133666992e-01	-3.615447282791137695e-01	4.525202214717864990e-01
-3.992888927459716797e-01	-1.393425166606903076e-01	-7.104145884513854980e-01	-1.291675958782434464e-03	8.926960080862045288e-02	-4.359350502490997314e-01	1.961077004671096802e-01	1.965975612401962280e-01	1.977805197238922119e-01	4.719259589910507202e-02
-3.125495910644531250e-01	1.370630878955125809e-02	-5.375298261642456055e-01	-1.636821031570434570e-02	2.115872204303741455e-01	-4.865399301052093506e-01	4.009450972080230713e-02	1.844790950417518616e-02	4.233610332012176514e-01	3.876158297061920166e-01
-3.058729469776153564e-01	-3.115098476409912109e-01	1.073241140693426132e-02	-1.528470367193222046e-01	-3.819165527820587158e-01	4.911273419857025146e-01	1.390085518360137939e-01	3.926321864128112793e-01	3.906840831041336060e-02	-4.731276333332061768e-01
-7.808750122785568237e-02	2.068438231945037842e-01	-5.650403499603271484e-01	-7.609863579273223877e-02	-4.740090109407901764e-03	-3.634820282459259033e-01	1.138086095452308655e-01	1.705804467201232910e-01	5.938252806663513184e-01	3.150176107883453369e-01
-2.811083383858203888e-02	4.146678447723388672e-01	-5.110983848571777344e-01	-3.183216750621795654e-01	1.333294510841369629e-01	-3.902133107185363770e-01	2.804454788565635681e-02	1.697274148464202881e-01	5.146085619926452637e-01	1.584301516413688660e-02
2.157459706068038940e-01	1.729941815137863159e-01	-5.616913437843322754e-01	-3.643305599689483643e-02	-2.485060691833496094e-01	-2.296967208385467529e-01	1.548516154289245605e-01	2.141752988100051880e-01	6.305015087127685547e-01	1.574927121400833130e-01
2.872781455516815186e-01	1.179639697074890137e-01	-4.682647883892059326e-01	9.165039658546447754e-02	-3.413258790969848633e-01	-1.246948838233947754e-01	3.036835193634033203e-01	7.251161336898803711e-02	6.672485470771789551e-01	-3.360982984304428101e-02
4.402210414409637451e-01	-1.086316779255867004e-01	-4.489783942699432373e-01	2.198148518800735474e-01	-2.187149524688720703e-01	-4.254557192325592041e-01	4.073939472436904907e-02	1.942419260740280151e-01	3.995425999164581299e-01	3.415136039257049561e-01
-3.296971693634986877e-02	-2.949770987033843994e-01	8.436647802591323853e-02	2.074282765388488770e-01	-4.067795276641845703e-01	-2.584097534418106079e-02	5.252068042755126953e-01	1.923013627529144287e-01	5.834538936614990234e-01	2.058629989624023438e-01
-5.195577070116996765e-02	-3.016598708927631378e-02	-1.421366184949874878e-01	-4.004464447498321533e-01	4.461800158023834229e-01	2.461335659027099609e-01	-3.289828598499298096e-01	-2.062251716852188110e-01	5.929716229438781738e-01	2.319449335336685181e-01
-1.439986750483512878e-02	7.926212996244430542e-02	-9.633950144052505493e-02	-2.428017407655715942e-01	5.985730290412902832e-01	4.189269244670867920e-02	-5.420520901679992676e-01	-1.535918265581130981e-01	4.868227839469909668e-01	1.040384098887443542e-01
2.113983482122421265e-01	1.330790370702743530e-01	-3.967264890670776367e-01	6.697502732276916504e-02	2.011531889438629150e-01	4.509376585483551025e-01	5.852615833282470703e-02	2.232215404510498047e-01	6.791602373123168945e-01	-1.319238096475601196e-01
3.191151618957519531e-01	3.300420045852661133e-01	-1.077513173222541809e-01	1.478115618228912354e-01	1.614760458469390869e-01	5.007982836104929447e-04	1.292009353637695312e-01	8.006613701581954956e-02	8.356859683990478516e-01	9.071877598762512207e-02
4.898825883865356445e-01	-4.441713392734527588e-01	5.661305040121078491e-02	3.011276721954345703e-01	-8.283960074186325073e-02	3.370679020881652832e-01	3.726834952831268311e-01	-2.702795863151550293e-01	3.675222396850585938e-01	-3.674373030662536621e-02
4.763505756855010986e-01	2.810071110725402832e-01	-1.948781311511993408e-01	-4.120998680591583252e-01	-2.856734097003936768e-01	4.326961040496826172e-01	-1.760523617267608643e-01	-2.695493996143341064e-01	-2.160174846649169922e-01	-2.591741979122161865e-01
-2.790547609329223633e-01	-5.176056027412414551e-01	-3.070452809333801270e-01	2.509790360927581787e-01	-3.292585015296936035e-01	3.568086624145507812e-01	-1.511847376823425293e-01	-8.708620816469192505e-02	1.997342333197593689e-03	4.803926944732666016e-01
6.568907946348190308e-02	-5.101351141929626465e-01	-4.515176713466644287e-01	4.008011221885681152e-01	-2.181358262896537781e-02	2.887238264083862305e-01	5.928045138716697693e-02	-3.199348449707031250e-01	1.166007947176694870e-02	4.255487024784088135e-01
-4.345870912075042725e-01	-1.357711255550384521e-01	-5.743889212608337402e-01	-2.362405210733413696e-01	-1.556278020143508911e-01	-3.939324319362640381e-01	-2.940569818019866943e-01	-9.905514866113662720e-02	-3.057297170162200928e-01	-1.944557130336761475e-01
-6.288394331932067871e-01	4.563582688570022583e-02	-6.463489532470703125e-01	9.219743311405181885e-02	6.220813468098640442e-02	1.604309827089309692e-01	2.698637843132019043e-01	-1.144128143787384033e-01	1.866299659013748169e-01	-1.607965230941772461e-01
-2.593331634998321533e-01	-1.010436639189720154e-01	-4.273428916931152344e-01	-2.317251265048980713e-01	2.744208276271820068e-01	-7.663940191268920898e-01	-2.745936252176761627e-02	1.274036020040512085e-01	7.181700319051742554e-02	3.752174228429794312e-02
6.595926284790039062e-01	-1.568305045366287231e-01	4.344250559806823730e-01	-4.667783379554748535e-01	-8.054845035076141357e-02	-1.366839408874511719e-01	-8.692348003387451172e-02	-1.753222495317459106e-01	-9.225595742464065552e-02	2.485142946243286133e-01
-2.787384390830993652e-01	-4.447979852557182312e-02	-8.052766919136047363e-01	9.608948230743408203e-02	1.380731910467147827e-01	-4.837037622928619385e-01	-3.970548138022422791e-02	3.832317143678665161e-02	7.852986454963684082e-02	1.941883936524391174e-02
3.536792695522308350e-01	-1.753031164407730103e-01	-2.650943696498870850e-01	3.295902013778686523e-01	8.367563039064407349e-02	-4.067073464393615723e-01	3.233143389225006104e-01	-1.059066578745841980e-01	5.159029960632324219e-01	3.331041336059570312e-01
-2.411105930805206299e-01	1.986100226640701294e-01	-5.580867528915405273e-01	3.861733945086598396e-03	-3.925640285015106201e-01	2.764297723770141602e-01	4.433696568012237549e-01	1.673041284084320068e-01	3.451950252056121826e-01	-1.292172074317932129e-01
-1.793677061796188354e-01	1.887650191783905029e-01	7.915652543306350708e-02	-3.131784796714782715e-01	-1.145889163017272949e-01	-2.636557519435882568e-01	-8.034053444862365723e-01	-2.530542016029357910e-01	-4.274358600378036499e-02	-1.840641647577285767e-01
-1.904262043535709381e-02	-5.569781064987182617e-01	-1.807930469512939453e-01	-1.288285106420516968e-01	-1.061880663037300110e-01	5.112775564193725586e-01	-2.716310620307922363e-01	-2.570953667163848877e-01	4.880028963088989258e-02	4.745380580425262451e-01
-2.654523849487304688e-01	-4.004056155681610107e-01	-1.816482543945312500e-01	4.275395572185516357e-01	-8.195307105779647827e-03	1.730687171220779419e-02	-4.375687539577484131e-01	-3.668142855167388916e-01	-1.398176103830337524e-01	4.555099308490753174e-01
5.161913037300109863e-01	-3.047326207160949707e-02	-1.158323585987091064e-01	1.710111349821090698e-01	-6.054068356752395630e-02	-4.154350757598876953e-01	2.102655172348022461e-01	-6.094820499420166016e-01	1.794034242630004883e-01	-2.565913796424865723e-01
-2.664367556571960449e-01	-2.491988539695739746e-01	-2.179328203201293945e-01	4.085672199726104736e-01	3.486256673932075500e-02	7.111609727144241333e-02	-4.650891721248626709e-01	-5.548283457756042480e-01	-9.078485518693923950e-02	3.373904824256896973e-01
-3.495299816131591797e-01	-4.030705094337463379e-01	-3.624553382396697998e-01	3.389135599136352539e-01	-9.246581792831420898e-02	3.781593143939971924e-01	-4.081081449985504150e-01	-3.260281085968017578e-01	-9.757498651742935181e-02	1.876288503408432007e-01
3.927932977676391602e-01	7.571694254875183105e-02	-2.957465648651123047e-01	5.446998476982116699e-01	8.744812570512294769e-03	-2.719943784177303314e-02	4.859510064125061035e-01	-3.007832169532775879e-01	3.501520454883575439e-01	7.599207013845443726e-02
-5.290386080741882324e-01	-2.595402598381042480e-01	-3.342185318470001221e-01	3.299829065799713135e-01	1.113064438104629517e-01	-2.737376689910888672e-01	-4.073302447795867920e-01	-2.679114639759063721e-01	-1.212869733572006226e-01	3.040391802787780762e-01
2.418616414070129395e-01	-1.301389783620834351e-01	1.914164796471595764e-02	-2.942398488521575928e-01	1.352564841508865356e-01	-7.067116498947143555e-01	1.561409980058670044e-02	2.606235444545745850e-01	-3.991348147392272949e-01	3.039909899234771729e-01
-3.144699037075042725e-01	2.692047855816781521e-04	-7.546138167381286621e-01	4.042580351233482361e-02	1.168631762266159058e-02	-5.505155920982360840e-01	-9.924513101577758789e-02	2.076778002083301544e-02	-1.111963689327239990e-01	-6.467573344707489014e-02
1.447764039039611816e-01	-5.422508120536804199e-01	2.362278103828430176e-01	-3.572364747524261475e-01	-2.318432033061981201e-01	-5.804992318153381348e-01	2.854091525077819824e-01	1.115751713514328003e-01	-1.298109143972396851e-01	-9.673348627984523773e-03
