-8.898561596870422363e-01	4.239353910088539124e-02	3.085957467555999756e-01	1.914428919553756714e-02	-1.492966771125793457e+00	-4.239701032638549805e-01	-7.439010739326477051e-01	-2.221661657094955444e-01	8.594572544097900391e-01	1.160013556480407715e+00
5.165789276361465454e-03	1.472570747137069702e-01	1.659808903932571411e-01	-7.113729417324066162e-02	-3.737481310963630676e-02	6.256972253322601318e-02	9.300218522548675537e-02	-8.643458783626556396e-02	-9.776270389556884766e-02	1.130974590778350830e-01
-6.950499862432479858e-02	7.144670188426971436e-02	1.558771580457687378e-01	-1.214624643325805664e-01	1.281398162245750427e-02	8.416392654180526733e-02	7.639107108116149902e-02	-4.239619523286819458e-02	-7.669264823198318481e-02	7.472489029169082642e-02
1.759556680917739868e-01	3.038322031497955322e-01	-8.070300817489624023e-01	-4.698057472705841064e-01	-2.779353559017181396e-01	6.544750928878784180e-01	-2.219284921884536743e-01	4.997033178806304932e-01	-1.568024232983589172e-02	-5.818692445755004883e-01
-1.515574455261230469e-01	1.235213577747344971e-01	-8.277209848165512085e-02	-7.129416614770889282e-02	-8.943946659564971924e-02	9.379409998655319214e-02	4.286186024546623230e-02	-3.061227127909660339e-02	-7.249300926923751831e-02	9.718404151499271393e-03
-4.825978353619575500e-02	-3.416317701339721680e-02	-1.557688117027282715e-01	-1.274260878562927246e-01	-9.779436886310577393e-02	-2.208127640187740326e-03	1.015081852674484253e-01	1.508673578500747681e-01	-5.660541355609893799e-03	-5.870669335126876831e-02
6.709303259849548340e-01	-1.896884888410568237e-01	-1.026386260986328125e+00	2.381883561611175537e-02	-8.258244395256042480e-01	-1.021313574165105820e-02	-4.216322004795074463e-01	-8.145334571599960327e-02	7.307186126708984375e-01	4.247596561908721924e-01
3.072918355464935303e-01	-5.845036357641220093e-03	-3.722732514142990112e-02	4.934899881482124329e-02	5.156454443931579590e-02	-1.854706108570098877e-01	3.529403507709503174e-01	-2.823483645915985107e-01	-5.852050781250000000e-01	-5.710816383361816406e-01
2.581119909882545471e-02	8.362001925706863403e-02	6.780046969652175903e-02	-2.478235810995101929e-01	-2.806163728237152100e-01	-9.244287386536598206e-03	1.182289198040962219e-01	1.193234622478485107e-01	3.194304928183555603e-02	4.072972759604454041e-02
9.870232641696929932e-02	-6.808654665946960449e-01	1.120492145419120789e-01	4.740099310874938965e-01	-5.870681405067443848e-01	3.827992826700210571e-02	1.155270263552665710e-01	5.057099461555480957e-01	1.976976543664932251e-01	-3.301813900470733643e-01
-2.392143160104751587e-01	4.360473453998565674e-01	-6.048024892807006836e-01	5.970347523689270020e-01	5.103628039360046387e-01	-9.171202778816223145e-01	-4.593743085861206055e-01	2.375504225492477417e-01	3.164669871330261230e-01	-7.457928061485290527e-01
-1.638757109642028809e+00	-4.259536266326904297e-01	-5.205338001251220703e-01	-1.105918958783149719e-01	-6.267450451850891113e-01	-1.407013654708862305e+00	-2.928387001156806946e-02	-3.328107297420501709e-01	-1.744083017110824585e-01	4.824946224689483643e-01
-3.038643002510070801e-01	-1.218911930918693542e-01	6.449606735259294510e-03	1.841246336698532104e-01	-7.301416397094726562e-01	-4.254749715328216553e-01	-2.632829546928405762e-01	1.098429188132286072e-01	-1.287303566932678223e-01	3.401770293712615967e-01
-2.256195992231369019e-01	1.477554589509963989e-01	-5.781138688325881958e-02	-1.221085786819458008e-01	-2.382398350164294243e-03	-1.314780265092849731e-01	1.361953914165496826e-01	-5.241537466645240784e-02	1.271241158246994019e-01	2.310650497674942017e-01
-6.268715262413024902e-01	1.403593719005584717e-01	-6.677971482276916504e-01	7.602602839469909668e-01	-6.173163652420043945e-01	-4.824985861778259277e-01	-4.935409128665924072e-01	-5.657358095049858093e-02	2.044132202863693237e-01	-6.078794002532958984e-01
-1.196815222501754761e-01	-5.057442188262939453e-01	9.949578046798706055e-01	-1.290956735610961914e-01	5.473843775689601898e-03	-1.189595609903335571e-01	1.358495503664016724e-01	-7.728002071380615234e-01	3.353190124034881592e-01	5.885566473007202148e-01
1.175752878189086914e-01	8.189589530229568481e-02	-1.591465473175048828e-01	-5.685784816741943359e-01	2.002431005239486694e-01	-2.285876870155334473e-01	1.145760621875524521e-02	-5.340622067451477051e-01	-3.224465847015380859e-01	-2.197944670915603638e-01
5.235849022865295410e-01	4.167746603488922119e-01	1.141546145081520081e-01	-5.932545661926269531e-01	3.776462674140930176e-01	1.354052219539880753e-04	-9.110558032989501953e-02	-6.498546600341796875e-01	4.884932637214660645e-01	1.055719777941703796e-01
2.406584173440933228e-01	-1.666784584522247314e-01	3.943576011806726456e-04	-4.245399236679077148e-01	-8.272850513458251953e-01	-7.701300382614135742e-01	7.051841355860233307e-03	-5.760791301727294922e-01	4.284022450447082520e-01	-4.066715836524963379e-01
5.551617145538330078e-01	5.836409516632556915e-03	-3.881715238094329834e-01	-1.243095323443412781e-01	-5.139454007148742676e-01	8.223375678062438965e-02	7.438226044178009033e-02	-2.780631184577941895e-01	5.720853209495544434e-01	6.577947735786437988e-02
1.270817279815673828e+00	-5.675410032272338867e-01	-6.651086211204528809e-01	-1.605907529592514038e-01	-4.310734570026397705e-01	-1.433476328849792480e+00	-2.017066180706024170e-01	1.017661243677139282e-01	-5.911987423896789551e-01	-2.437385469675064087e-01
1.021060705184936523e+00	7.367821782827377319e-02	-4.609498381614685059e-01	-5.865257382392883301e-01	-7.323803007602691650e-02	-1.579622983932495117e+00	3.191032707691192627e-01	3.497962355613708496e-01	-4.060766696929931641e-01	1.995750516653060913e-01
4.450724124908447266e-01	3.782176971435546875e-02	3.222637176513671875e-01	-5.175433158874511719e-01	-3.476629257202148438e-01	7.673358917236328125e-02	-7.619643211364746094e-01	-6.019504070281982422e-01	6.858100891113281250e-01	-1.408905982971191406e-01
1.667937159538269043e+00	9.737294912338256836e-01	-1.399813771247863770e+00	-7.574474215507507324e-01	-8.536018729209899902e-01	-2.756640687584877014e-02	9.458947777748107910e-01	-1.427522897720336914e-01	7.688993215560913086e-01	3.658846914768218994e-01
7.965608686208724976e-02	2.079670727252960205e-01	1.447437107563018799e-01	-4.523849487304687500e-02	9.054128825664520264e-02	1.672765053808689117e-02	-8.472235500812530518e-02	1.196089237928390503e-01	-6.055911257863044739e-02	5.010910630226135254e-01
3.507271707057952881e-01	-7.668492943048477173e-02	1.626840382814407349e-01	3.374356031417846680e-01	-7.161442637443542480e-01	-3.480274379253387451e-01	-2.544114291667938232e-01	1.670810743235051632e-03	-1.697108894586563110e-01	-1.013079211115837097e-01
3.253530561923980713e-01	-5.351027846336364746e-01	7.192190885543823242e-01	2.243211716413497925e-01	-8.504255414009094238e-01	7.973992824554443359e-02	-2.359047085046768188e-01	2.876862883567810059e-01	6.200469098985195160e-03	5.612940192222595215e-01
-3.897947072982788086e-01	2.598914802074432373e-01	1.540786772966384888e-01	-3.569456040859222412e-01	-4.167811870574951172e-01	-3.512935340404510498e-01	-1.879070997238159180e-01	-8.129999786615371704e-02	2.310914546251296997e-01	2.310585975646972656e-01
4.187005758285522461e-01	6.235716342926025391e-01	2.304737269878387451e-01	2.393758445978164673e-01	1.092275604605674744e-01	-1.828950494527816772e-01	-2.122233062982559204e-01	7.509212493896484375e-01	3.035235702991485596e-01	6.900496482849121094e-01
-1.972261816263198853e-01	1.615708172321319580e-01	-1.722031235694885254e-01	-3.890867531299591064e-01	-6.073185801506042480e-01	1.083279922604560852e-01	-6.440264731645584106e-02	-4.901441931724548340e-01	1.195660829544067383e-01	-9.519372135400772095e-02
-1.621751040220260620e-01	-3.872835338115692139e-01	-3.809432685375213623e-02	1.457493901252746582e-01	-3.938628435134887695e-01	-4.140387102961540222e-02	1.729657500982284546e-01	-2.525498569011688232e-01	3.202738463878631592e-01	5.673737525939941406e-01
-8.372005224227905273e-01	-1.358525633811950684e+00	-5.457577109336853027e-02	-8.197075724601745605e-01	-2.661365568637847900e-01	5.227298140525817871e-01	-3.488442599773406982e-01	-8.953099846839904785e-01	8.516998887062072754e-01	1.133358597755432129e+00
-9.011777043342590332e-01	1.200228556990623474e-02	1.402641654014587402e+00	3.959142267704010010e-01	1.564499139785766602e+00	-1.238347887992858887e+00	9.269752353429794312e-02	-5.322820544242858887e-01	9.233720302581787109e-01	1.269936442375183105e+00
1.447428762912750244e-01	3.653919398784637451e-01	-2.617753148078918457e-01	5.061827898025512695e-01	7.202226519584655762e-01	-2.838344275951385498e-01	1.406720727682113647e-01	-2.419755458831787109e-01	4.603597223758697510e-01	4.243190288543701172e-01
-9.819976985454559326e-02	1.247811242938041687e-01	1.047687381505966187e-01	-1.797141283750534058e-01	-1.212114002555608749e-02	8.294168859720230103e-02	2.364721894264221191e-02	5.511247739195823669e-02	1.371610723435878754e-02	4.979557916522026062e-02
2.751956582069396973e-01	5.935408547520637512e-02	-1.239391043782234192e-01	-1.852815300226211548e-01	-2.160902917385101318e-01	7.675404101610183716e-02	-9.227307140827178955e-02	-2.110145986080169678e-01	-4.156045615673065186e-03	1.073281988501548767e-01
2.947866022586822510e-01	4.396504759788513184e-01	-2.944143023341894150e-03	1.638267934322357178e-01	1.351818144321441650e-01	4.010787606239318848e-01	3.143391311168670654e-01	-4.178069233894348145e-01	2.766339667141437531e-02	-4.211747050285339355e-01
1.294942200183868408e-01	3.780659753829240799e-03	-6.658487021923065186e-02	-2.070222198963165283e-01	-8.543787896633148193e-02	-1.573926806449890137e-01	1.402024924755096436e-01	-1.291148513555526733e-01	-1.023236736655235291e-01	9.477306157350540161e-02
5.043641924858093262e-01	3.557185828685760498e-01	-5.378027558326721191e-01	1.775950044393539429e-01	-4.811221957206726074e-01	-9.908746182918548584e-02	2.966513931751251221e-01	1.635396033525466919e-01	-1.660572588443756104e-01	9.869369864463806152e-01
2.891357243061065674e-01	-3.475838303565979004e-01	-2.293281108140945435e-01	-5.506585240364074707e-01	-6.561187654733657837e-02	-4.961752593517303467e-01	2.243022918701171875e+00	-3.906031548976898193e-01	1.277823090553283691e+00	-8.041843771934509277e-01
4.573668912053108215e-02	1.972763426601886749e-02	9.634059853851795197e-03	-7.694213185459375381e-03	-2.103313952684402466e-01	-1.313870679587125778e-02	-8.878942579030990601e-02	-2.786314859986305237e-02	-1.742878407239913940e-01	2.883417531847953796e-02
-4.465737566351890564e-02	1.320659965276718140e-01	1.571449339389801025e-01	-1.792427152395248413e-01	5.185070037841796875e-01	-2.937555015087127686e-01	4.656682312488555908e-01	3.338214010000228882e-02	-4.067545235157012939e-01	-3.924117088317871094e-01
-8.626118898391723633e-01	2.712968587875366211e-01	-5.664523839950561523e-01	-4.696275591850280762e-01	9.069579094648361206e-02	-6.116383895277976990e-02	-1.987228691577911377e-01	3.283175826072692871e-02	3.565963208675384521e-01	1.549758315086364746e-01
1.317454129457473755e-01	1.619624346494674683e-02	1.220925711095333099e-02	-1.610756069421768188e-01	-1.779874600470066071e-02	1.645467877388000488e-01	1.596340239048004150e-01	1.112523972988128662e-01	-1.138984709978103638e-01	1.892592757940292358e-02
1.733409911394119263e-01	7.545804977416992188e-02	-6.747556924819946289e-01	8.256264328956604004e-01	4.558023512363433838e-01	1.547063440084457397e-01	4.602304194122552872e-03	-6.488929986953735352e-01	3.282294571399688721e-01	-4.915953874588012695e-01
1.030719354748725891e-01	1.637890338897705078e-01	2.865529656410217285e-01	-7.164607197046279907e-02	-5.129981637001037598e-01	-2.558392584323883057e-01	-2.571921944618225098e-01	-3.430541753768920898e-01	2.567119300365447998e-01	-2.874319553375244141e-01
-2.884534299373626709e-01	5.761434137821197510e-02	-1.078714430332183838e-01	2.593501806259155273e-01	-6.093280911445617676e-01	-5.247722864151000977e-01	-3.707956373691558838e-01	2.402503788471221924e-01	-3.683432191610336304e-02	-1.904733777046203613e-01
9.439419209957122803e-02	-2.765925228595733643e-01	-3.056400716304779053e-01	-5.798801779747009277e-01	4.834047257900238037e-01	5.770695209503173828e-01	-9.988669753074645996e-01	7.521091103553771973e-01	5.340227484703063965e-01	6.367694139480590820e-01
4.155779778957366943e-01	-9.822276420891284943e-03	2.718076407909393311e-01	-4.357663691043853760e-01	1.409473717212677002e-01	-1.319496929645538330e-01	-6.155243515968322754e-01	-5.616126060485839844e-01	6.525056362152099609e-01	7.797337770462036133e-01
-9.493274614214897156e-03	2.284640967845916748e-01	6.631419807672500610e-02	-3.626738786697387695e-01	-3.800092265009880066e-02	2.839062176644802094e-02	-6.719677895307540894e-02	-5.442221462726593018e-02	5.494401231408119202e-02	-4.345679283142089844e-02
1.315325349569320679e-01	6.858724355697631836e-02	-3.201747834682464600e-01	-8.046853542327880859e-02	6.491951644420623779e-02	-3.252539038658142090e-02	-6.576812267303466797e-02	-1.684440225362777710e-01	1.698661446571350098e-01	3.369635045528411865e-01
4.414317607879638672e-01	2.680788636207580566e-01	-3.466472923755645752e-01	-4.905149340629577637e-02	5.714782699942588806e-02	-2.904401719570159912e-01	7.917649149894714355e-01	4.432632327079772949e-01	-4.438551664352416992e-01	1.192415475845336914e+00
-3.408995866775512695e-01	1.495946943759918213e-01	-1.619867384433746338e-01	-8.635787367820739746e-01	-4.732153415679931641e-01	-3.312284946441650391e-01	-1.463611364364624023e+00	-8.886495828628540039e-01	1.046105697751045227e-01	-1.387724161148071289e+00
-7.574939727783203125e-02	9.862077236175537109e-02	-7.987873628735542297e-03	-1.246752366423606873e-01	-1.545977741479873657e-01	1.842081174254417419e-02	9.423501789569854736e-02	2.845984138548374176e-02	3.432439267635345459e-02	-5.362562462687492371e-02
-2.869466245174407959e-01	-3.417968153953552246e-01	-2.849130928516387939e-01	-1.789109557867050171e-01	-2.882254123687744141e-01	-5.502228140830993652e-01	2.114113233983516693e-02	1.148658171296119690e-01	2.168055921792984009e-01	-5.498850345611572266e-02
3.713549077510833740e-01	3.820626139640808105e-01	7.075706124305725098e-01	2.368186227977275848e-02	-4.919236600399017334e-01	-1.746109575033187866e-01	-2.914929389953613281e-01	-7.433779835700988770e-01	-9.329072833061218262e-01	6.836143787950277328e-03
7.075922936201095581e-02	-4.260776042938232422e-01	-2.714769840240478516e-01	4.272038340568542480e-01	-1.578923612833023071e-01	-1.802770495414733887e-01	-2.037122696638107300e-01	1.665489226579666138e-01	-1.591600030660629272e-01	5.546799674630165100e-02
-1.036353409290313721e-01	9.940668940544128418e-02	2.312258780002593994e-01	-1.469817161560058594e-01	1.725546568632125854e-01	-1.515155136585235596e-01	9.052863717079162598e-02	-1.589294821023941040e-01	4.212419036775827408e-03	9.867250174283981323e-02
-1.466543972492218018e-01	1.521894782781600952e-01	-4.151840135455131531e-02	-1.495807319879531860e-01	-1.572717577219009399e-01	4.765975475311279297e-02	-7.344208657741546631e-03	4.790660366415977478e-02	3.614142909646034241e-02	2.433100491762161255e-01
-1.620244383811950684e-01	1.289885938167572021e-01	1.296886149793863297e-02	-1.224932894110679626e-01	-1.370660513639450073e-01	-1.281319707632064819e-01	3.205436766147613525e-01	9.599747508764266968e-02	6.864022463560104370e-02	-5.861563235521316528e-02
-4.638606309890747070e-01	7.719432115554809570e-01	-1.397449135780334473e+00	1.032858267426490784e-01	-6.931323409080505371e-01	-4.752545431256294250e-02	-2.457966282963752747e-02	-1.005281448364257812e+00	-1.316387653350830078e-01	4.337478056550025940e-02
-7.414473295211791992e-01	3.282189667224884033e-01	-1.008956670761108398e+00	-1.360237836837768555e+00	1.015662312507629395e+00	5.686303377151489258e-01	4.263842403888702393e-01	-3.571484684944152832e-01	8.029097318649291992e-01	3.402078151702880859e-01
5.670818090438842773e-01	3.414907157421112061e-01	-3.312790989875793457e-01	-3.727565109729766846e-01	2.204621136188507080e-01	2.002368867397308350e-01	1.504640877246856689e-01	-4.405303597450256348e-01	6.995751522481441498e-03	-2.774811089038848877e-01
-3.630378097295761108e-02	1.904020905494689941e-01	-1.989738941192626953e-01	-2.976861549541354179e-03	8.630097727291285992e-04	2.205917052924633026e-02	-4.636502638459205627e-02	-2.783962190151214600e-01	-2.439201176166534424e-01	-2.209895551204681396e-01
6.516847014427185059e-02	1.803237944841384888e-01	-5.033250451087951660e-01	2.024718075990676880e-01	2.435227930545806885e-01	-7.431775331497192383e-01	-2.416499555110931396e-01	-1.968147754669189453e-01	-1.505397856235504150e-01	-1.001098632812500000e+00
3.566950261592864990e-01	5.768247321248054504e-02	1.040671467781066895e-01	5.912148579955101013e-02	-1.820143461227416992e-01	1.776055991649627686e-01	1.535871326923370361e-01	2.242618612945079803e-02	-1.468389779329299927e-01	-6.274147331714630127e-02
-4.356335401535034180e-01	-6.891306638717651367e-01	-8.698590099811553955e-02	4.491486549377441406e-01	-2.900747954845428467e-01	-5.574630498886108398e-01	5.374615788459777832e-01	4.226526916027069092e-01	7.433609664440155029e-02	5.774422883987426758e-01
-1.131298243999481201e-01	2.356755435466766357e-01	-6.405998021364212036e-02	-4.570695012807846069e-02	5.747791752219200134e-02	-3.607207909226417542e-02	1.194165125489234924e-01	8.387991786003112793e-02	9.895066171884536743e-02	-9.423236548900604248e-02
-4.465548396110534668e-01	5.603246092796325684e-01	2.268650382757186890e-01	-1.557072103023529053e-01	2.498693913221359253e-01	-9.739833325147628784e-02	-2.767144143581390381e-02	6.064026057720184326e-02	-2.209035158157348633e-01	-1.204107105731964111e-01
-7.046973109245300293e-01	5.082109570503234863e-01	4.530818164348602295e-01	1.354691833257675171e-01	-2.707428336143493652e-01	-2.287646383047103882e-01	-3.638245761394500732e-01	4.614701867103576660e-01	-7.804542779922485352e-01	3.633342087268829346e-01
9.189034700393676758e-01	-9.178317785263061523e-01	-4.604836106300354004e-01	-4.062094688415527344e-01	-2.810741961002349854e-01	-7.060072384774684906e-03	-7.440123558044433594e-01	3.870351612567901611e-01	8.263310790061950684e-01	2.968661189079284668e-01
-3.616952896118164062e-01	5.943269133567810059e-01	-1.023041248321533203e+00	-5.733994841575622559e-01	3.541557192802429199e-01	8.070759773254394531e-01	-5.792193114757537842e-02	-5.109464526176452637e-01	2.673156857490539551e-01	-2.154658734798431396e-02
-1.862130910158157349e-01	2.328075617551803589e-01	-3.702271878719329834e-01	-1.150404065847396851e-01	-3.495199978351593018e-01	1.973659098148345947e-01	6.230183877050876617e-03	-1.893545836210250854e-01	-5.226612836122512817e-02	7.629928737878799438e-02
-6.995567679405212402e-02	2.551341652870178223e-01	9.556300193071365356e-02	1.960659772157669067e-02	-4.533109813928604126e-02	2.539463043212890625e-01	2.635460346937179565e-02	-1.916510164737701416e-01	-6.574513018131256104e-02	-3.721944987773895264e-01
-5.177045464515686035e-01	7.308521866798400879e-01	-1.341136521659791470e-03	-5.627309903502464294e-02	-6.972767412662506104e-02	4.864592254161834717e-01	8.355584144592285156e-01	-3.716641664505004883e-01	-1.605553478002548218e-01	7.437996864318847656e-01
-5.948433876037597656e-01	7.647460103034973145e-01	-7.080210447311401367e-01	8.721541762351989746e-01	3.266423642635345459e-01	-8.653522729873657227e-01	7.382690906524658203e-02	-2.504096031188964844e-01	-2.950003370642662048e-02	-6.703442335128784180e-01
-7.455888390541076660e-01	-5.684238076210021973e-01	-6.013526916503906250e-01	2.558721005916595459e-01	2.824690425768494606e-03	-1.048354864120483398e+00	4.308298602700233459e-02	-3.948212265968322754e-01	-1.368385106325149536e-01	-1.272419571876525879e+00
8.264519274234771729e-02	-8.003678172826766968e-03	-2.925183810293674469e-02	4.910831525921821594e-02	-3.941535949707031250e-02	-3.609094768762588501e-02	9.844776988029479980e-02	-1.210751850157976151e-02	-1.441293507814407349e-01	-3.912866115570068359e-01
1.063766237348318100e-02	1.845316439867019653e-01	-1.454585343599319458e-01	-2.174908816814422607e-01	-3.481923416256904602e-02	5.438446253538131714e-02	2.001446634531021118e-01	-1.049355883151292801e-02	-3.363410830497741699e-01	-2.952988445758819580e-01
-9.797361493110656738e-02	3.010148108005523682e-01	-1.334959417581558228e-01	-3.291874527931213379e-01	-1.521225124597549438e-01	4.316592589020729065e-02	-1.984525099396705627e-02	-4.959991872310638428e-01	1.131019834429025650e-02	-1.019548922777175903e-01
6.372086405754089355e-01	2.394416034221649170e-01	-3.321533203125000000e-01	9.205100536346435547e-01	2.497575618326663971e-02	-5.818390473723411560e-02	3.705272674560546875e-01	5.679116845130920410e-01	6.426935195922851562e-01	2.176708430051803589e-01
-2.132963836193084717e-01	4.337862133979797363e-02	-2.108198553323745728e-01	-3.212427347898483276e-02	-7.994779199361801147e-02	-7.394680380821228027e-02	4.308943450450897217e-01	1.583530157804489136e-01	-3.061824738979339600e-01	-1.137468963861465454e-01
2.471934705972671509e-01	-3.323456346988677979e-01	2.528449892997741699e-01	-6.401683092117309570e-01	-3.193428814411163330e-01	2.906639827415347099e-03	-5.356696620583534241e-02	6.747655272483825684e-01	-3.728099763393402100e-01	6.665042042732238770e-01
3.127426281571388245e-02	7.622554153203964233e-02	2.382211685180664062e-01	-1.080290004611015320e-01	-2.721280455589294434e-01	-3.386495262384414673e-02	-8.570126444101333618e-02	-2.007473409175872803e-01	1.436603814363479614e-01	-6.764575839042663574e-02
-3.057772815227508545e-01	3.293030261993408203e-01	-3.046773374080657959e-02	4.005805402994155884e-02	8.863210082054138184e-01	1.707163155078887939e-01	-5.216651558876037598e-01	-8.054910898208618164e-01	4.380986690521240234e-01	-5.297297239303588867e-02
2.852590382099151611e-01	6.309506297111511230e-02	-1.620618551969528198e-01	2.117821127176284790e-01	-4.995765388011932373e-01	2.795772850513458252e-01	3.771312534809112549e-01	-9.861935675144195557e-02	-3.050646483898162842e-01	-9.215587377548217773e-02
-3.114283680915832520e-01	1.142601370811462402e-01	-1.201183721423149109e-01	-3.991140425205230713e-01	-5.866735428571701050e-02	-3.816229999065399170e-01	-5.749716982245445251e-02	3.213586509227752686e-01	-7.139799743890762329e-02	2.670921981334686279e-01
1.335208956152200699e-02	1.825104504823684692e-01	7.420873641967773438e-02	-1.007045898586511612e-02	-6.507512927055358887e-02	-3.694107383489608765e-02	3.018512390553951263e-02	1.711750477552413940e-01	-1.054246500134468079e-01	-6.746464967727661133e-02
1.058300361037254333e-01	1.743896603584289551e-01	-5.466403439640998840e-02	-1.813647747039794922e-01	-1.235868930816650391e-01	1.041918769478797913e-01	5.999544635415077209e-02	-6.471311300992965698e-02	5.795475095510482788e-02	2.128418907523155212e-02
-2.998688220977783203e-01	-4.362375438213348389e-01	-8.610034584999084473e-01	-7.089610397815704346e-02	-6.547639369964599609e-01	-6.997526884078979492e-01	-4.106831252574920654e-01	-2.485146373510360718e-01	1.811863854527473450e-02	5.125604271888732910e-01
8.282479643821716309e-02	2.430461794137954712e-01	5.675201863050460815e-02	-8.820085786283016205e-03	-1.129552200436592102e-01	3.535630404949188232e-01	3.058756887912750244e-01	-2.178687043488025665e-02	-9.426518529653549194e-02	-9.733292274177074432e-03
1.467153280973434448e-01	3.063298463821411133e-01	-6.464466452598571777e-02	-9.524496644735336304e-02	-1.392696797847747803e-01	5.889393761754035950e-02	1.982743293046951294e-02	4.824022576212882996e-02	-5.828968435525894165e-02	2.266204953193664551e-01
-6.323498487472534180e-02	5.066963434219360352e-01	-5.876868963241577148e-01	-5.024871230125427246e-02	-3.239256441593170166e-01	-2.170002311468124390e-01	-4.945216327905654907e-02	-7.681635022163391113e-01	7.611607909202575684e-01	1.908613145351409912e-01
-9.929072856903076172e-02	1.037377864122390747e-01	2.768760323524475098e-01	-1.521518379449844360e-01	3.762603178620338440e-02	-7.703448086977005005e-02	2.333743274211883545e-01	1.157057732343673706e-01	-2.182308584451675415e-01	-1.544362008571624756e-01
-7.012998312711715698e-02	2.316878288984298706e-01	2.374879419803619385e-01	-4.197304248809814453e-01	4.312256574630737305e-01	-6.008191704750061035e-01	-4.058237075805664062e-01	6.599554419517517090e-01	1.362709105014801025e-01	-2.675213217735290527e-01
-1.982895433902740479e-01	-2.327030748128890991e-01	1.876664757728576660e-01	9.374797344207763672e-02	1.363267302513122559e-01	5.160669684410095215e-01	-9.320580959320068359e-02	-2.178163826465606689e-01	-6.443328261375427246e-01	9.591095894575119019e-02
-8.295660614967346191e-01	-1.052215099334716797e-01	-2.941108942031860352e-01	2.035962194204330444e-01	5.811803340911865234e-01	7.558140158653259277e-02	-2.427909523248672485e-01	-6.680101156234741211e-01	2.730327844619750977e-01	-3.357253372669219971e-01
5.896621569991111755e-02	-3.312419950962066650e-01	3.366354107856750488e-01	-5.574285387992858887e-01	-5.930951237678527832e-01	-6.350462436676025391e-01	-2.309613376855850220e-01	5.397218465805053711e-01	5.245426893234252930e-01	-1.830586642026901245e-01
3.117558732628822327e-02	1.114308536052703857e-01	3.891322910785675049e-01	-3.730540573596954346e-01	-4.955824315547943115e-01	-6.172604486346244812e-02	3.939469158649444580e-01	-8.133238554000854492e-02	6.457118391990661621e-01	-8.281091451644897461e-01
-1.924851536750793457e-02	1.631205379962921143e-01	-1.377515047788619995e-01	-5.569333210587501526e-02	-4.421195760369300842e-02	1.098227128386497498e-02	1.222372949123382568e-01	1.389445364475250244e-01	-1.258996427059173584e-01	-1.674830913543701172e-01
-3.590179085731506348e-01	-4.499724134802818298e-02	-7.127121686935424805e-01	-5.369982719421386719e-01	-1.035234704613685608e-01	-1.072658821940422058e-01	9.465865790843963623e-02	-5.072813034057617188e-01	-5.886499881744384766e-01	1.432806104421615601e-01
-8.797909319400787354e-02	1.339640319347381592e-01	-2.700877785682678223e-01	5.227003246545791626e-02	-1.197985559701919556e-01	-5.562927946448326111e-02	1.189419254660606384e-01	9.724443405866622925e-02	1.504527777433395386e-01	1.086858138442039490e-01
-9.358006715774536133e-02	-1.196089461445808411e-01	-2.635449767112731934e-01	2.059828788042068481e-01	3.300368785858154297e-02	-3.434554636478424072e-01	2.683935165405273438e-01	2.823942601680755615e-01	-1.317414641380310059e-01	-3.104930818080902100e-01
1.373867392539978027e-01	3.057726025581359863e-01	1.271369159221649170e-01	-1.942743808031082153e-01	-2.313010692596435547e-01	-4.652319848537445068e-01	3.198517262935638428e-01	2.498847097158432007e-01	3.426606059074401855e-01	-4.151060879230499268e-01
5.839466452598571777e-01	9.910774417221546173e-03	-3.352109789848327637e-01	6.653208136558532715e-01	-2.354550957679748535e-01	2.910577952861785889e-01	2.069929093122482300e-01	2.079108059406280518e-01	-2.377111315727233887e-01	1.513593494892120361e-01
-7.006441801786422729e-02	1.893702000379562378e-01	-2.952546775341033936e-01	-1.041227206587791443e-01	2.099393308162689209e-02	1.379280239343643188e-01	1.339423656463623047e-01	-7.038127630949020386e-02	4.089038819074630737e-02	3.692685067653656006e-02
7.257307320833206177e-02	2.404780983924865723e-01	-1.662568747997283936e-01	-1.014872267842292786e-01	-3.444773554801940918e-01	1.132378876209259033e-01	-1.912052631378173828e-01	-7.810072973370552063e-03	1.247402653098106384e-01	1.133946934714913368e-03
5.384413897991180420e-02	2.514151632785797119e-01	2.991363704204559326e-01	-7.011771798133850098e-01	-6.670604348182678223e-01	-3.607971966266632080e-01	-3.262456953525543213e-01	2.266540825366973877e-01	4.106260538101196289e-01	2.645675837993621826e-01
-1.902384161949157715e-01	-2.031699009239673615e-02	-1.828551590442657471e-01	1.112748831510543823e-01	-3.425055146217346191e-01	-1.731761693954467773e-01	2.619560062885284424e-01	-5.514017120003700256e-02	-2.506129145622253418e-01	-1.501825302839279175e-01
1.314248889684677124e-01	7.018337845802307129e-01	2.735389173030853271e-01	8.444830179214477539e-01	2.015998587012290955e-02	3.159464299678802490e-01	3.186373114585876465e-01	5.385702848434448242e-01	-5.122331157326698303e-02	-7.153519988059997559e-01
6.598423719406127930e-01	9.742824435234069824e-01	6.934767961502075195e-01	7.195658683776855469e-01	4.223334491252899170e-01	3.303601443767547607e-01	-5.440489053726196289e-01	5.226009488105773926e-01	-5.862562656402587891e-01	-7.629889994859695435e-02
5.062730908393859863e-01	-1.661016494035720825e-01	4.010533094406127930e-01	-2.094792872667312622e-01	-6.135346889495849609e-01	3.326043188571929932e-01	-2.863872647285461426e-01	-6.354303359985351562e-01	-2.098778635263442993e-01	-3.351975083351135254e-01
-1.680473834276199341e-01	4.112316668033599854e-01	-3.225898146629333496e-01	-9.055273234844207764e-02	1.652201116085052490e-01	8.490040898323059082e-02	2.329953610897064209e-01	4.304850846529006958e-02	-3.193046748638153076e-01	-4.460123181343078613e-02
8.767478168010711670e-02	4.727317020297050476e-03	-3.247484862804412842e-01	6.966132521629333496e-01	6.067941784858703613e-01	4.834320247173309326e-01	-1.216508820652961731e-01	6.844276189804077148e-01	-7.344559431076049805e-01	5.250267386436462402e-01
-1.221048180013895035e-03	1.031208783388137817e-01	-2.547674626111984253e-02	-1.031788364052772522e-01	-1.262886226177215576e-01	2.836849913001060486e-02	2.516153156757354736e-01	1.032859981060028076e-01	-1.108626052737236023e-01	1.477789413183927536e-02
1.424310654401779175e-01	1.683917641639709473e-01	3.361287713050842285e-01	-1.796101182699203491e-01	2.018385231494903564e-01	-3.518325090408325195e-01	-1.212333049625158310e-02	7.930564880371093750e-02	5.392385646700859070e-02	5.155763030052185059e-01
-4.147749841213226318e-01	3.767537474632263184e-01	-1.681662723422050476e-02	-4.100931584835052490e-01	3.273829445242881775e-02	3.388011753559112549e-01	-9.853447973728179932e-02	-1.534339189529418945e-01	6.670570373535156250e-02	8.176156133413314819e-02
-6.786201149225234985e-02	9.416737407445907593e-02	-1.041293069720268250e-01	-6.777230650186538696e-02	-2.220593243837356567e-01	2.572259902954101562e-01	9.977018088102340698e-02	7.917468994855880737e-02	8.101116120815277100e-02	2.022340893745422363e-02
3.708559274673461914e-01	2.438006550073623657e-01	3.507843315601348877e-01	-2.843925952911376953e-01	3.100876808166503906e-01	4.217257499694824219e-01	-6.860645115375518799e-02	1.141519919037818909e-01	1.236059591174125671e-01	2.742487490177154541e-01
-8.187347650527954102e-01	-2.184971794486045837e-02	-8.714120835065841675e-02	-1.305051706731319427e-02	-6.541489362716674805e-01	8.021048903465270996e-01	1.476091444492340088e-01	-3.610526025295257568e-01	5.205783843994140625e-01	9.795298576354980469e-01
-6.076859682798385620e-02	4.396667331457138062e-02	8.127362281084060669e-02	-1.025744974613189697e-01	4.043520987033843994e-02	8.104634284973144531e-02	1.359702497720718384e-01	-6.245747953653335571e-02	-3.663104772567749023e-02	-1.150431707501411438e-01
-1.364872008562088013e-01	2.270305305719375610e-01	8.563622832298278809e-03	-2.082526534795761108e-01	1.699158847332000732e-01	6.365182250738143921e-02	1.444866210222244263e-01	-1.331697590649127960e-02	-2.522557377815246582e-01	2.557286322116851807e-01
1.393112391233444214e-01	6.825968027114868164e-01	7.645913958549499512e-01	7.893307209014892578e-01	-8.370464295148849487e-02	-6.738368421792984009e-02	-4.767169952392578125e-01	5.586584806442260742e-01	-7.666356563568115234e-01	-2.580174803733825684e-01
5.627011060714721680e-01	-3.039321899414062500e-01	-6.545808911323547363e-01	9.643600881099700928e-02	2.628119587898254395e-01	4.097250401973724365e-01	1.837784945964813232e-01	-6.005687713623046875e-01	-5.740453600883483887e-01	-1.555581688880920410e-01
5.170803666114807129e-01	2.425197511911392212e-01	4.313717782497406006e-02	-9.031308814883232117e-03	3.710487484931945801e-02	2.789431810379028320e-01	-1.375885121524333954e-02	-2.430977523326873779e-01	-9.156922250986099243e-02	-2.035803534090518951e-02
-3.537145256996154785e-01	-5.071949958801269531e-01	-5.664258450269699097e-02	3.139009177684783936e-01	4.740448668599128723e-03	5.723639130592346191e-01	-1.915065765380859375e+00	1.306547164916992188e+00	-1.705495834350585938e+00	4.257375597953796387e-01
4.047013223171234131e-01	2.291699647903442383e-01	-2.902339100837707520e-01	1.886769235134124756e-01	7.434379309415817261e-02	-3.512811288237571716e-02	-2.534040808677673340e-01	3.199582695960998535e-01	-5.221718549728393555e-01	-1.687252074480056763e-01
-4.824123680591583252e-01	-5.231072306632995605e-01	-4.467860460281372070e-01	1.396170973777770996e+00	1.113937973976135254e+00	1.188660144805908203e+00	8.160904645919799805e-01	5.293603539466857910e-01	-4.609020650386810303e-01	7.919002175331115723e-01
2.919876277446746826e-01	-1.740970909595489502e-01	-6.407869458198547363e-01	5.170801281929016113e-01	-7.141546811908483505e-03	2.486255019903182983e-01	2.020286768674850464e-01	9.832510948181152344e-01	-2.216026633977890015e-01	-6.392837762832641602e-01
-6.617766618728637695e-02	9.220612794160842896e-02	-3.835469856858253479e-02	-1.461465358734130859e-01	8.204269409179687500e-02	-5.722703412175178528e-03	1.662501841783523560e-01	6.731663644313812256e-02	-1.829989999532699585e-01	-6.784451752901077271e-02
-2.212300747632980347e-01	8.715710602700710297e-03	3.113379515707492828e-02	2.482775896787643433e-01	-8.621424436569213867e-02	3.289285302162170410e-01	2.162754386663436890e-01	1.277602314949035645e-01	-1.396180391311645508e-01	1.772926300764083862e-01
1.426970660686492920e-01	1.245015636086463928e-01	1.535840928554534912e-01	5.149399042129516602e-01	-1.645387560129165649e-01	2.574175596237182617e-02	3.006691038608551025e-01	1.670497953891754150e-01	-1.319184303283691406e-01	1.791359633207321167e-01
-1.978543847799301147e-01	2.614627480506896973e-01	-4.966966062784194946e-02	-1.914540678262710571e-01	-3.047237396240234375e-01	2.361330017447471619e-02	8.981479704380035400e-02	2.662635222077369690e-02	-3.841976076364517212e-02	3.438552469015121460e-02
2.621325850486755371e-01	4.037384092807769775e-01	4.169154763221740723e-01	-7.747045755386352539e-01	-2.820194959640502930e-01	1.288991123437881470e-01	1.423837095499038696e-01	-8.126432895660400391e-01	-2.036245167255401611e-01	-5.957085490226745605e-01
9.334740042686462402e-02	2.009286582469940186e-01	-9.799249470233917236e-02	-2.156994342803955078e-01	-1.755651645362377167e-02	1.758256107568740845e-01	4.236946627497673035e-02	-2.497291564941406250e-01	9.133583866059780121e-03	4.387253522872924805e-02
9.862562268972396851e-02	9.760282933712005615e-02	6.773611158132553101e-02	-2.342816069722175598e-02	1.208416298031806946e-01	1.145278513431549072e-01	5.425534769892692566e-02	-4.220988135784864426e-03	-2.282968759536743164e-01	1.007951349020004272e-01
-6.377677321434020996e-01	-2.527223527431488037e-01	3.342460691928863525e-01	6.535246372222900391e-01	3.905599117279052734e-01	7.118844389915466309e-01	-3.587450981140136719e-01	2.608076035976409912e-01	-1.995453536510467529e-01	4.752747416496276855e-01
9.839716553688049316e-02	-3.645375967025756836e-01	5.859525799751281738e-01	-2.458166517317295074e-02	-3.626788258552551270e-01	-8.481254428625106812e-02	2.079365551471710205e-01	-1.029844046570360661e-03	-4.318123459815979004e-01	2.434219233691692352e-02
2.561794817447662354e-01	-6.113413255661725998e-03	2.771479487419128418e-01	2.625702023506164551e-01	-1.633524000644683838e-01	9.716239571571350098e-02	4.722160473465919495e-02	-1.159139052033424377e-01	-2.201002538204193115e-01	1.713714003562927246e-01
8.735632896423339844e-01	4.720328152179718018e-01	2.273317128419876099e-01	1.063024699687957764e-01	2.890057303011417389e-02	1.299932718276977539e+00	-7.496999502182006836e-01	-4.620496928691864014e-01	-3.273630142211914062e-01	7.540392279624938965e-01
1.757680296897888184e+00	-4.201193451881408691e-01	-9.292683601379394531e-01	-5.233560800552368164e-01	2.025770425796508789e+00	1.530093908309936523e+00	5.735926628112792969e-01	-6.801393628120422363e-01	-1.237587571144104004e+00	-1.245636716485023499e-01
-1.869982630014419556e-01	5.718200802803039551e-01	-2.866100072860717773e-01	8.372835814952850342e-03	4.323850572109222412e-01	8.726623058319091797e-01	-2.239399999380111694e-01	1.009014099836349487e-01	-1.874949336051940918e-01	2.293923050165176392e-01
-2.642210014164447784e-02	1.212343499064445496e-01	-1.098175439983606339e-02	7.687330991029739380e-02	4.391277581453323364e-02	1.691230684518814087e-01	1.777794957160949707e-02	6.646668910980224609e-02	-1.436750888824462891e-01	1.512530893087387085e-01
-2.704614996910095215e-01	3.427241742610931396e-01	1.976429522037506104e-01	-5.021359920501708984e-01	1.728883981704711914e-01	-1.220762282609939575e-01	-6.302778720855712891e-01	2.704103291034698486e-01	6.437707543373107910e-01	2.673469483852386475e-01
-1.054216325283050537e-01	4.721615836024284363e-02	-4.464264784473925829e-04	-1.719614863395690918e-01	2.124977670609951019e-02	3.068970888853073120e-02	1.172910556197166443e-01	1.860903799533843994e-01	-2.613928355276584625e-02	1.731941848993301392e-01
-4.557085037231445312e-01	1.994212120771408081e-01	9.660883247852325439e-02	1.408039778470993042e-01	-4.779286310076713562e-02	-2.255267053842544556e-01	1.779434084892272949e-01	2.931964397430419922e-01	-1.010493710637092590e-01	-2.083359062671661377e-01
-4.299216866493225098e-01	3.477900028228759766e-01	-9.459322318434715271e-03	-1.191669702529907227e-01	-4.725867137312889099e-02	-1.297211349010467529e-01	-1.139606684446334839e-01	-2.037039548158645630e-01	-2.720612585544586182e-01	-5.711519042961299419e-04
6.794179081916809082e-01	6.395725607872009277e-01	-2.597135603427886963e-01	6.143013238906860352e-01	-1.798760890960693359e-01	3.199194967746734619e-01	-2.009205520153045654e-01	-3.085752017796039581e-02	-6.341175436973571777e-01	-4.590633809566497803e-01
7.279973942786455154e-03	4.119127988815307617e-02	1.171768829226493835e-01	3.550222516059875488e-01	-2.035388201475143433e-01	5.217784643173217773e-02	5.611976981163024902e-02	1.229498460888862610e-01	-8.413705229759216309e-02	5.878693610429763794e-02
-4.136567711830139160e-01	-6.245201826095581055e-01	3.602635562419891357e-01	2.057673037052154541e-01	-1.648185253143310547e-01	-6.461419463157653809e-01	4.844099283218383789e-02	-3.192888200283050537e-01	-4.006187021732330322e-01	-2.582022845745086670e-01
7.107716053724288940e-02	-2.164535075426101685e-01	-3.495009541511535645e-01	5.096275806427001953e-01	-2.310411036014556885e-01	3.516734838485717773e-01	9.941211342811584473e-02	4.405673444271087646e-01	1.500504016876220703e-01	-8.624363690614700317e-02
-3.948637545108795166e-01	1.758909374475479126e-01	-2.199528068304061890e-01	1.748449563980102539e+00	-5.008051916956901550e-02	1.193430721759796143e-01	-1.228892430663108826e-01	3.616310358047485352e-01	9.332590699195861816e-01	-9.946561455726623535e-01
-2.664286792278289795e-01	-6.114924550056457520e-01	2.709394395351409912e-01	-8.801982551813125610e-02	3.413998186588287354e-01	1.611063361167907715e+00	1.468983888626098633e-01	7.317666411399841309e-01	7.123089432716369629e-01	-8.232541084289550781e-01
2.412583678960800171e-02	1.076846495270729065e-01	-1.240541860461235046e-01	2.055730819702148438e-01	-7.843282073736190796e-02	2.889662608504295349e-02	8.878883905708789825e-03	9.077390283346176147e-02	8.534597605466842651e-02	5.630121007561683655e-02
5.010932683944702148e-02	1.421348899602890015e-01	-1.367684602737426758e-01	-1.253591626882553101e-01	7.851976156234741211e-02	1.296382695436477661e-01	3.774543851613998413e-02	-1.740275323390960693e-01	1.792827970348298550e-03	7.258494943380355835e-02
1.693652868270874023e-01	-2.219728827476501465e-01	1.862511187791824341e-01	3.631510436534881592e-01	-2.884345948696136475e-01	2.950228936970233917e-02	1.277622580528259277e-01	-6.623765826225280762e-02	3.643053025007247925e-02	1.458439528942108154e-01
5.136005952954292297e-02	8.442908525466918945e-02	1.691011786460876465e-01	-1.751335524022579193e-02	-1.366618461906909943e-02	4.820071533322334290e-02	2.330126315355300903e-01	-7.326862215995788574e-02	-1.554588526487350464e-01	-8.625194430351257324e-02
9.657000005245208740e-02	-1.248620077967643738e-01	7.512382864952087402e-01	2.724385559558868408e-01	-5.921739935874938965e-01	2.990007996559143066e-01	2.620956003665924072e-01	3.402716666460037231e-02	-4.314407408237457275e-01	-2.095259130001068115e-01
-8.449497818946838379e-01	-4.289902448654174805e-01	8.592423796653747559e-01	1.924808472394943237e-01	7.639540433883666992e-01	6.041691303253173828e-01	-3.181227743625640869e-01	-8.295616507530212402e-01	-8.721116185188293457e-01	-1.885914616286754608e-02
3.627321422100067139e-01	2.344306856393814087e-01	-3.774275481700897217e-01	-1.330539137125015259e-01	-1.636870438233017921e-04	9.733484685420989990e-02	-1.228685751557350159e-01	1.940912306308746338e-01	-2.516126632690429688e-01	-2.053604423999786377e-01
-1.058684065937995911e-01	-9.775161743164062500e-01	-2.696135081350803375e-02	-1.341222763061523438e+00	-6.379743218421936035e-01	9.519414305686950684e-01	2.197597920894622803e-01	5.717869102954864502e-02	-9.675927162170410156e-01	1.398854888975620270e-02
3.476734161376953125e-01	1.207961320877075195e+00	2.133916169404983521e-01	1.483560502529144287e-01	4.736729860305786133e-01	-1.431217640638351440e-01	-9.750637412071228027e-02	-1.587280780076980591e-01	3.263429403305053711e-01	-2.655146420001983643e-01
-5.133266001939773560e-02	1.679893583059310913e-01	-2.296644821763038635e-02	-1.362228579819202423e-02	-1.118961647152900696e-01	7.882271707057952881e-02	1.916198432445526123e-01	-8.174880594015121460e-02	-1.034790799021720886e-01	5.014351918362081051e-04
1.271572858095169067e-01	8.821038603782653809e-01	-8.052180409431457520e-01	8.380919694900512695e-01	3.378920853137969971e-01	-3.894667029380798340e-01	-3.636252135038375854e-02	-4.469195306301116943e-01	7.464500665664672852e-01	4.304600059986114502e-01
-1.353386640548706055e-01	6.070282459259033203e-01	3.649798408150672913e-02	-2.531982362270355225e-01	2.186125665903091431e-01	-1.612080186605453491e-01	3.456729054450988770e-01	3.280203342437744141e-01	-1.949915438890457153e-01	-3.398251235485076904e-01
-3.541388511657714844e-01	2.398771196603775024e-01	1.060281768441200256e-01	-2.867425978183746338e-02	-1.501284539699554443e-01	-2.330239266157150269e-01	3.874497860670089722e-02	5.473010540008544922e-01	-1.945905759930610657e-02	-1.873333156108856201e-01
3.030042946338653564e-01	2.910915017127990723e-01	-5.786702409386634827e-02	3.510569930076599121e-01	3.099336847662925720e-02	2.127310186624526978e-01	2.047143280506134033e-01	6.703022122383117676e-01	-8.231195062398910522e-02	-6.467066407203674316e-01
-2.500589750707149506e-02	-4.486980140209197998e-01	-7.501130104064941406e-01	2.887713909149169922e-01	-4.455580711364746094e-01	4.118682742118835449e-01	4.720203951001167297e-02	1.466446816921234131e-01	5.283481478691101074e-01	-3.615397214889526367e-01
2.113563269376754761e-01	-1.086554601788520813e-01	-4.589241147041320801e-01	4.124507308006286621e-01	-2.993323504924774170e-01	-2.688541449606418610e-02	-7.965055853128433228e-02	8.049278259277343750e-01	5.014443993568420410e-01	-1.156934276223182678e-01
4.716261848807334900e-02	-1.313094198703765869e-01	-1.062516450881958008e+00	-5.479191541671752930e-01	4.958699345588684082e-01	9.129790067672729492e-01	-2.079329639673233032e-02	2.946093380451202393e-01	-6.604851782321929932e-02	-8.824988603591918945e-01
7.461163401603698730e-01	5.473796129226684570e-01	-2.760241329669952393e-01	1.640015721321105957e+00	3.918132483959197998e-01	9.627198576927185059e-01	-2.264228016138076782e-01	9.556546807289123535e-01	1.277879953384399414e+00	-9.581063985824584961e-01
-9.321736693382263184e-01	-1.917611993849277496e-02	-1.997000873088836670e-01	-6.363320350646972656e-02	3.504445850849151611e-01	1.022851347923278809e+00	1.750702559947967529e-01	2.856751978397369385e-01	5.669821500778198242e-01	-1.239091992378234863e+00
-6.828922033309936523e-01	2.834374308586120605e-01	-5.630609020590782166e-02	6.300614029169082642e-02	-1.711041778326034546e-01	7.855389714241027832e-01	2.935878932476043701e-01	3.733874559402465820e-01	3.562025129795074463e-01	4.210534095764160156e-01
7.261856645345687866e-02	1.343166530132293701e-01	6.916439533233642578e-02	-1.152568161487579346e-01	-2.904308214783668518e-02	1.826175861060619354e-02	4.845234006643295288e-02	-6.689435802400112152e-03	-4.002133384346961975e-02	1.963833533227443695e-02
2.250412851572036743e-01	2.148916125297546387e-01	8.817376196384429932e-02	-4.886994883418083191e-02	-6.514953821897506714e-02	1.883915662765502930e-01	5.061840265989303589e-02	-1.712143607437610626e-02	-1.533470749855041504e-01	-1.502582877874374390e-01
7.751151174306869507e-02	3.758874535560607910e-01	4.014194384217262268e-02	-1.004750356078147888e-01	5.186857283115386963e-02	-5.921185016632080078e-02	-4.987962171435356140e-02	2.721220627427101135e-02	-3.834028542041778564e-02	-2.566166780889034271e-02
5.350689291954040527e-01	5.958483815193176270e-01	-1.561784297227859497e-01	-2.133838087320327759e-01	5.846464037895202637e-01	4.165129959583282471e-01	-3.894032239913940430e-01	-2.441633865237236023e-02	-8.715572208166122437e-02	5.690079331398010254e-01
-4.781478345394134521e-01	2.296919375658035278e-01	2.414841651916503906e-01	-3.907409608364105225e-01	3.503547012805938721e-01	4.079847410321235657e-02	1.188758611679077148e-01	-1.411724369972944260e-03	-5.427022576332092285e-01	-1.509544104337692261e-01
-5.545477271080017090e-01	6.112294197082519531e-01	-8.385824561119079590e-01	-1.171840876340866089e-01	5.830800533294677734e-01	-1.163761988282203674e-01	-7.877243757247924805e-01	3.432795703411102295e-01	-4.511944353580474854e-01	8.283153772354125977e-01
-1.518809348344802856e-01	1.896961629390716553e-01	6.647818721830844879e-03	-1.590876579284667969e-01	7.279405593872070312e-01	-1.084297001361846924e-01	-2.631026320159435272e-02	3.731223940849304199e-01	-6.636733412742614746e-01	-1.120845228433609009e-01
-1.172734703868627548e-02	7.353550940752029419e-02	1.177248358726501465e+00	-1.031836152076721191e+00	3.454467058181762695e-01	2.471032738685607910e-02	-2.041793614625930786e-01	1.085621118545532227e+00	5.486670732498168945e-01	6.219553947448730469e-01
-5.964762568473815918e-01	8.363480865955352783e-02	2.235579192638397217e-01	-4.923464357852935791e-01	1.020820811390876770e-01	-5.743265151977539062e-02	4.250165522098541260e-01	-5.941774249076843262e-01	-2.430164515972137451e-01	-9.695168584585189819e-02
-2.418077141046524048e-01	5.131112039089202881e-02	-1.015836074948310852e-01	5.038813948631286621e-01	-3.226407468318939209e-01	1.219303011894226074e-01	5.148465037345886230e-01	-5.438976883888244629e-01	-6.370757818222045898e-01	-2.540812492370605469e-01
-2.204215712845325470e-02	1.609881967306137085e-01	-5.603502318263053894e-02	-7.791970670223236084e-02	1.468026824295520782e-02	2.456334419548511505e-02	6.745730526745319366e-03	1.682825535535812378e-01	-1.143981739878654480e-01	6.188520230352878571e-03
-5.537755489349365234e-01	5.037669092416763306e-03	-4.868465363979339600e-01	-7.922528386116027832e-01	-6.780397891998291016e-01	-9.681202769279479980e-01	4.055564999580383301e-01	-1.054106429219245911e-01	4.673421680927276611e-01	-6.726586818695068359e-01
3.241456812247633934e-03	-1.595818996429443359e-02	-3.156058955937623978e-03	-1.618220061063766479e-01	-1.131591796875000000e-01	-3.062542900443077087e-02	1.649802029132843018e-01	-3.751532873138785362e-03	-5.431396141648292542e-02	-1.567175239324569702e-02
-5.778555572032928467e-02	6.952273845672607422e-02	-2.530099749565124512e-01	2.881136909127235413e-02	-2.180088013410568237e-01	1.568995863199234009e-01	5.027451738715171814e-02	6.133232712745666504e-01	1.117601916193962097e-01	-1.988874226808547974e-01
-3.740452826023101807e-01	8.328565955162048340e-02	-1.106503009796142578e+00	3.061123192310333252e-01	-2.072310894727706909e-01	-1.613690108060836792e-01	3.428888320922851562e-01	9.194127321243286133e-01	-2.718896269798278809e-01	-7.059805989265441895e-01
-8.250668644905090332e-02	-2.786699235439300537e-01	-6.120681390166282654e-02	2.304652631282806396e-01	-5.163604617118835449e-01	-2.368635684251785278e-02	5.728004574775695801e-01	3.994324803352355957e-02	-1.267022266983985901e-02	-2.272682487964630127e-01
4.349573552608489990e-01	6.423649191856384277e-02	-9.187088012695312500e-01	-8.431571125984191895e-01	-1.759215742349624634e-01	1.934481412172317505e-01	-1.086872339248657227e+00	2.127202987670898438e+00	1.600298404693603516e+00	2.185804210603237152e-02
9.007887542247772217e-02	2.056555598974227905e-01	-2.056322693824768066e-01	1.895493716001510620e-01	-4.988727159798145294e-03	2.572815120220184326e-02	6.540337949991226196e-02	5.655522346496582031e-01	1.730712801218032837e-01	-7.966680079698562622e-02
-5.729347467422485352e-01	-6.324458867311477661e-02	2.987369000911712646e-01	-2.482061088085174561e-01	-1.083288192749023438e-01	-8.640208840370178223e-02	4.711655899882316589e-02	7.809428572654724121e-01	-3.671781346201896667e-02	1.192174777388572693e-01
1.958467662334442139e-01	6.609668135643005371e-01	6.122035384178161621e-01	-1.554304063320159912e-01	-1.347414493560791016e+00	4.778830334544181824e-02	7.149666547775268555e-02	3.512951731681823730e-01	-3.226195648312568665e-02	-5.784934759140014648e-01
7.570658922195434570e-01	1.484755873680114746e-01	5.365524888038635254e-01	1.512281298637390137e-01	5.481484532356262207e-02	1.087692379951477051e-01	2.122330814599990845e-01	4.450976550579071045e-01	-3.380351364612579346e-01	-5.475340485572814941e-01
3.972491621971130371e-01	3.680382072925567627e-01	3.626447618007659912e-01	1.464211046695709229e-01	-5.118208527565002441e-01	1.069932654500007629e-01	-6.949245184659957886e-02	-7.729784250259399414e-01	3.863522410392761230e-01	-3.533216714859008789e-01
-1.057287007570266724e-01	1.453161984682083130e-01	-1.806511431932449341e-01	-2.088303118944168091e-01	-1.150177791714668274e-01	1.637703776359558105e-01	1.412305682897567749e-01	5.763184279203414917e-02	-1.621917821466922760e-02	-1.560063753277063370e-02
-7.025754451751708984e-01	3.088225126266479492e-01	-2.882191240787506104e-01	-1.182068467140197754e+00	1.225539684295654297e+00	-9.683422446250915527e-01	-1.053023263812065125e-01	7.250873446464538574e-01	-8.765933513641357422e-01	-1.183823421597480774e-01
-1.002126559615135193e-01	1.426561623811721802e-01	3.801916167140007019e-02	9.110242873430252075e-02	-9.845989942550659180e-02	6.890913937240839005e-03	1.503346115350723267e-01	9.779419749975204468e-02	-6.872342526912689209e-02	3.614261373877525330e-02
-7.124633342027664185e-02	2.490964978933334351e-01	5.021044611930847168e-02	-8.698568493127822876e-02	-1.329547259956598282e-02	1.059594191610813141e-02	8.673508465290069580e-02	-1.718365773558616638e-02	2.149935811758041382e-02	9.256425499916076660e-02
-3.597727119922637939e-01	2.629482746124267578e-01	1.171529740095138550e-01	-2.989283502101898193e-01	-6.145950872451066971e-03	4.400421380996704102e-01	-4.123326241970062256e-01	-5.822132825851440430e-01	-6.360304951667785645e-01	-3.946492373943328857e-01
