5.798333287239074707e-01	-3.878105580806732178e-01	5.047700405120849609e-01	-8.528558909893035889e-02	-1.449107825756072998e-01	2.108333865180611610e-04	1.397527307271957397e-01	-3.238370120525360107e-01	-9.210860729217529297e-02	-3.121624886989593506e-01
-2.652479410171508789e-01	-2.319558411836624146e-01	-4.331698119640350342e-01	1.845776587724685669e-01	-9.559851884841918945e-02	5.445744395256042480e-01	-8.714499324560165405e-02	2.526024729013442993e-02	-2.832627296447753906e-01	-5.098670125007629395e-01
1.939865946769714355e-01	-1.359319984912872314e-01	-1.652825027704238892e-01	6.307091116905212402e-01	3.304836526513099670e-02	-7.298626005649566650e-02	3.235158324241638184e-01	4.781841933727264404e-01	-4.188658297061920166e-01	5.990847572684288025e-02
-3.304734453558921814e-02	2.860682271420955658e-02	-8.218838274478912354e-02	8.433161973953247070e-01	6.542300432920455933e-02	1.962970644235610962e-01	-2.066442184150218964e-02	-4.444797988981008530e-03	-3.413926661014556885e-01	-3.469063043594360352e-01
1.451349724084138870e-02	-1.764264106750488281e-01	2.101653218269348145e-01	-1.620874106884002686e-01	-4.709539413452148438e-01	5.641218423843383789e-01	2.262366116046905518e-01	2.877995371818542480e-01	-4.050845801830291748e-01	-2.451224327087402344e-01
1.353520303964614868e-01	-1.331277340650558472e-01	3.011124432086944580e-01	-5.721873044967651367e-02	1.231413148343563080e-02	4.986174106597900391e-01	3.686066865921020508e-01	2.804995179176330566e-01	-6.367302536964416504e-01	-3.559166565537452698e-02
4.320636391639709473e-01	3.729532361030578613e-01	-4.087738990783691406e-01	6.032100319862365723e-01	-2.855626940727233887e-01	-1.331423670053482056e-01	-9.459652751684188843e-02	8.153494447469711304e-02	1.374910175800323486e-01	-9.744365513324737549e-02
1.453618109226226807e-01	-3.064056634902954102e-01	2.855905890464782715e-01	-2.874494343996047974e-02	3.197109103202819824e-01	2.279804348945617676e-01	-5.970720052719116211e-01	-2.242596596479415894e-01	5.642266571521759033e-02	4.882992506027221680e-01
4.495435059070587158e-01	4.315414130687713623e-01	-2.334194183349609375e-01	-5.455133318901062012e-01	2.749556303024291992e-02	-2.740037441253662109e-01	-1.112909242510795593e-01	-3.762341737747192383e-01	-1.688097864389419556e-01	-3.666796907782554626e-02
5.006410479545593262e-01	1.563681662082672119e-01	-6.238137483596801758e-01	-1.097554340958595276e-01	-3.474848270416259766e-01	-2.457890212535858154e-01	-2.077863067388534546e-01	1.958674341440200806e-01	1.796376854181289673e-01	-1.695603281259536743e-01
6.929179653525352478e-03	1.710847467184066772e-01	-6.160614266991615295e-02	5.027490258216857910e-01	-5.711253359913825989e-02	4.158664047718048096e-01	-5.982646942138671875e-01	-3.288767337799072266e-01	-1.247896179556846619e-01	-2.372135519981384277e-01
4.445369839668273926e-01	-3.851717412471771240e-01	-1.736962497234344482e-01	-2.453632503747940063e-01	-4.106910526752471924e-01	-1.504298448562622070e-01	-3.129107356071472168e-01	-2.470487505197525024e-01	-3.788105845451354980e-01	-2.644164860248565674e-01
9.463014453649520874e-02	-3.806211948394775391e-01	-5.431573390960693359e-01	-3.811562061309814453e-01	5.528206378221511841e-02	-4.654028639197349548e-02	-2.862897515296936035e-01	-5.934418365359306335e-02	-4.942104220390319824e-01	-2.663141191005706787e-01
-3.350043594837188721e-01	8.322343230247497559e-03	-2.692669034004211426e-01	-1.589287817478179932e-01	1.684322506189346313e-01	4.999432265758514404e-01	-2.765362262725830078e-01	3.396755158901214600e-01	-5.152413249015808105e-01	2.330272048711776733e-01
-4.457025229930877686e-01	2.402313053607940674e-01	-5.181566476821899414e-01	-1.105985417962074280e-01	-3.450363129377365112e-02	1.556236743927001953e-01	-1.677799075841903687e-01	4.002541005611419678e-01	-4.988668560981750488e-01	1.699639111757278442e-02
3.542372882366180420e-01	-2.333042323589324951e-01	-1.963852196931838989e-01	-2.974153459072113037e-01	-3.265338763594627380e-02	1.855378150939941406e-01	2.910204529762268066e-01	1.895462125539779663e-01	-3.796427547931671143e-01	-6.267551779747009277e-01
-6.115215830504894257e-03	-2.872816920280456543e-01	-8.832864463329315186e-02	-8.555980771780014038e-02	2.954053878784179688e-01	4.809058010578155518e-01	1.086944341659545898e-01	-8.159137517213821411e-02	-5.327175259590148926e-01	-5.305798649787902832e-01
8.214879035949707031e-02	3.768022730946540833e-02	2.263873517513275146e-01	3.620674461126327515e-02	2.637174129486083984e-01	3.048680722713470459e-01	1.916803121566772461e-01	4.180865585803985596e-01	-7.403079271316528320e-01	-1.310903280973434448e-01
-2.038717865943908691e-01	-2.585639357566833496e-01	-3.188653588294982910e-01	1.755137182772159576e-02	3.094506561756134033e-01	1.734695583581924438e-01	1.764962971210479736e-01	1.659160405397415161e-01	-6.109597682952880859e-01	-4.814513325691223145e-01
-6.489647924900054932e-02	-1.871159821748733521e-01	-1.709608286619186401e-01	3.097691833972930908e-01	6.603995561599731445e-01	4.418042898178100586e-01	-4.562253504991531372e-02	2.594482302665710449e-01	-1.382903456687927246e-01	-3.402263224124908447e-01
-5.242930352687835693e-02	2.950156331062316895e-01	-1.637325286865234375e-01	1.409246921539306641e-01	-7.105729579925537109e-01	-6.846850365400314331e-02	-2.114831358194351196e-01	5.756969749927520752e-02	5.530256032943725586e-01	-8.372437208890914917e-03
3.066179454326629639e-01	-2.437689006328582764e-01	-7.619922608137130737e-02	-3.032488822937011719e-01	1.377900242805480957e-01	-2.259461283683776855e-01	2.286375313997268677e-01	4.245156049728393555e-01	-5.019941329956054688e-01	4.407622814178466797e-01
3.989802002906799316e-01	2.635138034820556641e-01	7.178050279617309570e-02	2.695826590061187744e-01	8.491303771734237671e-02	9.367448836565017700e-02	-6.700963973999023438e-01	3.302349150180816650e-02	9.475543349981307983e-02	4.674018621444702148e-01
8.590019494295120239e-02	2.369009405374526978e-01	-2.698363969102501869e-03	-4.480376541614532471e-01	-7.199732959270477295e-02	1.073141992092132568e-01	5.950479581952095032e-02	5.682178139686584473e-01	6.000968217849731445e-01	1.803486645221710205e-01
1.324360817670822144e-01	5.406889915466308594e-01	-4.128035604953765869e-01	9.203135222196578979e-02	-4.562445282936096191e-01	-9.053866378962993622e-03	8.558380603790283203e-02	2.442525774240493774e-01	4.854190945625305176e-01	1.956716924905776978e-02
-2.438940480351448059e-02	-2.750399112701416016e-01	-1.011322140693664551e-01	2.641054689884185791e-01	-4.562270343303680420e-01	-1.019035056233406067e-01	-7.731015682220458984e-01	1.303696036338806152e-01	-2.807082608342170715e-02	-9.889996051788330078e-02
5.390919446945190430e-01	5.584155917167663574e-01	4.062452912330627441e-02	-3.578254282474517822e-01	2.823604643344879150e-01	-1.335595268756151199e-02	-2.767840325832366943e-01	2.859813570976257324e-01	-8.037911355495452881e-02	-1.519905179738998413e-01
4.540603756904602051e-01	1.941351890563964844e-01	-3.393318951129913330e-01	1.926332898437976837e-02	-5.056943297386169434e-01	-3.259721994400024414e-01	-4.584783017635345459e-01	7.478172332048416138e-02	-1.887012422084808350e-01	1.650339812040328979e-01
4.519171416759490967e-01	-2.537431716918945312e-01	-4.245423972606658936e-01	-4.000203013420104980e-01	-3.552801311016082764e-01	-3.028255701065063477e-01	-2.950678169727325439e-01	2.339210957288742065e-01	-5.787348747253417969e-02	-1.675471961498260498e-01
4.437558650970458984e-01	-8.619298785924911499e-02	-4.196911454200744629e-01	-4.881184399127960205e-01	1.006905883550643921e-01	-1.151462346315383911e-01	-3.101168572902679443e-01	3.222354352474212646e-01	-2.203837782144546509e-01	-3.305701315402984619e-01
3.759958446025848389e-01	-2.703704237937927246e-01	-6.039141118526458740e-02	-4.489176571369171143e-01	4.541274607181549072e-01	-1.066416203975677490e-01	5.516019836068153381e-02	-3.563985228538513184e-01	-4.074277579784393311e-01	2.582414746284484863e-01
3.697042763233184814e-01	-3.977676630020141602e-01	-4.962470233440399170e-01	-3.719315826892852783e-01	-1.272303760051727295e-01	-1.053202301263809204e-01	-3.486519753932952881e-01	1.740692853927612305e-01	-2.068917602300643921e-01	-3.139469623565673828e-01
6.562273502349853516e-01	-3.946863710880279541e-01	1.851744055747985840e-01	-3.050116896629333496e-01	-1.824934780597686768e-01	-4.854530841112136841e-02	-5.987105146050453186e-02	1.915729045867919922e-01	-8.329885452985763550e-02	-4.509798288345336914e-01
-1.465692222118377686e-01	-2.246267944574356079e-01	-6.133357062935829163e-02	4.014957249164581299e-01	2.072490900754928589e-01	-4.779035225510597229e-03	4.736937284469604492e-01	4.105711877346038818e-01	-4.856244325637817383e-01	-3.022235929965972900e-01
-1.678091883659362793e-01	-3.379849195480346680e-01	-1.990931332111358643e-01	-6.134142354130744934e-02	2.155421674251556396e-02	3.897125422954559326e-01	2.484754770994186401e-01	4.236226975917816162e-01	2.047158330678939819e-01	-6.154347658157348633e-01
1.125969067215919495e-01	-1.235782951116561890e-01	3.639799058437347412e-01	5.324068665504455566e-01	-6.229873895645141602e-01	1.023627538233995438e-02	4.077676683664321899e-02	6.349611282348632812e-02	-2.527415454387664795e-01	-3.135620057582855225e-01
-5.371474474668502808e-02	-1.739931409247219563e-03	-1.723014116287231445e-01	2.000586986541748047e-01	3.824077248573303223e-01	6.584245562553405762e-01	1.613721698522567749e-01	9.193613193929195404e-03	-1.575138419866561890e-01	-5.447070002555847168e-01
-1.127901077270507812e-01	-2.184649407863616943e-01	-1.745389848947525024e-01	5.826990604400634766e-01	1.459266543388366699e-01	2.537664175033569336e-01	2.906536161899566650e-01	-6.391353160142898560e-02	1.466411352157592773e-02	-6.285521984100341797e-01
-2.041568756103515625e-01	-4.245046973228454590e-01	-1.631491929292678833e-01	4.477866590023040771e-01	7.970406860113143921e-02	4.457265138626098633e-01	2.621056437492370605e-01	1.126713231205940247e-01	-1.920148730278015137e-01	-4.771754145622253418e-01
7.354468703269958496e-01	1.782183647155761719e-01	9.608518332242965698e-02	1.829508244991302490e-01	-1.305806934833526611e-01	-1.001387909054756165e-01	-3.731351196765899658e-01	1.001818329095840454e-01	-3.931355774402618408e-01	2.318442612886428833e-01
-4.677379429340362549e-01	1.741354614496231079e-01	-1.041307523846626282e-01	2.967866361141204834e-01	-5.936263203620910645e-01	-1.957643330097198486e-01	-2.038174420595169067e-01	-1.160516310483217239e-02	2.157429009675979614e-01	4.159752130508422852e-01
-8.171267807483673096e-02	2.095254212617874146e-01	-4.287198483943939209e-01	3.765877783298492432e-01	-3.396833240985870361e-01	1.117462478578090668e-02	-3.623450994491577148e-01	1.803394407033920288e-01	5.311748385429382324e-01	2.496607899665832520e-01
1.146299485117197037e-02	3.987346887588500977e-01	2.543443441390991211e-01	-2.886299192905426025e-01	4.251988828182220459e-01	3.670850694179534912e-01	-5.029216408729553223e-02	5.659819245338439941e-01	2.326211482286453247e-01	1.892243884503841400e-02
2.766462266445159912e-01	2.821522653102874756e-01	-4.636305943131446838e-02	-2.703320980072021484e-01	-1.288908421993255615e-01	2.555602192878723145e-01	-1.428976953029632568e-01	5.769019126892089844e-01	4.327485561370849609e-01	3.823574483394622803e-01
1.105698272585868835e-01	-1.929580420255661011e-01	1.364235579967498779e-01	5.758092403411865234e-01	1.849853396415710449e-01	1.907016932964324951e-01	-5.953082442283630371e-01	1.354940533638000488e-01	3.902491331100463867e-01	6.886326521635055542e-02
2.701498270034790039e-01	4.611252620816230774e-02	3.947338759899139404e-01	-7.533053308725357056e-02	2.121087461709976196e-01	3.233811855316162109e-01	-2.486981302499771118e-01	6.850890517234802246e-01	1.597118377685546875e-01	2.390230298042297363e-01
2.111672312021255493e-01	2.079701274633407593e-01	-3.456387519836425781e-01	1.252277940511703491e-01	4.375569149851799011e-02	4.778390750288963318e-02	-3.782514631748199463e-01	-1.176951155066490173e-01	7.559784650802612305e-01	-2.106682956218719482e-01
4.106009304523468018e-01	-4.609236717224121094e-01	-4.015543758869171143e-01	-9.155450016260147095e-02	1.938288211822509766e-01	-5.249149203300476074e-01	-2.551461756229400635e-01	2.060008943080902100e-01	7.303418219089508057e-02	-1.528163850307464600e-01
6.382046639919281006e-02	4.731826484203338623e-01	3.286378383636474609e-01	1.124068051576614380e-01	-3.129487037658691406e-01	3.211318850517272949e-01	-1.074077263474464417e-01	1.902009099721908569e-01	1.060569733381271362e-01	-6.255906224250793457e-01
1.867543458938598633e-01	-1.018343269824981689e-01	-8.637076243758201599e-03	5.724577605724334717e-02	-6.807721219956874847e-03	1.936419010162353516e-01	-5.424281358718872070e-01	6.275757551193237305e-01	4.746093153953552246e-01	2.288158982992172241e-02
1.617606878280639648e-01	-3.221349120140075684e-01	-7.303145527839660645e-01	1.639939248561859131e-01	-1.532974541187286377e-01	-2.281698584556579590e-01	-4.086990356445312500e-01	1.416150778532028198e-01	2.015586942434310913e-01	-8.082041889429092407e-02
2.518573403358459473e-01	-5.155206322669982910e-01	-2.724346518516540527e-01	2.062617093324661255e-01	-3.336747586727142334e-01	-4.669762551784515381e-01	-1.068417280912399292e-01	2.463155537843704224e-01	-8.204425126314163208e-02	-3.818616271018981934e-01
1.249389797449111938e-01	-3.251233398914337158e-01	-4.611825942993164062e-01	-5.240581035614013672e-01	2.333991080522537231e-01	5.413762480020523071e-02	-4.205848574638366699e-01	1.769647151231765747e-01	-3.190999329090118408e-01	1.546594351530075073e-01
-2.941065132617950439e-01	1.659106314182281494e-01	1.866681873798370361e-01	4.574584662914276123e-01	2.869758903980255127e-01	3.383122384548187256e-01	-3.185788393020629883e-01	1.974876970052719116e-01	-5.180324912071228027e-01	-1.902623474597930908e-01
1.945087015628814697e-01	-1.767918467521667480e-01	-3.913629055023193359e-02	-5.849482417106628418e-01	5.860848724842071533e-02	2.883103191852569580e-01	-1.167954206466674805e-01	5.033891797065734863e-01	-4.558687210083007812e-01	-1.606204807758331299e-01
-3.089486062526702881e-01	-4.695706665515899658e-01	4.759653508663177490e-01	-1.302698347717523575e-02	5.298828482627868652e-01	-3.229986643418669701e-03	-9.651441127061843872e-02	-3.255396783351898193e-01	2.393964380025863647e-01	-6.287559866905212402e-02
-1.596617847681045532e-01	-5.913349390029907227e-01	9.165968000888824463e-02	2.102459073066711426e-01	-1.205213293433189392e-01	2.053757905960083008e-01	7.965458184480667114e-02	4.104695022106170654e-01	-5.795897245407104492e-01	-6.904620677232742310e-02
-7.137762010097503662e-02	-4.702970981597900391e-01	2.114750444889068604e-01	3.775222599506378174e-01	1.981829255819320679e-01	1.908772289752960205e-01	-9.788694232702255249e-02	-1.715290397405624390e-01	-6.867908835411071777e-01	9.206900373101234436e-03
9.468072652816772461e-02	7.547687739133834839e-02	-6.638202816247940063e-02	5.236244201660156250e-01	-1.506101191043853760e-01	4.847486913204193115e-01	4.796807169914245605e-01	2.121893465518951416e-01	-1.990506649017333984e-01	-3.665322959423065186e-01
-1.999828070402145386e-01	-1.101022586226463318e-01	-3.343703970313072205e-02	2.902838885784149170e-01	4.184883236885070801e-01	4.884723424911499023e-01	9.596731513738632202e-02	2.506380975246429443e-01	2.101826071739196777e-01	-5.766782164573669434e-01
-4.078383743762969971e-01	2.723321318626403809e-01	1.915829181671142578e-01	5.552338361740112305e-01	1.686948388814926147e-01	1.864081323146820068e-01	-1.509940922260284424e-01	3.456152677536010742e-01	-4.566536545753479004e-01	-2.295225299894809723e-02
-1.082650199532508850e-01	-4.457301497459411621e-01	-2.258807793259620667e-02	4.280252456665039062e-01	-4.177313745021820068e-01	-1.566955470480024815e-04	-3.492005765438079834e-01	1.215712800621986389e-01	4.447657465934753418e-01	3.112086355686187744e-01
-3.705042600631713867e-02	-1.973190456628799438e-01	-2.367992103099822998e-01	3.532506227493286133e-01	5.367072820663452148e-01	-5.530825257301330566e-01	-1.936357915401458740e-01	1.396974623203277588e-01	-6.131665781140327454e-02	-3.522890508174896240e-01
2.762687206268310547e-01	-1.547675877809524536e-01	5.287885665893554688e-03	5.225533843040466309e-01	-3.996253013610839844e-01	-1.296760290861129761e-01	-2.915345430374145508e-01	2.319240272045135498e-01	3.440811932086944580e-01	4.392531812191009521e-01
6.050185561180114746e-01	-8.221955597400665283e-02	-1.229828000068664551e-01	-8.469538390636444092e-02	-3.987891674041748047e-01	-7.204233855009078979e-02	-1.470279544591903687e-01	5.823940634727478027e-01	-2.351968921720981598e-02	2.816348969936370850e-01
8.113890141248703003e-02	1.072583645582199097e-01	-1.666038855910301208e-02	4.031871259212493896e-01	1.107093915343284607e-01	4.555280506610870361e-01	-4.122346639633178711e-01	3.970731794834136963e-01	4.648154973983764648e-01	2.359118610620498657e-01
2.682613432407379150e-01	-4.718567132949829102e-01	-1.177939102053642273e-01	3.079939186573028564e-01	-3.927857279777526855e-01	4.425402730703353882e-02	-3.990177214145660400e-01	3.781789243221282959e-01	2.888990044593811035e-01	2.339128106832504272e-01
-1.118827611207962036e-01	-5.007398128509521484e-02	-5.025900900363922119e-02	1.931366920471191406e-01	-5.379240494221448898e-03	5.099797844886779785e-01	-5.406882613897323608e-02	6.129349470138549805e-01	5.368409752845764160e-01	-1.350108832120895386e-01
5.866010189056396484e-01	-8.524905145168304443e-02	2.067786604166030884e-01	8.486886322498321533e-02	-1.292343437671661377e-01	3.180021047592163086e-01	9.426107630133628845e-03	5.508001446723937988e-01	2.172116041183471680e-01	-3.608244061470031738e-01
1.006223857402801514e-01	7.875038683414459229e-02	2.156525701284408569e-01	4.990700781345367432e-01	7.548837363719940186e-02	5.315614342689514160e-01	-9.225767850875854492e-02	8.980423212051391602e-02	5.662586688995361328e-01	-2.502305507659912109e-01
2.985782027244567871e-01	3.370358645915985107e-01	1.315318644046783447e-01	-2.023605704307556152e-01	-5.003792643547058105e-01	1.096056699752807617e-01	-3.060718774795532227e-01	-1.911901533603668213e-01	-3.873734474182128906e-01	-4.430833458900451660e-01
4.641222357749938965e-01	-5.000233277678489685e-02	-3.979742825031280518e-01	9.223533421754837036e-02	-4.966816604137420654e-01	-1.350913792848587036e-01	1.546009909361600876e-03	5.113666057586669922e-01	2.356494069099426270e-01	1.822856217622756958e-01
3.847387433052062988e-01	-1.255773939192295074e-03	-1.836606534197926521e-03	-6.844777464866638184e-01	1.281271688640117645e-02	1.588196754455566406e-01	-2.656956911087036133e-01	4.851531982421875000e-01	-2.277822047472000122e-02	2.271274626255035400e-01
2.749733030796051025e-01	-4.203925728797912598e-01	-3.191313445568084717e-01	-1.388888061046600342e-01	6.663267314434051514e-02	-1.601665914058685303e-01	-4.701752662658691406e-01	4.065424501895904541e-01	3.653460741043090820e-01	-2.767893075942993164e-01
2.630693912506103516e-01	-5.969010591506958008e-01	2.739063277840614319e-02	8.094837516546249390e-02	-1.074597705155611038e-02	4.065791070461273193e-01	-3.333356380462646484e-01	-4.824209958314895630e-02	-3.048752248287200928e-01	-4.420290887355804443e-01
4.450019448995590210e-02	-5.113753080368041992e-01	-4.507636129856109619e-01	3.827223777770996094e-01	-2.204172164201736450e-01	4.970893263816833496e-01	5.405218899250030518e-02	-2.618008106946945190e-02	-2.923915684223175049e-01	-4.549071937799453735e-02
3.622629344463348389e-01	-2.751488089561462402e-01	-2.115236073732376099e-01	4.686778187751770020e-01	-1.713568717241287231e-01	3.541246056556701660e-01	7.621324062347412109e-02	3.193233013153076172e-01	-4.467789232730865479e-01	-2.578811645507812500e-01
-2.977661602199077606e-02	-2.371214926242828369e-01	-1.329000890254974365e-01	3.616854846477508545e-01	2.736644148826599121e-01	6.741219162940979004e-01	3.909467905759811401e-02	3.845447003841400146e-01	2.778665423393249512e-01	-1.961182951927185059e-01
-1.189638376235961914e-01	3.995742499828338623e-01	5.122465267777442932e-02	-1.207762137055397034e-01	-4.657794162631034851e-02	3.625167906284332275e-01	6.375910639762878418e-01	3.336462974548339844e-01	2.236723750829696655e-01	-3.278990387916564941e-01
4.575898647308349609e-01	-2.953907251358032227e-01	-1.301811571465805173e-04	6.723488867282867432e-02	1.193050071597099304e-01	4.280557036399841309e-01	1.976799517869949341e-01	-1.026410027407109737e-03	-6.131879687309265137e-01	-2.937551140785217285e-01
-1.916407793760299683e-02	-4.875755608081817627e-01	3.076280355453491211e-01	1.642000079154968262e-01	-7.327289879322052002e-02	4.038977622985839844e-01	2.934060692787170410e-01	2.589490413665771484e-01	-4.805067181587219238e-01	-2.962689995765686035e-01
-2.336872071027755737e-01	-2.354773283004760742e-01	6.834147572517395020e-01	4.892732501029968262e-01	5.029942095279693604e-02	1.908588111400604248e-01	2.217355817556381226e-01	1.864844262599945068e-01	-2.194301337003707886e-01	1.115655153989791870e-01
-4.555914700031280518e-01	-1.250047981739044189e-01	-1.865688562393188477e-01	5.969837307929992676e-01	5.781480669975280762e-01	-1.005194783210754395e-01	8.659143000841140747e-02	1.619767993688583374e-01	8.038869500160217285e-02	3.250280022621154785e-02
1.232522800564765930e-01	-3.188773095607757568e-01	3.147936761379241943e-01	9.994213469326496124e-03	9.698922745883464813e-03	2.523603439331054688e-01	-4.581713378429412842e-01	3.968296051025390625e-01	2.976090013980865479e-01	5.139898657798767090e-01
3.577737510204315186e-01	-2.146204933524131775e-02	-1.730691790580749512e-01	6.658053994178771973e-01	-1.359694004058837891e-01	-2.057181671261787415e-02	-4.459279179573059082e-01	2.106938213109970093e-01	3.350404500961303711e-01	1.545348465442657471e-01
2.232407778501510620e-01	9.164354950189590454e-02	5.238118171691894531e-01	2.687719166278839111e-01	3.358715176582336426e-01	1.605440378189086914e-01	-1.917349845170974731e-01	6.192851066589355469e-01	1.676531434059143066e-01	9.044232219457626343e-02
5.595934987068176270e-01	-2.848015353083610535e-02	-1.613985300064086914e-01	-9.692371636629104614e-02	-4.461313486099243164e-01	-8.708555996417999268e-02	1.848791390657424927e-01	5.650666952133178711e-01	5.768224969506263733e-02	2.952547073364257812e-01
-1.927869468927383423e-01	3.310261070728302002e-01	-4.785692989826202393e-01	1.502549797296524048e-01	4.366638362407684326e-01	-9.153024107217788696e-02	-2.888134419918060303e-01	-3.024690747261047363e-01	-2.339562177658081055e-01	-4.158850610256195068e-01
2.262114137411117554e-01	-4.184730947017669678e-01	-1.038078777492046356e-02	3.085841238498687744e-01	-4.214558601379394531e-01	3.824487561360001564e-03	4.889465123414993286e-02	5.378266572952270508e-01	3.313269913196563721e-01	3.151368200778961182e-01
1.895745694637298584e-01	-2.395374625921249390e-01	-2.335924059152603149e-01	-2.226505577564239502e-01	-1.462061852216720581e-01	4.177235960960388184e-01	-3.048666119575500488e-01	6.381497383117675781e-01	3.159669041633605957e-01	8.161845058202743530e-02
3.854288458824157715e-01	-2.621691226959228516e-01	-3.518899977207183838e-01	2.268258482217788696e-01	-4.179778397083282471e-01	-3.771415650844573975e-01	3.555684536695480347e-02	5.259776115417480469e-01	1.078327596187591553e-01	3.081707656383514404e-02
7.096387562341988087e-04	2.730666100978851318e-01	5.524148698896169662e-03	4.292230904102325439e-01	-1.534833665937185287e-02	5.516900420188903809e-01	-1.046265512704849243e-01	4.695261120796203613e-01	4.494960606098175049e-01	5.590692162513732910e-02
6.386438012123107910e-01	1.657219603657722473e-02	-1.258968710899353027e-01	2.210377901792526245e-01	-5.921764373779296875e-01	2.300145924091339111e-01	1.253947615623474121e-01	1.694511175155639648e-01	3.839970380067825317e-02	-2.786754965782165527e-01
-2.009972780942916870e-01	4.343436658382415771e-02	1.688545346260070801e-01	-8.488363027572631836e-02	8.318167179822921753e-02	5.976406335830688477e-01	-1.818858832120895386e-01	5.328666567802429199e-01	4.420718848705291748e-01	2.131799757480621338e-01
-1.507277488708496094e-01	-2.687277495861053467e-01	3.263066336512565613e-02	-4.127020835876464844e-01	4.467183351516723633e-01	-2.085910141468048096e-01	-1.063387691974639893e-01	5.546298623085021973e-01	-3.652752935886383057e-01	-1.956094056367874146e-01
-8.841412514448165894e-02	-3.318777382373809814e-01	-3.329971432685852051e-01	-1.153675839304924011e-01	2.311208546161651611e-01	2.487361878156661987e-01	1.719650030136108398e-01	6.822103261947631836e-01	3.169723153114318848e-01	-2.170304358005523682e-01
-9.873646497726440430e-02	8.808335289359092712e-03	-3.478346168994903564e-01	2.591341435909271240e-01	-3.974588960409164429e-02	-2.965320646762847900e-01	4.403352795634418726e-04	2.035165578126907349e-01	9.369586408138275146e-02	-8.138335347175598145e-01
-2.595086395740509033e-01	-2.944902479648590088e-01	1.508801877498626709e-01	4.272159039974212646e-01	2.449298501014709473e-01	6.220539212226867676e-01	2.235504984855651855e-01	3.604058623313903809e-01	6.822066009044647217e-02	-9.586123377084732056e-02
-1.219204291701316833e-01	-3.233730494976043701e-01	3.052768707275390625e-01	5.739728212356567383e-01	-3.123222291469573975e-02	3.179264664649963379e-01	1.509973108768463135e-01	5.119915604591369629e-01	-1.468734592199325562e-01	-2.221859842538833618e-01
1.761294007301330566e-01	-1.852160319685935974e-02	-4.339168313890695572e-03	-1.207875758409500122e-01	2.678091824054718018e-01	5.254942178726196289e-02	3.478720411658287048e-02	6.321028470993041992e-01	-1.757658720016479492e-01	-6.692427396774291992e-01
-2.586240768432617188e-01	-4.328242242336273193e-01	2.324714362621307373e-01	4.864396154880523682e-01	-4.221617281436920166e-01	2.036571949720382690e-01	-7.244266569614410400e-02	2.066046595573425293e-01	2.619935572147369385e-01	3.447310626506805420e-01
6.166988983750343323e-02	2.419068478047847748e-03	-5.103084817528724670e-02	2.983767688274383545e-01	-3.550254702568054199e-01	1.191625595092773438e-01	2.249812632799148560e-01	1.626996845006942749e-01	-7.590292096138000488e-01	-3.333200216293334961e-01
9.203705191612243652e-02	1.330108493566513062e-01	3.716464042663574219e-01	-4.768595099449157715e-02	-2.104178220033645630e-01	1.390554606914520264e-01	-4.772992134094238281e-01	7.254034280776977539e-01	-8.213277906179428101e-02	-9.518293291330337524e-02
-1.565349847078323364e-01	-4.662555456161499023e-01	-2.671002149581909180e-01	5.564280748367309570e-01	-5.695549771189689636e-02	-9.856251627206802368e-02	-2.292632311582565308e-01	-2.309081889688968658e-02	4.263973832130432129e-01	3.595549464225769043e-01
-1.978677064180374146e-01	-2.331204563379287720e-01	5.026192069053649902e-01	4.999905228614807129e-01	-3.686931133270263672e-01	2.757086753845214844e-01	8.703182637691497803e-02	2.678987681865692139e-01	8.182346075773239136e-02	-3.254185616970062256e-01
-5.758464336395263672e-02	2.315652556717395782e-02	3.599413037300109863e-01	3.832714632153511047e-02	7.035332918167114258e-02	-1.021815389394760132e-01	-7.227675318717956543e-01	4.952405691146850586e-01	1.916856169700622559e-01	2.129106074571609497e-01
-2.282476872205734253e-01	2.178861498832702637e-01	4.279644787311553955e-01	-2.340573444962501526e-02	-3.067561052739620209e-02	3.398461043834686279e-01	-9.890730679035186768e-02	4.539028704166412354e-01	6.182000041007995605e-01	4.805388301610946655e-02
2.152717113494873047e-01	-2.532086372375488281e-01	-1.083051711320877075e-01	-1.846347451210021973e-01	-1.615688949823379517e-01	-2.867322042584419250e-02	1.819576472043991089e-01	8.358912467956542969e-01	1.162330135703086853e-01	2.673272788524627686e-01
4.997333288192749023e-01	-2.383312880992889404e-01	-5.673984289169311523e-01	3.268452286720275879e-01	1.851978749036788940e-01	-1.546169519424438477e-01	6.908067315816879272e-02	3.249309659004211426e-01	-2.939247488975524902e-01	9.872864186763763428e-02
2.495527081191539764e-02	4.075185060501098633e-01	1.454997509717941284e-01	5.682264566421508789e-01	3.569360375404357910e-01	3.184372186660766602e-01	-3.715509474277496338e-01	-1.980568170547485352e-01	6.197580695152282715e-02	-2.816578149795532227e-01
5.313394069671630859e-01	2.163422107696533203e-01	-3.823425853624939919e-03	-4.237960875034332275e-01	-3.370082378387451172e-01	-2.254687696695327759e-01	7.829998433589935303e-02	4.807640314102172852e-01	-1.843146681785583496e-01	-2.358161658048629761e-01
1.614071428775787354e-01	1.778730191290378571e-02	1.611549556255340576e-01	-1.082651168107986450e-01	9.974854439496994019e-02	1.431435942649841309e-01	1.281003654003143311e-01	8.542031049728393555e-01	3.979742228984832764e-01	-3.229617699980735779e-02
-1.837026029825210571e-01	-5.259595513343811035e-01	4.671256542205810547e-01	1.776047646999359131e-01	3.753613233566284180e-01	1.201712265610694885e-01	-3.732093572616577148e-01	-1.500110179185867310e-01	-2.039133310317993164e-01	2.848924100399017334e-01
-1.844779103994369507e-01	3.154357671737670898e-01	-2.654562294483184814e-01	2.913916409015655518e-01	-2.327702045440673828e-01	-5.360981225967407227e-01	-1.366541534662246704e-01	1.472086310386657715e-01	2.641943395137786865e-01	-5.092793703079223633e-01
-4.307904839515686035e-01	-8.183683454990386963e-02	5.990734696388244629e-01	4.855966269969940186e-01	-1.028569880872964859e-02	3.251622617244720459e-02	1.006270051002502441e-01	3.972790837287902832e-01	7.487297803163528442e-02	1.957132667303085327e-01
-2.969630956649780273e-01	-5.568825826048851013e-02	2.886859178543090820e-01	2.689901590347290039e-01	3.141658604145050049e-01	4.520724415779113770e-01	-2.179551273584365845e-01	2.838142812252044678e-01	-4.752452373504638672e-01	-3.098932504653930664e-01
-2.605171799659729004e-01	2.880330383777618408e-02	8.441327512264251709e-02	-3.359929025173187256e-01	4.938432574272155762e-01	3.634574413299560547e-01	-3.838856816291809082e-01	-1.089334860444068909e-01	-5.029420852661132812e-01	-1.520407795906066895e-01
-2.521460317075252533e-02	-4.764339327812194824e-01	4.498349726200103760e-01	6.972617506980895996e-01	-2.602891623973846436e-02	-2.341657876968383789e-01	-4.130158573389053345e-02	3.639849647879600525e-02	8.038584142923355103e-02	-1.372792571783065796e-01
5.801061391830444336e-01	2.033199816942214966e-01	7.762116193771362305e-02	4.926232397556304932e-01	-1.067194119095802307e-01	-3.382330834865570068e-01	8.747597038745880127e-02	1.879605501890182495e-01	-4.200543761253356934e-01	1.679809987545013428e-01
1.800203323364257812e-01	-2.866860926151275635e-01	2.811435163021087646e-01	2.072564661502838135e-01	7.228699922561645508e-01	-1.793108582496643066e-01	-1.356465071439743042e-01	2.111522257328033447e-01	-8.155932277441024780e-02	3.729294538497924805e-01
1.166377812623977661e-01	-2.177326940000057220e-02	4.759880602359771729e-01	2.002926170825958252e-01	-1.285692900419235229e-01	-3.215193152427673340e-01	1.141038760542869568e-01	3.296221792697906494e-01	-2.322894781827926636e-01	6.509271264076232910e-01
-1.160184368491172791e-01	2.844333946704864502e-01	-2.307737320661544800e-01	2.745565474033355713e-01	9.750674664974212646e-02	-3.741746842861175537e-01	-2.371384995058178902e-03	-4.883291944861412048e-02	2.028845399618148804e-01	-7.641549110412597656e-01
-3.398820012807846069e-02	-3.061936497688293457e-01	1.445210278034210205e-01	-2.235160320997238159e-01	-6.963684409856796265e-02	-3.127390146255493164e-01	-9.386354684829711914e-02	3.016333878040313721e-01	-3.404108583927154541e-01	7.182736396789550781e-01
-2.331078946590423584e-01	-3.977451026439666748e-01	5.181226134300231934e-01	-8.637484163045883179e-02	2.111288905143737793e-01	1.339877843856811523e-01	-2.691389024257659912e-01	6.452973932027816772e-02	-1.802431941032409668e-01	5.830372571945190430e-01
1.530256569385528564e-01	1.498854458332061768e-01	1.213777139782905579e-01	-1.095569059252738953e-01	-3.345177322626113892e-02	-4.571200907230377197e-01	2.377259284257888794e-01	4.196038842201232910e-01	1.871692389249801636e-02	6.959691643714904785e-01
-2.149846404790878296e-01	1.190575286746025085e-01	3.340548276901245117e-01	-6.439661383628845215e-01	4.666696488857269287e-01	2.800926566123962402e-01	-1.426692306995391846e-01	2.634793817996978760e-01	-2.008537203073501587e-02	-1.640431284904479980e-01
-5.523808002471923828e-01	2.006545662879943848e-01	1.505599021911621094e-01	4.070057347416877747e-02	2.643595263361930847e-02	-2.054439336061477661e-01	-1.919011622667312622e-01	-2.112134359776973724e-02	-9.967963397502899170e-02	-7.349652647972106934e-01
-8.354363590478897095e-02	-1.570662856101989746e-01	2.981951534748077393e-01	3.999890685081481934e-01	-2.550613582134246826e-01	-4.513616561889648438e-01	2.781099081039428711e-01	-2.720550261437892914e-02	-2.892117798328399658e-01	-5.375189781188964844e-01
2.372234910726547241e-01	-2.463970631361007690e-01	-1.330558061599731445e-01	-4.467004835605621338e-01	1.234354227781295776e-01	-5.595074295997619629e-01	-1.273630261421203613e-01	5.578492879867553711e-01	9.706335514783859253e-02	2.539277821779251099e-02
4.765864908695220947e-01	-2.080595865845680237e-02	5.314137414097785950e-02	-3.145132660865783691e-01	8.651304990053176880e-02	-1.962071210145950317e-01	3.681987151503562927e-02	7.796444892883300781e-01	1.545892469584941864e-02	1.235629171133041382e-01
2.026390731334686279e-01	3.890365064144134521e-01	3.635645806789398193e-01	-2.664109468460083008e-01	4.215545654296875000e-01	-1.467726826667785645e-01	-4.242497980594635010e-01	3.915162682533264160e-01	-9.869506955146789551e-02	2.493389397859573364e-01
-5.737862586975097656e-01	2.716305851936340332e-01	3.424292802810668945e-01	-1.374809294939041138e-01	4.651211798191070557e-01	-4.645171165466308594e-01	-5.218166112899780273e-02	-7.656585425138473511e-02	-4.920351132750511169e-02	-1.330685019493103027e-01
-6.375666856765747070e-01	3.876579999923706055e-01	1.310246288776397705e-01	1.585248857736587524e-01	4.352366328239440918e-01	-4.172075390815734863e-01	9.376213699579238892e-02	1.470175683498382568e-01	7.902334630489349365e-02	-2.809073962271213531e-02
-4.672262668609619141e-01	-5.075766891241073608e-02	5.423801541328430176e-01	-2.039781212806701660e-01	3.579543530941009521e-01	-5.241024494171142578e-01	-9.355825185775756836e-02	-5.143057089298963547e-03	-5.127508565783500671e-02	-1.706351190805435181e-01
-4.999233484268188477e-01	3.514602184295654297e-01	6.082213521003723145e-01	-1.123177409172058105e-01	7.591044157743453979e-02	-2.029428444802761078e-02	-2.257563918828964233e-01	-1.126798614859580994e-01	2.867015302181243896e-01	3.032645285129547119e-01
-6.969106793403625488e-01	-2.346926331520080566e-01	5.081074237823486328e-01	-5.193109810352325439e-02	-3.874516487121582031e-02	-2.717561721801757812e-01	9.415552765130996704e-02	1.611644774675369263e-01	-1.452690362930297852e-01	2.589785456657409668e-01
-5.222647190093994141e-01	-1.705082803964614868e-01	3.230681717395782471e-01	-1.046604588627815247e-01	-4.757540822029113770e-01	-2.782778441905975342e-01	2.161712497472763062e-01	4.682541787624359131e-01	-7.687979936599731445e-02	8.459710329771041870e-02
-7.164581418037414551e-01	2.730349302291870117e-01	4.814009070396423340e-01	-1.253044158220291138e-01	2.206232398748397827e-01	-2.245473712682723999e-01	-1.813037842512130737e-01	1.310833543539047241e-01	-1.196110993623733521e-01	3.513993322849273682e-02
-1.329758316278457642e-01	-3.955436646938323975e-01	2.783093154430389404e-01	-4.177202582359313965e-01	3.008348047733306885e-01	2.156626200303435326e-03	-3.545968234539031982e-01	-5.090938135981559753e-02	-5.909528136253356934e-01	7.651191204786300659e-02
-1.017859652638435364e-01	2.637721300125122070e-01	5.965862274169921875e-01	-2.609488070011138916e-01	1.066531836986541748e-01	-5.954290628433227539e-01	2.669007703661918640e-02	-1.282153725624084473e-01	-1.610612571239471436e-01	2.950446903705596924e-01
-2.050656080245971680e-01	-1.866247691214084625e-02	-3.409693390130996704e-02	-2.386347502470016479e-01	2.854618132114410400e-01	-6.707440614700317383e-01	-3.743734955787658691e-01	1.215851753950119019e-01	3.517881929874420166e-01	-2.990171909332275391e-01
-5.433227419853210449e-01	5.424731373786926270e-01	3.322726860642433167e-02	1.793120652437210083e-01	2.055275440216064453e-02	-4.350269138813018799e-01	-1.929208189249038696e-01	8.186255395412445068e-02	-3.047591447830200195e-02	-3.778184056282043457e-01
-7.390438765287399292e-02	-1.032795384526252747e-01	2.560358941555023193e-01	-1.898439228534698486e-01	1.765944510698318481e-01	-5.431168079376220703e-01	-1.470706611871719360e-01	5.180817246437072754e-01	2.221842557191848755e-01	4.655217826366424561e-01
-2.627076208591461182e-01	5.841935873031616211e-01	3.698293268680572510e-01	-3.841725587844848633e-01	5.056691765785217285e-01	-2.009197473526000977e-01	-2.100870199501514435e-02	1.594560034573078156e-02	-7.788371294736862183e-02	-5.008490011096000671e-02
-3.908438384532928467e-01	3.543563783168792725e-01	3.686188757419586182e-01	1.886603534221649170e-01	-3.553223311901092529e-01	-5.982570648193359375e-01	-3.188735619187355042e-02	-1.180728375911712646e-01	-3.072524070739746094e-02	-2.239028811454772949e-01
-4.247050285339355469e-01	1.069600507616996765e-02	2.675369083881378174e-01	-3.903264403343200684e-01	9.384274482727050781e-02	-5.793635249137878418e-01	7.230989634990692139e-02	2.265518065541982651e-03	-2.799192965030670166e-01	-4.092960059642791748e-01
3.385352492332458496e-01	9.128539264202117920e-02	6.391340494155883789e-02	-1.258486807346343994e-01	-1.425257623195648193e-01	-4.681915640830993652e-01	1.759283542633056641e-01	6.931576132774353027e-01	1.908317804336547852e-01	2.641702592372894287e-01
4.235116019845008850e-02	3.982797861099243164e-01	2.807734347879886627e-02	-4.059979915618896484e-01	5.556672066450119019e-02	-7.143658995628356934e-01	1.403850018978118896e-01	3.041277527809143066e-01	7.453203946352005005e-02	-2.068666368722915649e-01
-1.343693137168884277e-01	4.139697253704071045e-01	3.396109044551849365e-01	-5.678496956825256348e-01	-1.400839686393737793e-01	-3.251743316650390625e-01	3.067726492881774902e-01	3.889637067914009094e-02	-6.399970501661300659e-02	-3.843239545822143555e-01
-2.828519642353057861e-01	3.011767268180847168e-01	2.961088120937347412e-01	2.780540287494659424e-01	7.838176935911178589e-02	-6.645440459251403809e-01	-1.044717505574226379e-01	-3.393855094909667969e-01	-2.716887742280960083e-02	-2.994917631149291992e-01
-5.844034552574157715e-01	1.291246414184570312e-01	7.067063450813293457e-02	-4.833239912986755371e-01	5.606788992881774902e-01	4.338588565587997437e-02	-2.592156529426574707e-01	-4.989255685359239578e-03	5.965761467814445496e-02	-1.272132843732833862e-01
-5.290631055831909180e-01	2.912840545177459717e-01	2.472775727510452271e-01	2.890905439853668213e-01	2.615589797496795654e-01	-5.635036826133728027e-01	-2.014430165290832520e-01	-2.442798763513565063e-01	-5.039952695369720459e-02	4.224416241049766541e-02
-5.018850564956665039e-01	-2.760975994169712067e-02	4.575783014297485352e-02	1.039297580718994141e-01	5.222104191780090332e-01	-4.712474048137664795e-01	-8.120282739400863647e-02	-1.460507065057754517e-01	4.202902019023895264e-01	1.873697787523269653e-01
-4.614972174167633057e-01	5.424811244010925293e-01	-2.024765163660049438e-01	-1.168714463710784912e-01	5.137401223182678223e-01	-7.701630145311355591e-02	2.250485867261886597e-01	-1.305501908063888550e-01	-2.164211273193359375e-01	2.317111492156982422e-01
-3.319533467292785645e-01	5.822580456733703613e-01	-1.837722957134246826e-01	3.326013982295989990e-01	-3.359679877758026123e-01	-1.316158175468444824e-01	3.831600248813629150e-01	-1.399186104536056519e-01	-3.968606144189834595e-02	3.289764225482940674e-01
-7.340680807828903198e-02	-6.794577836990356445e-02	5.427566170692443848e-01	1.658067852258682251e-01	-6.710547953844070435e-03	-3.584575057029724121e-01	-8.867614716291427612e-02	-5.647948384284973145e-01	-4.021588563919067383e-01	-2.253724336624145508e-01
-4.276339411735534668e-01	-3.471567034721374512e-01	5.302153229713439941e-01	-1.951277107000350952e-01	2.153505533933639526e-01	1.428866852074861526e-02	-8.418170362710952759e-02	-8.469631522893905640e-02	-3.126280605792999268e-01	4.677947759628295898e-01
-4.189407527446746826e-01	-1.791707612574100494e-02	-3.264892846345901489e-02	-3.113722503185272217e-01	3.654740750789642334e-01	-5.513980984687805176e-01	-3.767573088407516479e-02	-3.864871561527252197e-01	4.933101311326026917e-02	-3.678482770919799805e-01
-4.142136573791503906e-01	-1.053968220949172974e-01	4.197646081447601318e-01	3.818278312683105469e-01	4.478300809860229492e-01	-2.452754378318786621e-01	-2.303423583507537842e-01	2.766244411468505859e-01	1.757718436419963837e-02	3.236113190650939941e-01
-3.429493010044097900e-01	1.052309200167655945e-01	2.857239842414855957e-01	-3.407169282436370850e-01	1.316275596618652344e-01	-7.833732962608337402e-01	9.886462241411209106e-02	7.132236659526824951e-02	-1.659799516201019287e-01	1.327287033200263977e-02
-8.281198143959045410e-02	-1.179891452193260193e-02	4.961461424827575684e-01	2.757135629653930664e-01	-2.485823631286621094e-01	-5.145547389984130859e-01	3.195714950561523438e-01	3.898080065846443176e-02	-2.932944595813751221e-01	3.931882083415985107e-01
-2.355486899614334106e-01	-1.783110946416854858e-01	3.695742487907409668e-01	-2.810517325997352600e-02	2.679210714995861053e-02	-8.036080598831176758e-01	-1.115675568580627441e-01	-1.822291165590286255e-01	-2.872159183025360107e-01	-2.636964991688728333e-02
-5.846450477838516235e-02	2.348276078701019287e-01	1.008334904909133911e-01	3.182054311037063599e-02	7.373318821191787720e-02	-6.013617515563964844e-01	3.957327306270599365e-01	2.586681544780731201e-01	6.717922538518905640e-02	5.789288282394409180e-01
-4.646930992603302002e-01	-1.061419844627380371e-01	1.124147921800613403e-01	-3.577198684215545654e-01	3.043194413185119629e-01	-3.911000788211822510e-01	-2.897278666496276855e-01	-1.802414506673812866e-01	6.780933588743209839e-02	-5.153608918190002441e-01
-1.736900210380554199e-01	3.982270061969757080e-01	4.810785874724388123e-02	-1.666125059127807617e-01	-3.483339445665478706e-03	-8.266304731369018555e-01	4.381434619426727295e-02	2.336082011461257935e-01	1.806650161743164062e-01	-9.333001077175140381e-02
2.114622443914413452e-01	1.845535784959793091e-01	3.582300245761871338e-01	-5.618610382080078125e-01	-1.762203723192214966e-01	-4.964841306209564209e-01	3.396953344345092773e-01	1.878951638936996460e-01	-1.312275528907775879e-01	1.781534254550933838e-01
-3.831939101219177246e-01	1.277850121259689331e-01	9.516463428735733032e-02	-2.799999117851257324e-01	2.640909850597381592e-01	-2.448053210973739624e-01	-4.147666990756988525e-01	-2.790425419807434082e-01	-1.950600743293762207e-01	-5.759848952293395996e-01
-3.011794984340667725e-01	-1.630003601312637329e-01	1.617042720317840576e-02	6.425171494483947754e-01	2.522220909595489502e-01	-5.438688993453979492e-01	-2.487074583768844604e-02	3.078389540314674377e-02	3.295623958110809326e-01	6.714529357850551605e-03
-2.377736717462539673e-01	1.675288677215576172e-01	-8.849851787090301514e-02	-4.435991123318672180e-02	4.345489442348480225e-01	-2.634061276912689209e-01	-3.715161383152008057e-01	-4.918231666088104248e-01	-2.033154219388961792e-01	-4.755321741104125977e-01
-4.075691103935241699e-01	1.278354823589324951e-01	7.013195008039474487e-02	1.664545834064483643e-01	9.360925108194351196e-02	-6.340246796607971191e-01	3.169394433498382568e-01	-3.851688504219055176e-01	3.529811203479766846e-01	-2.772219292819499969e-02
-5.859175324440002441e-02	1.792480647563934326e-01	2.060984671115875244e-01	-4.592684209346771240e-01	2.976500988006591797e-01	-2.898589074611663818e-01	3.668158054351806641e-01	-3.364295959472656250e-01	1.429835706949234009e-01	5.198425650596618652e-01
-3.508542776107788086e-01	1.567045003175735474e-01	5.622634291648864746e-01	3.705605119466781616e-02	8.771260082721710205e-02	-1.761648058891296387e-01	1.639547348022460938e-01	-6.569935679435729980e-01	1.782657206058502197e-01	-7.618185877799987793e-02
-3.920745849609375000e-01	2.341846525669097900e-01	1.239242777228355408e-01	4.177394807338714600e-01	2.444262057542800903e-01	-2.684108316898345947e-01	-4.653650522232055664e-01	-3.864902257919311523e-01	-2.807001769542694092e-01	-1.582751572132110596e-01
-1.757465451955795288e-01	2.290601581335067749e-01	6.117407083511352539e-01	-5.484750494360923767e-02	6.275645573623478413e-04	-6.459991931915283203e-01	7.721077650785446167e-02	-2.559742033481597900e-01	-1.776432245969772339e-01	-1.380321085453033447e-01
-7.016104459762573242e-02	1.649694740772247314e-01	3.955670297145843506e-01	3.795685172080993652e-01	-2.542931959033012390e-02	-5.853292942047119141e-01	4.267221391201019287e-01	1.465909183025360107e-01	-2.852205634117126465e-01	1.978096514940261841e-01
-1.421956866979598999e-01	3.502277433872222900e-01	-1.542525589466094971e-01	-1.562103033065795898e-01	-2.518710494041442871e-01	-7.874221801757812500e-01	2.390196621417999268e-01	-1.065387669950723648e-02	-1.741521805524826050e-01	1.946276724338531494e-01
-5.892181396484375000e-01	4.215792715549468994e-01	2.336760759353637695e-01	2.043457329273223877e-01	1.473158001899719238e-01	-2.014281153678894043e-01	3.242504596710205078e-02	-1.500924080610275269e-01	-1.234685257077217102e-02	5.410401821136474609e-01
-3.619204163551330566e-01	-2.077906876802444458e-01	-3.180865943431854248e-01	-2.697974741458892822e-01	3.126029670238494873e-01	-2.720510661602020264e-01	1.763687729835510254e-01	2.759745121002197266e-01	3.998762071132659912e-01	4.614820778369903564e-01
-4.276734590530395508e-01	4.578125476837158203e-01	1.929765492677688599e-01	-1.290423981845378876e-02	3.021288514137268066e-01	-4.923478364944458008e-01	4.406963884830474854e-01	-1.145417243242263794e-01	1.620700806379318237e-01	-5.299592763185501099e-02
-3.120661079883575439e-01	3.722774088382720947e-01	3.332130908966064453e-01	-2.498563937842845917e-02	2.059838026762008667e-01	-2.567212283611297607e-01	1.361923515796661377e-01	-3.803716599941253662e-01	-2.848840057849884033e-01	5.473973751068115234e-01
-2.226920425891876221e-01	2.958377897739410400e-01	-1.629293151199817657e-02	-3.266415894031524658e-01	-1.960859447717666626e-02	-7.223987579345703125e-01	4.016233086585998535e-01	-1.475233435630798340e-01	2.001120895147323608e-01	-1.028310656547546387e-01
-2.075117230415344238e-01	-5.253074690699577332e-02	1.969316750764846802e-01	-5.519664883613586426e-01	3.329663574695587158e-01	-4.997132420539855957e-01	1.886549741029739380e-01	-9.287189692258834839e-02	-1.388097405433654785e-01	4.320491552352905273e-01
6.490523368120193481e-02	4.586455523967742920e-01	-2.533443570137023926e-01	-4.337951242923736572e-01	4.690227285027503967e-02	-5.006770491600036621e-01	-2.979372739791870117e-01	-4.347341060638427734e-01	3.825862333178520203e-02	-3.112066537141799927e-02
-3.130794465541839600e-01	2.292375117540359497e-01	3.377933502197265625e-01	7.169293239712715149e-03	-9.541277587413787842e-02	-6.842819452285766602e-01	7.648944854736328125e-02	-3.818285763263702393e-01	-2.146315574645996094e-01	-2.453973144292831421e-01
3.025751411914825439e-01	-2.422450184822082520e-01	-3.855733275413513184e-01	-3.112994134426116943e-01	2.221266180276870728e-01	9.434188716113567352e-03	4.388278722763061523e-01	9.071234613656997681e-02	7.349552214145660400e-02	5.903913378715515137e-01
-3.910344541072845459e-01	4.769819080829620361e-01	4.096432030200958252e-01	-2.421513050794601440e-01	3.530240356922149658e-01	3.018631637096405029e-01	-2.936616837978363037e-01	-2.912410497665405273e-01	-7.689473032951354980e-02	-2.041783370077610016e-02
-3.341688588261604309e-02	-4.907164350152015686e-02	-3.867415487766265869e-01	3.759658709168434143e-02	5.902761816978454590e-01	-2.591363787651062012e-01	3.350777328014373779e-01	-3.741599619388580322e-01	-3.852826058864593506e-01	-1.708788126707077026e-01
-3.200802505016326904e-01	3.345097899436950684e-01	-1.201504021883010864e-01	-4.244945943355560303e-01	3.569431006908416748e-01	-2.069777697324752808e-01	-1.042522490024566650e-01	-2.865991890430450439e-01	4.927216172218322754e-01	2.915297150611877441e-01
5.306773260235786438e-02	-1.850902289152145386e-01	1.111829951405525208e-01	1.644362211227416992e-01	-5.734345316886901855e-02	-4.085647165775299072e-01	2.117052525281906128e-01	-7.605006098747253418e-01	-1.803456991910934448e-01	3.124200701713562012e-01
-1.485170572996139526e-01	-7.747967541217803955e-02	2.752636373043060303e-01	-2.463116645812988281e-01	2.793352007865905762e-01	-4.509696066379547119e-01	5.693278908729553223e-01	7.419860363006591797e-02	2.604216635227203369e-01	-3.957767188549041748e-01
1.270065307617187500e-01	1.536315977573394775e-01	-6.758335977792739868e-03	2.006231546401977539e-01	-3.051545619964599609e-01	-6.012336611747741699e-01	-1.557898372411727905e-01	-5.986467003822326660e-01	-1.169682443141937256e-01	-2.627550065517425537e-01
2.880204319953918457e-01	2.015165239572525024e-01	-5.764616727828979492e-01	-7.885700464248657227e-02	-5.116438269615173340e-01	-6.530712544918060303e-02	-4.153759777545928955e-01	-1.883696913719177246e-01	1.078510954976081848e-01	2.284993231296539307e-01
-4.114475548267364502e-01	5.588107705116271973e-01	6.786078959703445435e-02	6.114041060209274292e-02	-2.946854196488857269e-02	-2.140675485134124756e-01	-2.986432313919067383e-01	-4.410743713378906250e-01	3.073180913925170898e-01	2.919347584247589111e-01
-3.331140056252479553e-02	5.645602345466613770e-01	-1.944772452116012573e-01	-4.349113702774047852e-01	8.599260449409484863e-02	-3.046133518218994141e-01	-4.334820806980133057e-01	-1.426312327384948730e-01	-1.660580337047576904e-01	-3.423199653625488281e-01
-4.618803039193153381e-02	2.479846477508544922e-01	-1.729239821434020996e-01	-2.242425978183746338e-01	-5.840240120887756348e-01	-2.674971818923950195e-01	2.598337531089782715e-01	-5.136787295341491699e-01	1.308980137109756470e-01	3.082701563835144043e-01
-3.240369260311126709e-01	3.770724311470985413e-02	-2.475593388080596924e-01	-3.053705692291259766e-01	3.944759070873260498e-02	-2.347804158926010132e-01	5.471168756484985352e-01	-4.248476624488830566e-01	-4.405270218849182129e-01	-9.201487898826599121e-02
2.347669005393981934e-01	5.526823997497558594e-01	-3.996041119098663330e-01	6.553012877702713013e-02	1.912032961845397949e-01	-1.544954776763916016e-01	2.121332287788391113e-02	-1.118453666567802429e-01	-4.996294677257537842e-01	-3.904258906841278076e-01
-3.372667133808135986e-01	6.777996569871902466e-02	-5.142406225204467773e-01	-8.125329762697219849e-02	3.534159809350967407e-02	-5.530693531036376953e-01	-1.407222896814346313e-01	-3.950161039829254150e-01	1.026280596852302551e-01	3.422043919563293457e-01
-3.153727054595947266e-01	5.989318490028381348e-01	-1.620611399412155151e-01	-3.515947163105010986e-01	-2.902197539806365967e-01	-1.315865069627761841e-01	1.709854155778884888e-01	-4.719592928886413574e-01	-1.898940503597259521e-01	-4.852145165205001831e-02
-4.956044256687164307e-01	-1.543326228857040405e-01	-4.765238612890243530e-02	5.617199540138244629e-01	2.588472366333007812e-01	-1.471254527568817139e-01	2.970622666180133820e-02	-5.547889471054077148e-01	1.135856658220291138e-01	5.034644901752471924e-02
-4.432923793792724609e-01	-3.552172482013702393e-01	2.992375195026397705e-01	-1.478570401668548584e-01	2.983748018741607666e-01	8.913302794098854065e-03	-3.078894615173339844e-01	-2.906709015369415283e-01	4.194912910461425781e-01	3.486291766166687012e-01
2.222895175218582153e-01	2.165212780237197876e-01	-4.032173156738281250e-01	-1.354162395000457764e-01	2.856312692165374756e-01	-4.699071124196052551e-02	6.939722299575805664e-01	-3.058376610279083252e-01	-2.522059977054595947e-01	-1.577878743410110474e-02
1.400592327117919922e-01	5.356211066246032715e-01	1.018923968076705933e-01	-4.011299908161163330e-01	-2.934218011796474457e-02	-5.268314853310585022e-02	-3.775328993797302246e-01	-1.666785031557083130e-02	-4.285520315170288086e-01	-4.382966458797454834e-01
-1.841847300529479980e-01	1.256086528301239014e-01	-1.541491895914077759e-01	1.440750211477279663e-01	5.362429618835449219e-01	2.624565362930297852e-01	3.159444332122802734e-01	-4.838962554931640625e-01	4.463922083377838135e-01	1.268718540668487549e-01
-2.874572873115539551e-01	5.723732709884643555e-01	3.012413084506988525e-01	-4.247418045997619629e-01	1.237227320671081543e-01	1.138627976179122925e-01	-4.700708091259002686e-01	-1.922800838947296143e-01	-1.760553866624832153e-01	3.740964829921722412e-02
1.225676760077476501e-01	3.538975417613983154e-01	1.711670309305191040e-01	-1.367889344692230225e-01	1.958246976137161255e-01	-3.487692214548587799e-03	2.488094419240951538e-01	-7.547492980957031250e-01	3.668033480644226074e-01	-8.524943888187408447e-02
7.031459361314773560e-02	1.306127905845642090e-01	-2.644109427928924561e-01	-4.128528386354446411e-02	4.988996386528015137e-01	-3.729914128780364990e-01	4.715973138809204102e-01	-4.685891270637512207e-01	2.760856747627258301e-01	-1.232481934130191803e-02
-1.850697249174118042e-01	-5.414988100528717041e-02	1.120811849832534790e-01	-1.975964307785034180e-01	7.636048197746276855e-01	-8.610411733388900757e-02	-2.031891196966171265e-01	-4.454598426818847656e-01	1.043136492371559143e-01	2.647688686847686768e-01
3.294429481029510498e-01	-3.131416440010070801e-01	-2.627942711114883423e-02	1.927486658096313477e-01	8.026720583438873291e-02	-2.617737054824829102e-01	5.303822755813598633e-01	-6.011577844619750977e-01	3.242524340748786926e-02	1.919666677713394165e-01
-4.083458483219146729e-01	-2.354672998189926147e-01	2.714822590351104736e-01	-2.905115187168121338e-01	2.829658389091491699e-01	3.874712884426116943e-01	1.319306790828704834e-01	-3.219397962093353271e-01	3.480470776557922363e-01	3.838201463222503662e-01
6.624007970094680786e-02	4.834891259670257568e-01	2.293486148118972778e-01	3.262678533792495728e-02	1.109642386436462402e-01	-6.421407312154769897e-02	-4.984701275825500488e-01	-4.852662980556488037e-01	-2.112380266189575195e-01	-4.039447903633117676e-01
6.953606382012367249e-03	-3.537431359291076660e-01	-2.292545586824417114e-01	-1.065378785133361816e-01	5.746071934700012207e-01	5.135674476623535156e-01	7.339911907911300659e-02	-2.815861105918884277e-01	-1.762982904911041260e-01	3.181591928005218506e-01
-6.500057131052017212e-02	-2.977991402149200439e-01	-4.988178312778472900e-01	4.901362955570220947e-01	-1.594405770301818848e-01	-3.677405416965484619e-01	3.762893006205558777e-02	-3.695959746837615967e-01	4.420737549662590027e-02	3.426542878150939941e-01
-2.863544225692749023e-01	8.659141510725021362e-02	-2.539904117584228516e-01	1.291343290358781815e-02	-6.338373571634292603e-02	6.385064125061035156e-02	-2.550308704376220703e-01	-8.473287224769592285e-01	1.481541395187377930e-01	1.810368448495864868e-01
-1.846624463796615601e-01	9.811390191316604614e-03	-3.544076085090637207e-01	-1.995372921228408813e-01	1.283391565084457397e-01	-3.464547991752624512e-01	1.103819683194160461e-01	-7.269437909126281738e-01	-1.130968779325485229e-01	3.323542475700378418e-01
-4.344906806945800781e-01	-3.150911927223205566e-01	-1.078338995575904846e-01	-1.568551957607269287e-01	-2.282035797834396362e-01	3.206433653831481934e-01	3.456444740295410156e-01	-3.594402968883514404e-01	1.882645785808563232e-01	4.865221679210662842e-01
-1.042304411530494690e-01	1.858349293470382690e-01	-2.882090210914611816e-02	-2.778861522674560547e-01	-1.762709468603134155e-01	-2.744760736823081970e-02	6.165970861911773682e-02	-7.452700734138488770e-01	-1.219547092914581299e-01	5.202143788337707520e-01
-2.008422315120697021e-01	3.817378878593444824e-01	2.780522108078002930e-01	-1.289973855018615723e-01	-3.348784744739532471e-01	-3.415570408105850220e-02	-3.766134083271026611e-01	-2.456637024879455566e-01	-2.424043864011764526e-01	-5.879854559898376465e-01
-1.287772357463836670e-01	-3.565334081649780273e-01	-6.249914169311523438e-01	3.439562320709228516e-01	9.108754247426986694e-02	3.567063808441162109e-01	2.254418730735778809e-01	-1.382740885019302368e-01	2.988784611225128174e-01	2.292849719524383545e-01
3.814911097288131714e-02	2.889548540115356445e-01	2.972967028617858887e-01	2.673835158348083496e-01	-2.210117876529693604e-01	-3.819804489612579346e-01	2.824545502662658691e-01	-4.725463092327117920e-01	-2.398375868797302246e-01	-4.470039010047912598e-01
1.451892852783203125e-01	-3.085680902004241943e-01	-3.495816290378570557e-01	-2.206121236085891724e-01	2.236882448196411133e-01	2.406378090381622314e-01	5.205222368240356445e-01	-1.565418094396591187e-01	-2.062881924211978912e-02	5.558880567550659180e-01
1.218359693884849548e-01	2.117277681827545166e-01	-7.039186358451843262e-01	-9.465826675295829773e-03	-2.444933652877807617e-01	-1.115508079528808594e-01	5.737857222557067871e-01	-1.418555527925491333e-01	-4.821512848138809204e-02	1.443536132574081421e-01
2.646543681621551514e-01	4.123655259609222412e-01	-3.817189335823059082e-01	-5.077667832374572754e-01	-2.917149662971496582e-01	4.734877869486808777e-02	4.395497143268585205e-01	-4.029699484817683697e-04	1.841195225715637207e-01	2.047750502824783325e-01
-3.899892792105674744e-02	4.040326476097106934e-01	-6.362267732620239258e-01	1.046652048826217651e-01	3.334054052829742432e-01	2.547427415847778320e-01	2.515980005264282227e-01	-1.369538903236389160e-01	3.470366299152374268e-01	2.023655474185943604e-01
-2.504234611988067627e-01	1.415688842535018921e-01	-2.897180020809173584e-01	1.945935785770416260e-01	-2.110949307680130005e-01	-6.074572727084159851e-02	5.474482178688049316e-01	-5.649413466453552246e-01	3.556458055973052979e-01	4.301045835018157959e-02
1.964405030012130737e-01	2.639467455446720123e-02	2.190106660127639771e-01	-5.115329623222351074e-01	2.309056222438812256e-01	3.226316869258880615e-01	4.652154147624969482e-01	-4.505114853382110596e-01	-6.570250540971755981e-02	-2.645207345485687256e-01
-5.525517091155052185e-02	-7.245137356221675873e-03	1.731522530317306519e-01	2.226544469594955444e-01	3.697317838668823242e-01	3.536759912967681885e-01	2.231903374195098877e-01	-6.677483916282653809e-01	-3.374641537666320801e-01	2.143955528736114502e-01
-1.816805601119995117e-01	6.926831603050231934e-02	2.128138095140457153e-01	2.292368412017822266e-01	3.946563228964805603e-02	3.542662858963012695e-01	2.662607729434967041e-01	-7.440305352210998535e-01	-1.136854961514472961e-01	3.160571157932281494e-01
-2.142099738121032715e-01	-5.700909495353698730e-01	-1.804232150316238403e-01	4.203771352767944336e-01	1.023237630724906921e-01	1.639728993177413940e-02	-2.774078249931335449e-01	-5.643504261970520020e-01	-2.088926918804645538e-02	1.149741187691688538e-01
-3.526062071323394775e-01	-1.889356225728988647e-01	7.679540663957595825e-02	-2.369795590639114380e-01	-2.652613818645477295e-01	4.685249328613281250e-01	-3.872379064559936523e-01	-4.719520509243011475e-01	3.361403346061706543e-01	4.851480573415756226e-02
-5.669458210468292236e-02	-2.900136709213256836e-01	-3.544384539127349854e-01	2.856903970241546631e-01	-3.128136321902275085e-02	3.929442763328552246e-01	-1.642777770757675171e-01	-5.632936954498291016e-01	6.107386946678161621e-02	4.494791328907012939e-01
-2.328021675348281860e-01	-3.048759996891021729e-01	-4.898841381072998047e-01	1.204946041107177734e-01	4.006890654563903809e-01	-3.752854466438293457e-02	-2.841252386569976807e-01	-1.522855460643768311e-01	-1.598347872495651245e-01	5.540062785148620605e-01
-2.409479580819606781e-02	8.919703215360641479e-02	-5.459917783737182617e-01	-8.560630679130554199e-02	-1.342526823282241821e-01	4.144313335418701172e-01	-1.549858301877975464e-01	-5.053050518035888672e-01	2.870387956500053406e-02	4.648364186286926270e-01
-1.961394995450973511e-01	4.203865528106689453e-01	-1.562252361327409744e-02	1.553853601217269897e-01	-9.299832582473754883e-02	3.529965281486511230e-01	-5.844110995531082153e-02	-7.144454121589660645e-01	2.618809938430786133e-01	2.114977836608886719e-01
-2.199718356132507324e-01	3.130943700671195984e-02	-5.571541786193847656e-01	1.049409508705139160e-01	-4.598302543163299561e-01	1.273708492517471313e-01	-1.570087224245071411e-01	-5.284769535064697266e-01	9.877845644950866699e-02	-2.963693141937255859e-01
-1.147766411304473877e-01	3.894302994012832642e-02	-3.421098291873931885e-01	2.119117677211761475e-01	3.646528124809265137e-01	4.947651624679565430e-01	8.576498180627822876e-02	-6.523081660270690918e-01	-1.041953265666961670e-01	4.337702319025993347e-02
3.878977298736572266e-01	2.570858299732208252e-01	-5.915164351463317871e-01	-1.077159121632575989e-01	4.095653593540191650e-01	-1.955932676792144775e-01	2.250832915306091309e-01	-2.108220569789409637e-02	-3.775131702423095703e-01	1.494127660989761353e-01
2.832565307617187500e-01	-1.763845831155776978e-01	-5.550013184547424316e-01	6.910681724548339844e-02	-1.530643999576568604e-01	-2.107183337211608887e-01	6.665133833885192871e-01	-1.621099859476089478e-01	9.689813852310180664e-02	1.676666289567947388e-01
1.716729700565338135e-01	2.233500927686691284e-01	-3.590437471866607666e-01	-4.609081745147705078e-01	-3.854821622371673584e-01	-1.481894701719284058e-01	5.696685910224914551e-01	-1.348809003829956055e-01	-1.500036418437957764e-01	-2.086178511381149292e-01
-5.163976550102233887e-01	9.770403057336807251e-02	-3.889220058917999268e-01	3.418315947055816650e-01	1.552476137876510620e-01	6.589930504560470581e-03	4.653410911560058594e-01	-1.904017105698585510e-02	-4.545882344245910645e-01	8.931756764650344849e-02
3.534964323043823242e-01	-2.081247121095657349e-01	-1.209599524736404419e-01	-4.098235666751861572e-01	3.890778720378875732e-01	-2.362055480480194092e-01	5.139358639717102051e-01	3.326894715428352356e-02	-2.183543145656585693e-01	3.592316210269927979e-01
-1.535153854638338089e-02	5.019819140434265137e-01	6.634745746850967407e-02	-4.931337237358093262e-01	4.846169054508209229e-01	2.969234287738800049e-01	2.195426970720291138e-01	4.951425269246101379e-02	2.546095252037048340e-01	2.483985275030136108e-01
3.288172930479049683e-02	-4.490320980548858643e-01	-1.777547597885131836e-01	-3.157065808773040771e-01	6.462492346763610840e-01	6.295436620712280273e-02	7.812820374965667725e-02	-2.088189721107482910e-01	4.252570271492004395e-01	1.177593171596527100e-01
-2.566083371639251709e-01	5.516679883003234863e-01	5.018301773816347122e-03	4.727703332901000977e-01	2.676040828227996826e-01	2.941403388977050781e-01	-1.269834339618682861e-01	-4.465540647506713867e-01	1.174261868000030518e-01	-1.371964812278747559e-01
3.153905272483825684e-01	5.540977716445922852e-01	-4.559519588947296143e-01	-3.768151625990867615e-02	3.268351405858993530e-02	-2.005672007799148560e-01	-3.923142850399017334e-01	1.035228818655014038e-01	-4.221961796283721924e-01	-4.444720689207315445e-03
3.692194521427154541e-01	-3.211258947849273682e-01	-9.744808077812194824e-02	-1.765525341033935547e-01	-1.478844434022903442e-01	2.249873876571655273e-01	-1.500227898359298706e-01	-3.341048657894134521e-01	2.993210852146148682e-01	6.509017348289489746e-01
4.359636604785919189e-01	-3.885524272918701172e-01	-1.158391013741493225e-01	-3.461650311946868896e-01	1.948847770690917969e-01	3.499384522438049316e-01	3.640438616275787354e-01	-4.434323608875274658e-01	-4.698982834815979004e-02	1.841425150632858276e-01
5.330353602766990662e-02	3.437680304050445557e-01	-2.130489051342010498e-01	-5.559095144271850586e-01	-1.926014423370361328e-01	3.157860040664672852e-01	-1.514087766408920288e-01	-4.396180212497711182e-01	-6.550499796867370605e-02	4.089762270450592041e-01
-5.604856088757514954e-02	1.025095358490943909e-01	-1.387445256114006042e-02	-1.764514595270156860e-01	5.295887589454650879e-02	5.320339798927307129e-01	-2.386121004819869995e-01	-6.548811197280883789e-01	-2.310083620250225067e-02	4.275736808776855469e-01
-2.971839606761932373e-01	4.232707917690277100e-01	2.632515728473663330e-01	-2.385894209146499634e-01	4.581927955150604248e-01	3.191171884536743164e-01	-5.273724794387817383e-01	-1.010508239269256592e-01	-2.435280382633209229e-02	7.479756325483322144e-02
3.122133910655975342e-01	-1.507676392793655396e-01	-2.403512746095657349e-01	-4.349820315837860107e-01	-2.350170463323593140e-01	8.293601870536804199e-02	1.018606424331665039e-01	-6.342493891716003418e-01	-3.215748667716979980e-01	2.337612658739089966e-01
7.303608953952789307e-02	-1.063174158334732056e-01	-3.917746245861053467e-01	-3.105201944708824158e-02	2.319792509078979492e-01	3.012132644653320312e-01	-5.278718098998069763e-02	-7.339021563529968262e-01	-3.056312203407287598e-01	2.226155102252960205e-01
-2.630149722099304199e-01	6.857011914253234863e-01	3.690100014209747314e-01	2.776557207107543945e-02	-9.978374093770980835e-02	2.125200629234313965e-01	-2.687917649745941162e-01	-1.826744824647903442e-01	1.010804176330566406e-01	3.908195197582244873e-01
-4.506074488162994385e-01	-4.566000103950500488e-01	-1.668417006731033325e-01	-2.271906733512878418e-01	-2.401361614465713501e-01	2.271077781915664673e-01	5.525795221328735352e-01	-8.312996476888656616e-02	5.982616171240806580e-02	2.897246778011322021e-01
4.288730323314666748e-01	-2.875283658504486084e-01	-1.110662370920181274e-01	3.157921731472015381e-01	3.375196456909179688e-01	3.229945302009582520e-01	2.474379390478134155e-01	-4.758756756782531738e-01	-6.995346397161483765e-02	-3.324352204799652100e-01
-4.685747623443603516e-01	-1.676365137100219727e-01	3.168029189109802246e-01	4.433870613574981689e-01	-2.529132366180419922e-01	-2.193982712924480438e-02	-2.269757986068725586e-01	-4.721836149692535400e-01	-2.363467663526535034e-01	-2.461661845445632935e-01
-3.308982253074645996e-01	2.757934927940368652e-01	-8.189685642719268799e-02	-1.300923824310302734e-01	9.796311706304550171e-02	3.696287870407104492e-01	2.228720933198928833e-01	-6.604164838790893555e-01	-2.318030297756195068e-01	3.240932822227478027e-01
-4.310851991176605225e-01	4.632612168788909912e-01	-5.245232582092285156e-01	1.557712852954864502e-01	2.292603105306625366e-01	-1.729105859994888306e-01	-2.660391628742218018e-01	-3.701810240745544434e-01	8.689188957214355469e-02	4.843447729945182800e-02
3.645849823951721191e-01	4.794615805149078369e-01	4.821172915399074554e-03	1.450095772743225098e-01	4.782235622406005859e-02	-6.666538864374160767e-02	5.886412262916564941e-01	-4.380463063716888428e-01	-2.656176686286926270e-01	-2.182777598500251770e-02
4.081696867942810059e-01	4.897207617759704590e-01	1.489717513322830200e-01	2.013448327779769897e-01	-4.950847476720809937e-02	4.055606722831726074e-01	3.869099318981170654e-01	-9.874965995550155640e-02	-2.833672761917114258e-01	3.523640036582946777e-01
6.598809361457824707e-02	6.572481244802474976e-02	1.100675761699676514e-02	4.119570553302764893e-02	4.637106955051422119e-01	5.965819358825683594e-01	1.012860313057899475e-01	-5.214835405349731445e-01	5.226822942495346069e-02	3.655599653720855713e-01
-2.209576033055782318e-02	6.228193044662475586e-01	-1.851574927568435669e-01	2.286352962255477905e-01	-3.477936089038848877e-01	4.045727849006652832e-01	-3.713942170143127441e-01	-5.487043783068656921e-02	-1.994890123605728149e-01	2.442758828401565552e-01
6.453201919794082642e-02	-4.936784803867340088e-01	-4.066423177719116211e-01	-1.228358000516891479e-01	2.125508636236190796e-01	8.079195022583007812e-02	2.060720622539520264e-01	-1.659044623374938965e-01	-6.609673500061035156e-01	1.144451349973678589e-01
-2.792357206344604492e-01	1.878043860197067261e-01	-3.600295782089233398e-01	1.295135021209716797e-01	5.466212034225463867e-01	2.927397787570953369e-01	-2.930395305156707764e-01	-3.951362371444702148e-01	-2.468049675226211548e-01	2.301156371831893921e-01
-8.068205416202545166e-02	2.075520753860473633e-01	-1.660964190959930420e-01	-1.733342111110687256e-01	-1.454846709966659546e-01	2.936533987522125244e-01	-1.397726237773895264e-01	-7.874308228492736816e-01	-1.115306988358497620e-01	3.651836514472961426e-01
-1.749440729618072510e-01	3.535315990447998047e-01	-3.578443825244903564e-01	-6.269910931587219238e-01	-1.892690658569335938e-01	-1.464294195175170898e-01	2.385720908641815186e-01	-2.694347202777862549e-01	5.959871411323547363e-02	3.645703196525573730e-01
-1.083011925220489502e-01	6.263233423233032227e-01	4.346193373203277588e-02	-1.542387306690216064e-01	2.643434107303619385e-01	2.943574786186218262e-01	-5.232534408569335938e-01	-1.452212482690811157e-01	1.665127724409103394e-01	3.019564151763916016e-01
1.620248258113861084e-01	2.336666136980056763e-01	-4.438520967960357666e-01	-3.027130365371704102e-01	-2.374824285507202148e-01	-1.406691372394561768e-01	-1.132986396551132202e-01	-6.083227992057800293e-01	1.946750432252883911e-01	3.654185831546783447e-01
-9.615750610828399658e-02	6.376288086175918579e-02	1.277908980846405029e-01	2.293755561113357544e-01	-1.061753556132316589e-01	-6.000622734427452087e-02	-6.047702431678771973e-01	-5.900593996047973633e-01	-4.345984458923339844e-01	8.797979913651943207e-03
-2.628651857376098633e-01	6.971078515052795410e-01	1.853737980127334595e-01	-1.241447404026985168e-02	1.122981235384941101e-01	1.345768719911575317e-01	-5.409143567085266113e-01	-1.599159240722656250e-01	-2.195833772420883179e-01	-1.154330819845199585e-01
